2026-03-19 13:03:47,581 INFO Local index wiki_full_l did not exist.
2026-03-19 13:03:47,653 INFO Created index wiki_full_l on destination.
2026-03-19 13:03:48,019 INFO Remote has 25,558,768 docs. Starting transfer with 8 workers.
2026-03-19 13:04:03,025 INFO Progress | batches=0 | indexed=0/25,558,768 (0.0%) | failed=0 | rate=0/s | ETA=0:00:00
2026-03-19 13:04:18,031 INFO Progress | batches=0 | indexed=0/25,558,768 (0.0%) | failed=0 | rate=0/s | ETA=0:00:00
2026-03-19 13:04:28,143 INFO Worker 5 scroll opened (slice 5/8).
2026-03-19 13:04:31,584 INFO Worker 7 scroll opened (slice 7/8).
2026-03-19 13:04:33,033 INFO Progress | batches=2 | indexed=4,000/25,558,768 (0.0%) | failed=0 | rate=89/s | ETA=3 days, 7:53:00
2026-03-19 13:04:35,719 INFO Worker 6 scroll opened (slice 6/8).
2026-03-19 13:04:41,167 INFO Worker 2 scroll opened (slice 2/8).
2026-03-19 13:04:48,039 INFO Progress | batches=5 | indexed=10,000/25,558,768 (0.0%) | failed=0 | rate=167/s | ETA=1 day, 18:35:42
2026-03-19 13:04:49,357 INFO Worker 1 scroll opened (slice 1/8).
2026-03-19 13:04:50,741 INFO Worker 3 scroll opened (slice 3/8).
2026-03-19 13:04:56,064 INFO Worker 4 scroll opened (slice 4/8).
2026-03-19 13:05:03,041 INFO Progress | batches=9 | indexed=18,000/25,558,768 (0.1%) | failed=0 | rate=240/s | ETA=1 day, 5:34:11
2026-03-19 13:05:04,339 INFO Worker 0 scroll opened (slice 0/8).
2026-03-19 13:05:18,042 INFO Progress | batches=12 | indexed=24,000/25,558,768 (0.1%) | failed=0 | rate=267/s | ETA=1 day, 2:36:19
2026-03-19 13:05:33,046 INFO Progress | batches=17 | indexed=34,000/25,558,768 (0.1%) | failed=0 | rate=324/s | ETA=21:54:06
2026-03-19 13:05:48,051 INFO Progress | batches=21 | indexed=42,000/25,558,768 (0.2%) | failed=0 | rate=350/s | ETA=20:15:24
2026-03-19 13:06:03,057 INFO Progress | batches=23 | indexed=46,000/25,558,768 (0.2%) | failed=0 | rate=341/s | ETA=20:48:15
2026-03-19 13:06:18,062 INFO Progress | batches=24 | indexed=48,000/25,558,768 (0.2%) | failed=0 | rate=320/s | ETA=22:09:04
2026-03-19 13:06:33,066 INFO Progress | batches=29 | indexed=58,000/25,558,768 (0.2%) | failed=0 | rate=351/s | ETA=20:09:25
2026-03-19 13:21:09,598 INFO Checkpoint found: safe_resume_id=500
2026-03-19 13:21:09,599 INFO Checkpoint found: safe_resume_id=800
2026-03-19 13:21:09,599 INFO Checkpoint found: safe_resume_id=800
2026-03-19 13:21:09,599 INFO Checkpoint found: safe_resume_id=1500
2026-03-19 13:23:10,700 INFO Checkpoint cleared.
2026-03-19 13:23:10,793 INFO Deleted local index wiki_full_l.
2026-03-19 13:23:10,908 INFO Created index wiki_full_l on destination.
2026-03-19 13:23:11,362 INFO Remote has 25,558,768 docs. Starting transfer with 6 workers.
2026-03-19 13:23:15,412 INFO Interrupted. Checkpoint saved. Re-run to resume.
2026-03-19 13:23:15,424 INFO Transfer complete. local=0/25,558,768 | failed=0 | time=0:00:04
2026-03-19 13:23:15,424 WARNING 25558768 docs missing. Re-run to resume from checkpoint.
2026-03-19 13:23:37,847 INFO Deleted local index wiki_full_l.
2026-03-19 13:23:37,936 INFO Created index wiki_full_l on destination.
2026-03-19 13:23:38,308 INFO Remote has 25,558,768 docs. Starting transfer with 8 workers.
2026-03-19 13:23:53,310 INFO Progress | batches=0 | indexed=0/25,558,768 (0.0%) | failed=0 | rate=0/s | ETA=0:00:00
2026-03-19 13:24:07,840 INFO Worker 2 scroll opened (slice 2/8).
2026-03-19 13:24:08,314 INFO Progress | batches=0 | indexed=0/25,558,768 (0.0%) | failed=0 | rate=0/s | ETA=0:00:00
2026-03-19 13:24:12,562 INFO Worker 0 scroll opened (slice 0/8).
2026-03-19 13:24:12,974 INFO Worker 5 scroll opened (slice 5/8).
2026-03-19 13:24:15,704 INFO Worker 3 scroll opened (slice 3/8).
2026-03-19 13:24:23,319 INFO Progress | batches=4 | indexed=8,000/25,558,768 (0.0%) | failed=0 | rate=178/s | ETA=1 day, 15:55:59
2026-03-19 13:24:26,174 INFO Worker 4 scroll opened (slice 4/8).
2026-03-19 13:24:26,338 INFO Worker 6 scroll opened (slice 6/8).
2026-03-19 13:24:27,103 INFO Worker 1 scroll opened (slice 1/8).
2026-03-19 13:24:33,491 INFO Worker 7 scroll opened (slice 7/8).
2026-03-19 13:24:38,325 INFO Progress | batches=9 | indexed=18,000/25,558,768 (0.1%) | failed=0 | rate=300/s | ETA=23:39:19
2026-03-19 13:24:53,327 INFO Progress | batches=12 | indexed=24,000/25,558,768 (0.1%) | failed=0 | rate=320/s | ETA=22:10:16
2026-03-19 13:25:08,328 INFO Progress | batches=17 | indexed=34,000/25,558,768 (0.1%) | failed=0 | rate=378/s | ETA=18:46:20
2026-03-19 13:25:23,334 INFO Progress | batches=20 | indexed=40,000/25,558,768 (0.2%) | failed=0 | rate=381/s | ETA=18:36:43
2026-03-19 13:25:38,339 INFO Progress | batches=23 | indexed=46,000/25,558,768 (0.2%) | failed=0 | rate=383/s | ETA=18:29:32
2026-03-19 13:25:53,345 INFO Progress | batches=27 | indexed=54,000/25,558,768 (0.2%) | failed=0 | rate=400/s | ETA=17:42:59
2026-03-19 13:26:08,348 INFO Progress | batches=30 | indexed=60,000/25,558,768 (0.2%) | failed=0 | rate=400/s | ETA=17:42:43
2026-03-19 13:26:23,353 INFO Progress | batches=35 | indexed=70,000/25,558,768 (0.3%) | failed=0 | rate=424/s | ETA=16:41:37
2026-03-19 13:26:38,359 INFO Progress | batches=37 | indexed=74,000/25,558,768 (0.3%) | failed=0 | rate=411/s | ETA=17:13:27
2026-03-19 13:26:53,392 INFO Progress | batches=42 | indexed=84,000/25,558,768 (0.3%) | failed=0 | rate=431/s | ETA=16:26:03
2026-03-19 13:27:08,417 INFO Progress | batches=46 | indexed=92,000/25,558,768 (0.4%) | failed=0 | rate=438/s | ETA=16:09:20
2026-03-19 13:27:23,420 INFO Progress | batches=51 | indexed=102,000/25,558,768 (0.4%) | failed=0 | rate=453/s | ETA=15:36:22
2026-03-19 13:27:38,426 INFO Progress | batches=55 | indexed=110,000/25,558,768 (0.4%) | failed=0 | rate=458/s | ETA=15:25:51
2026-03-19 13:27:53,810 INFO Progress | batches=57 | indexed=114,000/25,558,768 (0.4%) | failed=0 | rate=446/s | ETA=15:50:28
2026-03-19 13:28:08,834 INFO Progress | batches=62 | indexed=124,000/25,558,768 (0.5%) | failed=0 | rate=458/s | ETA=15:24:50
2026-03-19 13:28:23,840 INFO Progress | batches=66 | indexed=132,000/25,558,768 (0.5%) | failed=0 | rate=462/s | ETA=15:16:41
2026-03-19 13:28:38,844 INFO Progress | batches=69 | indexed=138,000/25,558,768 (0.5%) | failed=0 | rate=459/s | ETA=15:22:41
2026-03-19 13:28:53,850 INFO Progress | batches=75 | indexed=150,000/25,558,768 (0.6%) | failed=0 | rate=475/s | ETA=14:50:50
2026-03-19 13:29:08,856 INFO Progress | batches=77 | indexed=154,000/25,558,768 (0.6%) | failed=0 | rate=466/s | ETA=15:08:49
2026-03-19 13:29:23,857 INFO Progress | batches=82 | indexed=164,000/25,558,768 (0.6%) | failed=0 | rate=475/s | ETA=14:51:46
2026-03-19 13:29:38,867 INFO Progress | batches=86 | indexed=172,000/25,558,768 (0.7%) | failed=0 | rate=477/s | ETA=14:46:57
2026-03-19 13:29:53,919 INFO Progress | batches=89 | indexed=178,000/25,558,768 (0.7%) | failed=0 | rate=474/s | ETA=14:52:37
2026-03-19 13:30:08,952 INFO Progress | batches=92 | indexed=184,000/25,558,768 (0.7%) | failed=0 | rate=471/s | ETA=14:57:52
2026-03-19 13:30:23,959 INFO Progress | batches=96 | indexed=192,000/25,558,768 (0.8%) | failed=0 | rate=473/s | ETA=14:53:14
2026-03-19 13:30:38,962 INFO Progress | batches=98 | indexed=196,000/25,558,768 (0.8%) | failed=0 | rate=466/s | ETA=15:07:13
2026-03-19 13:30:53,965 INFO Progress | batches=102 | indexed=204,000/25,558,768 (0.8%) | failed=0 | rate=468/s | ETA=15:02:26
2026-03-19 13:31:08,971 INFO Progress | batches=106 | indexed=212,000/25,558,768 (0.8%) | failed=0 | rate=470/s | ETA=14:58:01
2026-03-19 13:31:23,982 INFO Progress | batches=109 | indexed=218,000/25,558,768 (0.9%) | failed=0 | rate=468/s | ETA=15:02:10
2026-03-19 13:31:38,993 INFO Progress | batches=113 | indexed=226,000/25,558,768 (0.9%) | failed=0 | rate=470/s | ETA=14:58:00
2026-03-19 13:31:54,001 INFO Progress | batches=117 | indexed=234,000/25,558,768 (0.9%) | failed=0 | rate=472/s | ETA=14:54:06
2026-03-19 13:32:09,075 INFO Progress | batches=119 | indexed=238,000/25,558,768 (0.9%) | failed=0 | rate=466/s | ETA=15:05:40
2026-03-19 13:32:24,099 INFO Progress | batches=126 | indexed=252,000/25,558,768 (1.0%) | failed=0 | rate=479/s | ETA=14:40:01
2026-03-19 13:32:39,110 INFO Progress | batches=129 | indexed=258,000/25,558,768 (1.0%) | failed=0 | rate=477/s | ETA=14:43:53
2026-03-19 13:32:54,120 INFO Progress | batches=132 | indexed=264,000/25,558,768 (1.0%) | failed=0 | rate=475/s | ETA=14:47:34
2026-03-19 13:33:09,123 INFO Progress | batches=136 | indexed=272,000/25,558,768 (1.1%) | failed=0 | rate=477/s | ETA=14:44:26
2026-03-19 13:33:24,132 INFO Progress | batches=141 | indexed=282,000/25,558,768 (1.1%) | failed=0 | rate=481/s | ETA=14:35:09
2026-03-19 13:33:39,141 INFO Progress | batches=142 | indexed=284,000/25,558,768 (1.1%) | failed=0 | rate=473/s | ETA=14:51:11
2026-03-19 13:33:54,151 INFO Progress | batches=148 | indexed=296,000/25,558,768 (1.2%) | failed=0 | rate=481/s | ETA=14:36:00
2026-03-19 13:34:09,155 INFO Progress | batches=150 | indexed=300,000/25,558,768 (1.2%) | failed=0 | rate=476/s | ETA=14:45:14
2026-03-19 13:34:24,158 INFO Progress | batches=154 | indexed=308,000/25,558,768 (1.2%) | failed=0 | rate=477/s | ETA=14:42:28
2026-03-19 13:34:39,161 INFO Progress | batches=157 | indexed=314,000/25,558,768 (1.2%) | failed=0 | rate=475/s | ETA=14:45:30
2026-03-19 13:34:54,163 INFO Progress | batches=161 | indexed=322,000/25,558,768 (1.3%) | failed=0 | rate=476/s | ETA=14:42:50
2026-03-19 13:35:09,167 INFO Progress | batches=165 | indexed=330,000/25,558,768 (1.3%) | failed=0 | rate=478/s | ETA=14:40:16
2026-03-19 13:35:24,178 INFO Progress | batches=169 | indexed=338,000/25,558,768 (1.3%) | failed=0 | rate=479/s | ETA=14:37:50
2026-03-19 13:35:39,182 INFO Progress | batches=173 | indexed=346,000/25,558,768 (1.4%) | failed=0 | rate=480/s | ETA=14:35:29
2026-03-19 13:35:54,195 INFO Progress | batches=176 | indexed=352,000/25,558,768 (1.4%) | failed=0 | rate=478/s | ETA=14:38:16
2026-03-19 13:36:09,208 INFO Progress | batches=178 | indexed=356,000/25,558,768 (1.4%) | failed=0 | rate=474/s | ETA=14:45:59
2026-03-19 13:36:24,218 INFO Progress | batches=183 | indexed=366,000/25,558,768 (1.4%) | failed=0 | rate=478/s | ETA=14:38:39
2026-03-19 13:36:39,220 INFO Progress | batches=188 | indexed=376,000/25,558,768 (1.5%) | failed=0 | rate=481/s | ETA=14:31:41
2026-03-19 13:36:54,225 INFO Progress | batches=191 | indexed=382,000/25,558,768 (1.5%) | failed=0 | rate=480/s | ETA=14:34:17
2026-03-19 13:37:09,289 INFO Progress | batches=193 | indexed=386,000/25,558,768 (1.5%) | failed=0 | rate=476/s | ETA=14:41:27
2026-03-19 13:37:24,322 INFO Progress | batches=198 | indexed=396,000/25,558,768 (1.5%) | failed=0 | rate=479/s | ETA=14:34:46
2026-03-19 13:37:39,330 INFO Progress | batches=203 | indexed=406,000/25,558,768 (1.6%) | failed=0 | rate=483/s | ETA=14:28:23
2026-03-19 13:37:54,393 INFO Progress | batches=206 | indexed=412,000/25,558,768 (1.6%) | failed=0 | rate=481/s | ETA=14:30:51
2026-03-19 13:38:09,412 INFO Progress | batches=209 | indexed=418,000/25,558,768 (1.6%) | failed=0 | rate=480/s | ETA=14:33:12
2026-03-19 13:38:24,421 INFO Progress | batches=212 | indexed=424,000/25,558,768 (1.7%) | failed=0 | rate=478/s | ETA=14:35:28
2026-03-19 13:38:39,423 INFO Progress | batches=214 | indexed=428,000/25,558,768 (1.7%) | failed=0 | rate=475/s | ETA=14:41:50
2026-03-19 13:38:54,430 INFO Progress | batches=218 | indexed=436,000/25,558,768 (1.7%) | failed=0 | rate=476/s | ETA=14:39:47
2026-03-19 13:39:09,441 INFO Progress | batches=222 | indexed=444,000/25,558,768 (1.7%) | failed=0 | rate=477/s | ETA=14:37:49
2026-03-19 13:39:24,452 INFO Progress | batches=227 | indexed=454,000/25,558,768 (1.8%) | failed=0 | rate=480/s | ETA=14:31:58
2026-03-19 13:39:39,454 INFO Progress | batches=231 | indexed=462,000/25,558,768 (1.8%) | failed=0 | rate=481/s | ETA=14:30:11
2026-03-19 13:39:54,456 INFO Progress | batches=233 | indexed=466,000/25,558,768 (1.8%) | failed=0 | rate=477/s | ETA=14:36:02
2026-03-19 13:40:09,458 INFO Progress | batches=236 | indexed=472,000/25,558,768 (1.8%) | failed=0 | rate=476/s | ETA=14:37:59
2026-03-19 13:40:24,462 INFO Progress | batches=242 | indexed=484,000/25,558,768 (1.9%) | failed=0 | rate=481/s | ETA=14:28:46
2026-03-19 13:40:39,470 INFO Progress | batches=245 | indexed=490,000/25,558,768 (1.9%) | failed=0 | rate=480/s | ETA=14:30:43
2026-03-19 13:40:54,480 INFO Progress | batches=247 | indexed=494,000/25,558,768 (1.9%) | failed=0 | rate=477/s | ETA=14:36:13
2026-03-19 13:41:09,487 INFO Progress | batches=251 | indexed=502,000/25,558,768 (2.0%) | failed=0 | rate=478/s | ETA=14:34:28
2026-03-19 13:41:24,496 INFO Progress | batches=252 | indexed=504,000/25,558,768 (2.0%) | failed=0 | rate=473/s | ETA=14:43:22
2026-03-19 13:41:39,499 INFO Progress | batches=259 | indexed=518,000/25,558,768 (2.0%) | failed=0 | rate=479/s | ETA=14:31:06
2026-03-19 13:41:54,501 INFO Progress | batches=260 | indexed=520,000/25,558,768 (2.0%) | failed=0 | rate=474/s | ETA=14:39:43
2026-03-19 13:42:09,503 INFO Progress | batches=265 | indexed=530,000/25,558,768 (2.1%) | failed=0 | rate=477/s | ETA=14:34:35
2026-03-19 13:42:24,506 INFO Progress | batches=269 | indexed=538,000/25,558,768 (2.1%) | failed=0 | rate=478/s | ETA=14:32:56
2026-03-19 13:42:39,517 INFO Progress | batches=272 | indexed=544,000/25,558,768 (2.1%) | failed=0 | rate=477/s | ETA=14:34:36
2026-03-19 13:42:54,588 INFO Progress | batches=275 | indexed=550,000/25,558,768 (2.2%) | failed=0 | rate=476/s | ETA=14:36:16
2026-03-19 13:43:09,597 INFO Progress | batches=280 | indexed=560,000/25,558,768 (2.2%) | failed=0 | rate=478/s | ETA=14:31:27
2026-03-19 13:43:24,608 INFO Progress | batches=283 | indexed=566,000/25,558,768 (2.2%) | failed=0 | rate=477/s | ETA=14:33:03
2026-03-19 13:43:39,619 INFO Progress | batches=285 | indexed=570,000/25,558,768 (2.2%) | failed=0 | rate=474/s | ETA=14:37:45
2026-03-19 13:43:54,621 INFO Progress | batches=290 | indexed=580,000/25,558,768 (2.3%) | failed=0 | rate=477/s | ETA=14:33:02
2026-03-19 13:44:09,630 INFO Progress | batches=295 | indexed=590,000/25,558,768 (2.3%) | failed=0 | rate=479/s | ETA=14:28:29
2026-03-19 13:44:24,641 INFO Progress | batches=297 | indexed=594,000/25,558,768 (2.3%) | failed=0 | rate=477/s | ETA=14:33:01
2026-03-19 13:44:39,644 INFO Progress | batches=302 | indexed=604,000/25,558,768 (2.4%) | failed=0 | rate=479/s | ETA=14:28:33
2026-03-19 13:44:54,652 INFO Progress | batches=303 | indexed=606,000/25,558,768 (2.4%) | failed=0 | rate=475/s | ETA=14:35:54
2026-03-19 13:45:09,660 INFO Progress | batches=309 | indexed=618,000/25,558,768 (2.4%) | failed=0 | rate=479/s | ETA=14:28:35
2026-03-19 13:45:24,669 INFO Progress | batches=311 | indexed=622,000/25,558,768 (2.4%) | failed=0 | rate=476/s | ETA=14:32:53
2026-03-19 13:45:39,689 INFO Progress | batches=314 | indexed=628,000/25,558,768 (2.5%) | failed=0 | rate=475/s | ETA=14:34:17
2026-03-19 13:45:54,694 INFO Progress | batches=319 | indexed=638,000/25,558,768 (2.5%) | failed=0 | rate=477/s | ETA=14:30:00
2026-03-19 13:46:09,775 INFO Progress | batches=322 | indexed=644,000/25,558,768 (2.5%) | failed=0 | rate=477/s | ETA=14:31:24
2026-03-19 13:46:24,829 INFO Progress | batches=325 | indexed=650,000/25,558,768 (2.5%) | failed=0 | rate=476/s | ETA=14:32:46
2026-03-19 13:46:39,840 INFO Progress | batches=329 | indexed=658,000/25,558,768 (2.6%) | failed=0 | rate=476/s | ETA=14:31:21
2026-03-19 13:46:54,846 INFO Progress | batches=333 | indexed=666,000/25,558,768 (2.6%) | failed=0 | rate=477/s | ETA=14:29:57
2026-03-19 13:47:09,853 INFO Progress | batches=336 | indexed=672,000/25,558,768 (2.6%) | failed=0 | rate=476/s | ETA=14:31:14
2026-03-19 13:47:24,864 INFO Progress | batches=339 | indexed=678,000/25,558,768 (2.7%) | failed=0 | rate=475/s | ETA=14:32:30
2026-03-19 13:47:39,867 INFO Progress | batches=341 | indexed=682,000/25,558,768 (2.7%) | failed=0 | rate=473/s | ETA=14:36:22
2026-03-19 13:47:54,869 INFO Progress | batches=346 | indexed=692,000/25,558,768 (2.7%) | failed=0 | rate=475/s | ETA=14:32:20
2026-03-19 13:48:09,880 INFO Progress | batches=350 | indexed=700,000/25,558,768 (2.7%) | failed=0 | rate=476/s | ETA=14:30:59
2026-03-19 13:48:24,888 INFO Progress | batches=353 | indexed=706,000/25,558,768 (2.8%) | failed=0 | rate=475/s | ETA=14:32:10
2026-03-19 13:48:39,893 INFO Progress | batches=357 | indexed=714,000/25,558,768 (2.8%) | failed=0 | rate=475/s | ETA=14:30:50
2026-03-19 13:48:54,904 INFO Progress | batches=360 | indexed=720,000/25,558,768 (2.8%) | failed=0 | rate=475/s | ETA=14:31:59
2026-03-19 13:49:09,907 INFO Progress | batches=365 | indexed=730,000/25,558,768 (2.9%) | failed=0 | rate=477/s | ETA=14:28:12
2026-03-19 13:49:24,908 INFO Progress | batches=366 | indexed=732,000/25,558,768 (2.9%) | failed=0 | rate=473/s | ETA=14:34:15
2026-03-19 13:49:39,921 INFO Progress | batches=371 | indexed=742,000/25,558,768 (2.9%) | failed=0 | rate=475/s | ETA=14:30:29
2026-03-19 13:49:54,954 INFO Progress | batches=373 | indexed=746,000/25,558,768 (2.9%) | failed=0 | rate=473/s | ETA=14:34:00
2026-03-19 13:50:09,957 INFO Progress | batches=379 | indexed=758,000/25,558,768 (3.0%) | failed=0 | rate=476/s | ETA=14:27:56
2026-03-19 13:50:24,967 INFO Progress | batches=382 | indexed=764,000/25,558,768 (3.0%) | failed=0 | rate=476/s | ETA=14:29:02
2026-03-19 13:50:39,979 INFO Progress | batches=385 | indexed=770,000/25,558,768 (3.0%) | failed=0 | rate=475/s | ETA=14:30:06
2026-03-19 13:50:54,985 INFO Progress | batches=389 | indexed=778,000/25,558,768 (3.0%) | failed=0 | rate=475/s | ETA=14:28:51
2026-03-19 13:51:09,988 INFO Progress | batches=392 | indexed=784,000/25,558,768 (3.1%) | failed=0 | rate=475/s | ETA=14:29:53
2026-03-19 13:51:25,013 INFO Progress | batches=394 | indexed=788,000/25,558,768 (3.1%) | failed=0 | rate=473/s | ETA=14:33:12
2026-03-19 13:51:40,025 INFO Progress | batches=399 | indexed=798,000/25,558,768 (3.1%) | failed=0 | rate=475/s | ETA=14:29:41
2026-03-19 13:51:55,026 INFO Progress | batches=405 | indexed=810,000/25,558,768 (3.2%) | failed=0 | rate=477/s | ETA=14:24:01
2026-03-19 13:52:10,037 INFO Progress | batches=407 | indexed=814,000/25,558,768 (3.2%) | failed=0 | rate=476/s | ETA=14:27:14
2026-03-19 13:52:25,051 INFO Progress | batches=408 | indexed=816,000/25,558,768 (3.2%) | failed=0 | rate=473/s | ETA=14:32:38
2026-03-19 13:52:40,091 INFO Progress | batches=415 | indexed=830,000/25,558,768 (3.2%) | failed=0 | rate=477/s | ETA=14:24:54
2026-03-19 13:52:55,100 INFO Progress | batches=419 | indexed=838,000/25,558,768 (3.3%) | failed=0 | rate=477/s | ETA=14:23:44
2026-03-19 13:53:10,111 INFO Progress | batches=420 | indexed=840,000/25,558,768 (3.3%) | failed=0 | rate=474/s | ETA=14:28:59
2026-03-19 13:53:25,117 INFO Progress | batches=425 | indexed=850,000/25,558,768 (3.3%) | failed=0 | rate=476/s | ETA=14:25:41
2026-03-19 13:53:40,120 INFO Progress | batches=428 | indexed=856,000/25,558,768 (3.3%) | failed=0 | rate=475/s | ETA=14:26:37
2026-03-19 13:53:55,124 INFO Progress | batches=430 | indexed=860,000/25,558,768 (3.4%) | failed=0 | rate=473/s | ETA=14:29:38
2026-03-19 13:54:10,151 INFO Progress | batches=434 | indexed=868,000/25,558,768 (3.4%) | failed=0 | rate=474/s | ETA=14:28:27
2026-03-19 13:54:25,169 INFO Progress | batches=439 | indexed=878,000/25,558,768 (3.4%) | failed=0 | rate=475/s | ETA=14:25:15
2026-03-19 13:54:40,181 INFO Progress | batches=442 | indexed=884,000/25,558,768 (3.5%) | failed=0 | rate=475/s | ETA=14:26:09
2026-03-19 13:54:55,189 INFO Progress | batches=446 | indexed=892,000/25,558,768 (3.5%) | failed=0 | rate=475/s | ETA=14:25:02
2026-03-19 13:55:10,196 INFO Progress | batches=448 | indexed=896,000/25,558,768 (3.5%) | failed=0 | rate=474/s | ETA=14:27:54
2026-03-19 13:55:25,216 INFO Progress | batches=453 | indexed=906,000/25,558,768 (3.5%) | failed=0 | rate=475/s | ETA=14:24:48
2026-03-19 13:55:40,250 INFO Progress | batches=456 | indexed=912,000/25,558,768 (3.6%) | failed=0 | rate=475/s | ETA=14:25:40
2026-03-19 13:55:55,254 INFO Progress | batches=459 | indexed=918,000/25,558,768 (3.6%) | failed=0 | rate=474/s | ETA=14:26:31
2026-03-19 13:56:10,262 INFO Progress | batches=464 | indexed=928,000/25,558,768 (3.6%) | failed=0 | rate=475/s | ETA=14:23:28
2026-03-19 13:56:25,269 INFO Progress | batches=468 | indexed=936,000/25,558,768 (3.7%) | failed=0 | rate=476/s | ETA=14:22:23
2026-03-19 13:56:40,271 INFO Progress | batches=471 | indexed=942,000/25,558,768 (3.7%) | failed=0 | rate=475/s | ETA=14:23:13
2026-03-19 13:56:55,278 INFO Progress | batches=473 | indexed=946,000/25,558,768 (3.7%) | failed=0 | rate=474/s | ETA=14:25:56
2026-03-19 13:57:10,286 INFO Progress | batches=477 | indexed=954,000/25,558,768 (3.7%) | failed=0 | rate=474/s | ETA=14:24:51
2026-03-19 13:57:25,293 INFO Progress | batches=482 | indexed=964,000/25,558,768 (3.8%) | failed=0 | rate=476/s | ETA=14:21:54
2026-03-19 13:57:40,302 INFO Progress | batches=482 | indexed=964,000/25,558,768 (3.8%) | failed=0 | rate=472/s | ETA=14:28:17
2026-03-19 13:57:55,310 INFO Progress | batches=488 | indexed=976,000/25,558,768 (3.8%) | failed=0 | rate=474/s | ETA=14:23:30
2026-03-19 13:58:10,319 INFO Progress | batches=492 | indexed=984,000/25,558,768 (3.8%) | failed=0 | rate=475/s | ETA=14:22:27
2026-03-19 13:58:25,330 INFO Progress | batches=494 | indexed=988,000/25,558,768 (3.9%) | failed=0 | rate=473/s | ETA=14:25:02
2026-03-19 13:58:40,342 INFO Progress | batches=497 | indexed=994,000/25,558,768 (3.9%) | failed=0 | rate=473/s | ETA=14:25:47
2026-03-19 13:58:55,352 INFO Progress | batches=499 | indexed=998,000/25,558,768 (3.9%) | failed=0 | rate=471/s | ETA=14:28:20
2026-03-19 13:59:10,620 INFO Progress | batches=505 | indexed=1,010,000/25,558,768 (4.0%) | failed=0 | rate=474/s | ETA=14:23:47
2026-03-19 13:59:25,630 INFO Progress | batches=507 | indexed=1,014,000/25,558,768 (4.0%) | failed=0 | rate=472/s | ETA=14:26:17
2026-03-19 13:59:40,638 INFO Progress | batches=510 | indexed=1,020,000/25,558,768 (4.0%) | failed=0 | rate=472/s | ETA=14:27:00
2026-03-19 13:59:55,643 INFO Progress | batches=514 | indexed=1,028,000/25,558,768 (4.0%) | failed=0 | rate=472/s | ETA=14:25:56
2026-03-19 14:00:10,644 INFO Progress | batches=518 | indexed=1,036,000/25,558,768 (4.1%) | failed=0 | rate=473/s | ETA=14:24:53
2026-03-19 14:00:25,650 INFO Progress | batches=521 | indexed=1,042,000/25,558,768 (4.1%) | failed=0 | rate=472/s | ETA=14:25:35
2026-03-19 14:00:40,659 INFO Progress | batches=526 | indexed=1,052,000/25,558,768 (4.1%) | failed=0 | rate=473/s | ETA=14:22:50
2026-03-19 14:00:55,670 INFO Progress | batches=529 | indexed=1,058,000/25,558,768 (4.1%) | failed=0 | rate=473/s | ETA=14:23:31
2026-03-19 14:01:10,671 INFO Progress | batches=532 | indexed=1,064,000/25,558,768 (4.2%) | failed=0 | rate=472/s | ETA=14:24:12
2026-03-19 14:01:25,679 INFO Progress | batches=538 | indexed=1,076,000/25,558,768 (4.2%) | failed=0 | rate=475/s | ETA=14:19:50
2026-03-19 14:01:40,687 INFO Progress | batches=540 | indexed=1,080,000/25,558,768 (4.2%) | failed=0 | rate=473/s | ETA=14:22:11
2026-03-19 14:01:55,702 INFO Progress | batches=541 | indexed=1,082,000/25,558,768 (4.2%) | failed=0 | rate=471/s | ETA=14:26:11
2026-03-19 14:02:10,735 INFO Progress | batches=547 | indexed=1,094,000/25,558,768 (4.3%) | failed=0 | rate=473/s | ETA=14:21:52
2026-03-19 14:02:25,744 INFO Progress | batches=549 | indexed=1,098,000/25,558,768 (4.3%) | failed=0 | rate=472/s | ETA=14:24:09
2026-03-19 14:02:40,755 INFO Progress | batches=552 | indexed=1,104,000/25,558,768 (4.3%) | failed=0 | rate=471/s | ETA=14:24:47
2026-03-19 14:02:55,758 INFO Progress | batches=556 | indexed=1,112,000/25,558,768 (4.4%) | failed=0 | rate=472/s | ETA=14:23:47
2026-03-19 14:03:10,769 INFO Progress | batches=562 | indexed=1,124,000/25,558,768 (4.4%) | failed=0 | rate=474/s | ETA=14:19:35
2026-03-19 14:03:25,776 INFO Progress | batches=564 | indexed=1,128,000/25,558,768 (4.4%) | failed=0 | rate=472/s | ETA=14:21:48
2026-03-19 14:03:40,784 INFO Progress | batches=567 | indexed=1,134,000/25,558,768 (4.4%) | failed=0 | rate=472/s | ETA=14:22:25
2026-03-19 14:03:55,788 INFO Progress | batches=572 | indexed=1,144,000/25,558,768 (4.5%) | failed=0 | rate=473/s | ETA=14:19:52
2026-03-19 14:04:10,795 INFO Progress | batches=573 | indexed=1,146,000/25,558,768 (4.5%) | failed=0 | rate=471/s | ETA=14:23:38
2026-03-19 14:04:25,802 INFO Progress | batches=580 | indexed=1,160,000/25,558,768 (4.5%) | failed=0 | rate=474/s | ETA=14:17:59
2026-03-19 14:04:40,808 INFO Progress | batches=582 | indexed=1,164,000/25,558,768 (4.6%) | failed=0 | rate=473/s | ETA=14:20:08
2026-03-19 14:04:55,817 INFO Progress | batches=584 | indexed=1,168,000/25,558,768 (4.6%) | failed=0 | rate=471/s | ETA=14:22:16
2026-03-19 14:05:10,825 INFO Progress | batches=587 | indexed=1,174,000/25,558,768 (4.6%) | failed=0 | rate=471/s | ETA=14:22:51
2026-03-19 14:05:25,826 INFO Progress | batches=590 | indexed=1,180,000/25,558,768 (4.6%) | failed=0 | rate=471/s | ETA=14:23:25
2026-03-19 14:05:40,830 INFO Progress | batches=594 | indexed=1,188,000/25,558,768 (4.6%) | failed=0 | rate=471/s | ETA=14:22:27
2026-03-19 14:05:55,833 INFO Progress | batches=598 | indexed=1,196,000/25,558,768 (4.7%) | failed=0 | rate=471/s | ETA=14:21:29
2026-03-19 14:06:10,842 INFO Progress | batches=600 | indexed=1,200,000/25,558,768 (4.7%) | failed=0 | rate=470/s | ETA=14:23:33
2026-03-19 14:06:25,850 INFO Progress | batches=605 | indexed=1,210,000/25,558,768 (4.7%) | failed=0 | rate=471/s | ETA=14:21:06
2026-03-19 14:06:40,851 INFO Progress | batches=607 | indexed=1,214,000/25,558,768 (4.7%) | failed=0 | rate=470/s | ETA=14:23:08
2026-03-19 14:06:55,856 INFO Progress | batches=612 | indexed=1,224,000/25,558,768 (4.8%) | failed=0 | rate=471/s | ETA=14:20:42
2026-03-19 14:07:10,868 INFO Progress | batches=615 | indexed=1,230,000/25,558,768 (4.8%) | failed=0 | rate=471/s | ETA=14:21:15
2026-03-19 14:07:25,870 INFO Progress | batches=617 | indexed=1,234,000/25,558,768 (4.8%) | failed=0 | rate=470/s | ETA=14:23:14
2026-03-19 14:07:40,881 INFO Progress | batches=619 | indexed=1,238,000/25,558,768 (4.8%) | failed=0 | rate=468/s | ETA=14:25:13
2026-03-19 14:07:55,891 INFO Progress | batches=627 | indexed=1,254,000/25,558,768 (4.9%) | failed=0 | rate=472/s | ETA=14:18:28
2026-03-19 14:08:10,899 INFO Progress | batches=628 | indexed=1,256,000/25,558,768 (4.9%) | failed=0 | rate=470/s | ETA=14:21:52
2026-03-19 14:08:25,908 INFO Progress | batches=631 | indexed=1,262,000/25,558,768 (4.9%) | failed=0 | rate=470/s | ETA=14:22:23
2026-03-19 14:08:40,916 INFO Progress | batches=634 | indexed=1,268,000/25,558,768 (5.0%) | failed=0 | rate=469/s | ETA=14:22:53
2026-03-19 14:08:55,920 INFO Progress | batches=639 | indexed=1,278,000/25,558,768 (5.0%) | failed=0 | rate=470/s | ETA=14:20:32
2026-03-19 14:09:10,926 INFO Progress | batches=644 | indexed=1,288,000/25,558,768 (5.0%) | failed=0 | rate=471/s | ETA=14:18:12
2026-03-19 14:09:25,936 INFO Progress | batches=645 | indexed=1,290,000/25,558,768 (5.0%) | failed=0 | rate=469/s | ETA=14:21:31
2026-03-19 14:09:40,954 INFO Progress | batches=650 | indexed=1,300,000/25,558,768 (5.1%) | failed=0 | rate=471/s | ETA=14:19:12
2026-03-19 14:09:55,974 INFO Progress | batches=654 | indexed=1,308,000/25,558,768 (5.1%) | failed=0 | rate=471/s | ETA=14:18:18
2026-03-19 14:10:10,986 INFO Progress | batches=657 | indexed=1,314,000/25,558,768 (5.1%) | failed=0 | rate=471/s | ETA=14:18:48
2026-03-19 14:10:25,994 INFO Progress | batches=660 | indexed=1,320,000/25,558,768 (5.2%) | failed=0 | rate=470/s | ETA=14:19:16
2026-03-19 14:10:40,998 INFO Progress | batches=663 | indexed=1,326,000/25,558,768 (5.2%) | failed=0 | rate=470/s | ETA=14:19:44
2026-03-19 14:10:56,002 INFO Progress | batches=667 | indexed=1,334,000/25,558,768 (5.2%) | failed=0 | rate=470/s | ETA=14:18:51
2026-03-19 14:11:11,013 INFO Progress | batches=668 | indexed=1,336,000/25,558,768 (5.2%) | failed=0 | rate=468/s | ETA=14:22:01
2026-03-19 14:11:26,018 INFO Progress | batches=674 | indexed=1,348,000/25,558,768 (5.3%) | failed=0 | rate=470/s | ETA=14:18:25
2026-03-19 14:11:41,022 INFO Progress | batches=677 | indexed=1,354,000/25,558,768 (5.3%) | failed=0 | rate=470/s | ETA=14:18:52
2026-03-19 14:11:56,030 INFO Progress | batches=682 | indexed=1,364,000/25,558,768 (5.3%) | failed=0 | rate=471/s | ETA=14:16:40
2026-03-19 14:12:11,035 INFO Progress | batches=683 | indexed=1,366,000/25,558,768 (5.3%) | failed=0 | rate=469/s | ETA=14:19:46
2026-03-19 14:12:26,041 INFO Progress | batches=688 | indexed=1,376,000/25,558,768 (5.4%) | failed=0 | rate=470/s | ETA=14:17:33
2026-03-19 14:12:41,047 INFO Progress | batches=691 | indexed=1,382,000/25,558,768 (5.4%) | failed=0 | rate=470/s | ETA=14:18:00
2026-03-19 14:12:56,058 INFO Progress | batches=696 | indexed=1,392,000/25,558,768 (5.4%) | failed=0 | rate=471/s | ETA=14:15:50
2026-03-19 14:13:11,072 INFO Progress | batches=698 | indexed=1,396,000/25,558,768 (5.5%) | failed=0 | rate=470/s | ETA=14:17:34
2026-03-19 14:13:26,077 INFO Progress | batches=703 | indexed=1,406,000/25,558,768 (5.5%) | failed=0 | rate=471/s | ETA=14:15:24
2026-03-19 14:13:41,081 INFO Progress | batches=707 | indexed=1,414,000/25,558,768 (5.5%) | failed=0 | rate=471/s | ETA=14:14:33
2026-03-19 14:13:56,088 INFO Progress | batches=710 | indexed=1,420,000/25,558,768 (5.6%) | failed=0 | rate=471/s | ETA=14:14:59
2026-03-19 14:14:11,099 INFO Progress | batches=713 | indexed=1,426,000/25,558,768 (5.6%) | failed=0 | rate=470/s | ETA=14:15:25
2026-03-19 14:14:26,107 INFO Progress | batches=717 | indexed=1,434,000/25,558,768 (5.6%) | failed=0 | rate=471/s | ETA=14:14:34
2026-03-19 14:14:41,124 INFO Progress | batches=721 | indexed=1,442,000/25,558,768 (5.6%) | failed=0 | rate=471/s | ETA=14:13:44
2026-03-19 14:14:56,149 INFO Progress | batches=725 | indexed=1,450,000/25,558,768 (5.7%) | failed=0 | rate=471/s | ETA=14:12:54
2026-03-19 14:15:11,158 INFO Progress | batches=727 | indexed=1,454,000/25,558,768 (5.7%) | failed=0 | rate=470/s | ETA=14:14:34
2026-03-19 14:15:26,161 INFO Progress | batches=731 | indexed=1,462,000/25,558,768 (5.7%) | failed=0 | rate=470/s | ETA=14:13:43
2026-03-19 14:15:41,165 INFO Progress | batches=735 | indexed=1,470,000/25,558,768 (5.8%) | failed=0 | rate=471/s | ETA=14:12:54
2026-03-19 14:15:56,176 INFO Progress | batches=739 | indexed=1,478,000/25,558,768 (5.8%) | failed=0 | rate=471/s | ETA=14:12:04
2026-03-19 14:16:11,186 INFO Progress | batches=741 | indexed=1,482,000/25,558,768 (5.8%) | failed=0 | rate=470/s | ETA=14:13:42
2026-03-19 14:16:26,199 INFO Progress | batches=743 | indexed=1,486,000/25,558,768 (5.8%) | failed=0 | rate=469/s | ETA=14:15:18
2026-03-19 14:16:41,203 INFO Progress | batches=750 | indexed=1,500,000/25,558,768 (5.9%) | failed=0 | rate=471/s | ETA=14:10:51
2026-03-19 14:16:56,206 INFO Progress | batches=752 | indexed=1,504,000/25,558,768 (5.9%) | failed=0 | rate=470/s | ETA=14:12:26
2026-03-19 14:17:11,210 INFO Progress | batches=755 | indexed=1,510,000/25,558,768 (5.9%) | failed=0 | rate=470/s | ETA=14:12:49
2026-03-19 14:17:26,220 INFO Progress | batches=758 | indexed=1,516,000/25,558,768 (5.9%) | failed=0 | rate=470/s | ETA=14:13:12
2026-03-19 14:17:41,223 INFO Progress | batches=762 | indexed=1,524,000/25,558,768 (6.0%) | failed=0 | rate=470/s | ETA=14:12:23
2026-03-19 14:17:56,232 INFO Progress | batches=765 | indexed=1,530,000/25,558,768 (6.0%) | failed=0 | rate=470/s | ETA=14:12:45
2026-03-19 14:18:11,243 INFO Progress | batches=770 | indexed=1,540,000/25,558,768 (6.0%) | failed=0 | rate=471/s | ETA=14:10:46
2026-03-19 14:18:26,251 INFO Progress | batches=773 | indexed=1,546,000/25,558,768 (6.0%) | failed=0 | rate=470/s | ETA=14:11:08
2026-03-19 14:18:41,262 INFO Progress | batches=778 | indexed=1,556,000/25,558,768 (6.1%) | failed=0 | rate=471/s | ETA=14:09:11
2026-03-19 14:18:56,264 INFO Progress | batches=780 | indexed=1,560,000/25,558,768 (6.1%) | failed=0 | rate=470/s | ETA=14:10:42
2026-03-19 14:19:11,269 INFO Progress | batches=785 | indexed=1,570,000/25,558,768 (6.1%) | failed=0 | rate=471/s | ETA=14:08:45
2026-03-19 14:19:26,271 INFO Progress | batches=786 | indexed=1,572,000/25,558,768 (6.2%) | failed=0 | rate=470/s | ETA=14:11:25
2026-03-19 14:19:41,283 INFO Progress | batches=791 | indexed=1,582,000/25,558,768 (6.2%) | failed=0 | rate=470/s | ETA=14:09:29
2026-03-19 14:19:56,493 INFO Progress | batches=795 | indexed=1,590,000/25,558,768 (6.2%) | failed=0 | rate=471/s | ETA=14:08:45
2026-03-19 14:20:11,528 INFO Progress | batches=799 | indexed=1,598,000/25,558,768 (6.3%) | failed=0 | rate=471/s | ETA=14:07:58
2026-03-19 14:20:26,537 INFO Progress | batches=802 | indexed=1,604,000/25,558,768 (6.3%) | failed=0 | rate=471/s | ETA=14:08:19
2026-03-19 14:20:41,539 INFO Progress | batches=806 | indexed=1,612,000/25,558,768 (6.3%) | failed=0 | rate=471/s | ETA=14:07:33
2026-03-19 14:20:56,547 INFO Progress | batches=808 | indexed=1,616,000/25,558,768 (6.3%) | failed=0 | rate=470/s | ETA=14:09:01
2026-03-19 14:21:11,554 INFO Progress | batches=813 | indexed=1,626,000/25,558,768 (6.4%) | failed=0 | rate=471/s | ETA=14:07:07
2026-03-19 14:21:26,570 INFO Progress | batches=818 | indexed=1,636,000/25,558,768 (6.4%) | failed=0 | rate=472/s | ETA=14:05:15
2026-03-19 14:21:41,579 INFO Progress | batches=820 | indexed=1,640,000/25,558,768 (6.4%) | failed=0 | rate=471/s | ETA=14:06:42
2026-03-19 14:21:56,587 INFO Progress | batches=823 | indexed=1,646,000/25,558,768 (6.4%) | failed=0 | rate=471/s | ETA=14:07:02
2026-03-19 14:22:11,588 INFO Progress | batches=826 | indexed=1,652,000/25,558,768 (6.5%) | failed=0 | rate=470/s | ETA=14:07:22
2026-03-19 14:22:26,604 INFO Progress | batches=831 | indexed=1,662,000/25,558,768 (6.5%) | failed=0 | rate=471/s | ETA=14:05:30
2026-03-19 14:22:41,630 INFO Progress | batches=834 | indexed=1,668,000/25,558,768 (6.5%) | failed=0 | rate=471/s | ETA=14:05:51
2026-03-19 14:22:56,635 INFO Progress | batches=840 | indexed=1,680,000/25,558,768 (6.6%) | failed=0 | rate=472/s | ETA=14:02:56
2026-03-19 14:23:11,643 INFO Progress | batches=843 | indexed=1,686,000/25,558,768 (6.6%) | failed=0 | rate=472/s | ETA=14:03:16
2026-03-19 14:23:26,647 INFO Progress | batches=845 | indexed=1,690,000/25,558,768 (6.6%) | failed=0 | rate=471/s | ETA=14:04:40
2026-03-19 14:23:41,648 INFO Progress | batches=851 | indexed=1,702,000/25,558,768 (6.7%) | failed=0 | rate=472/s | ETA=14:01:47
2026-03-19 14:23:56,659 INFO Progress | batches=853 | indexed=1,706,000/25,558,768 (6.7%) | failed=0 | rate=471/s | ETA=14:03:10
2026-03-19 14:24:11,669 INFO Progress | batches=857 | indexed=1,714,000/25,558,768 (6.7%) | failed=0 | rate=472/s | ETA=14:02:26
2026-03-19 14:24:26,673 INFO Progress | batches=860 | indexed=1,720,000/25,558,768 (6.7%) | failed=0 | rate=471/s | ETA=14:02:45
2026-03-19 14:24:41,674 INFO Progress | batches=865 | indexed=1,730,000/25,558,768 (6.8%) | failed=0 | rate=472/s | ETA=14:00:58
2026-03-19 14:24:56,680 INFO Progress | batches=870 | indexed=1,740,000/25,558,768 (6.8%) | failed=0 | rate=473/s | ETA=13:59:13
2026-03-19 14:25:11,725 INFO Progress | batches=872 | indexed=1,744,000/25,558,768 (6.8%) | failed=0 | rate=472/s | ETA=14:00:34
2026-03-19 14:25:26,733 INFO Progress | batches=875 | indexed=1,750,000/25,558,768 (6.8%) | failed=0 | rate=472/s | ETA=14:00:53
2026-03-19 14:25:41,737 INFO Progress | batches=879 | indexed=1,758,000/25,558,768 (6.9%) | failed=0 | rate=472/s | ETA=14:00:09
2026-03-19 14:25:56,742 INFO Progress | batches=882 | indexed=1,764,000/25,558,768 (6.9%) | failed=0 | rate=472/s | ETA=14:00:28
2026-03-19 14:26:11,749 INFO Progress | batches=887 | indexed=1,774,000/25,558,768 (6.9%) | failed=0 | rate=473/s | ETA=13:58:43
2026-03-19 14:26:26,753 INFO Progress | batches=889 | indexed=1,778,000/25,558,768 (7.0%) | failed=0 | rate=472/s | ETA=14:00:02
2026-03-19 14:26:37,276 ERROR Worker 2 error: timed out
2026-03-19 14:26:37,799 ERROR Worker 2 raised: timed out
2026-03-19 14:26:38,666 INFO Worker 7 done.
2026-03-19 14:26:46,528 INFO Worker 4 done.
2026-03-19 14:26:50,569 INFO Worker 5 done.
2026-03-19 14:26:50,724 INFO Worker 0 done.
2026-03-19 14:26:59,470 INFO Worker 6 done.
2026-03-19 14:27:00,748 INFO Worker 1 done.
2026-03-19 14:27:01,963 INFO Worker 3 done.
2026-03-19 14:27:02,723 INFO Transfer complete. local=1,786,000/25,558,768 | failed=0 | time=1:03:24
2026-03-19 14:27:02,723 WARNING 23772768 docs missing. Re-run to resume from checkpoint.
2026-03-19 16:34:54,592 INFO Index wiki_full_l already exists — resuming.
2026-03-19 16:34:54,953 INFO Remote has 25,558,768 docs. Starting transfer with 4 workers.
2026-03-19 16:34:54,954 INFO Checkpoint found: safe_resume_id=186415
2026-03-19 16:34:56,856 INFO Deleted 106,837 local docs with wikipedia_id >= 186415 (safe resume cleanup)
2026-03-19 16:35:11,858 INFO Progress | batches=0 | indexed=0/25,558,768 (0.0%) | failed=0 | rate=0/s | ETA=0:00:00
2026-03-19 16:35:22,872 INFO Worker 2 scroll opened (slice 2/4).
2026-03-19 16:35:26,859 INFO Progress | batches=1 | indexed=2,000/25,558,768 (0.0%) | failed=0 | rate=67/s | ETA=4 days, 10:29:46
2026-03-19 16:35:28,900 INFO Worker 0 scroll opened (slice 0/4).
2026-03-19 16:35:29,867 INFO Worker 3 scroll opened (slice 3/4).
2026-03-19 16:35:30,677 INFO Worker 1 scroll opened (slice 1/4).
2026-03-19 16:35:41,861 INFO Progress | batches=5 | indexed=10,000/25,558,768 (0.0%) | failed=0 | rate=222/s | ETA=1 day, 7:56:20
2026-03-19 16:35:56,866 INFO Progress | batches=8 | indexed=16,000/25,558,768 (0.1%) | failed=0 | rate=267/s | ETA=1 day, 2:36:40
2026-03-19 16:36:11,873 INFO Progress | batches=10 | indexed=20,000/25,558,768 (0.1%) | failed=0 | rate=267/s | ETA=1 day, 2:36:30
2026-03-19 16:36:26,879 INFO Progress | batches=13 | indexed=26,000/25,558,768 (0.1%) | failed=0 | rate=289/s | ETA=1 day, 0:33:24
2026-03-19 16:36:41,885 INFO Progress | batches=16 | indexed=32,000/25,558,768 (0.1%) | failed=0 | rate=305/s | ETA=23:16:21
2026-03-19 16:36:56,887 INFO Progress | batches=18 | indexed=36,000/25,558,768 (0.1%) | failed=0 | rate=300/s | ETA=23:38:17
2026-03-19 16:42:28,025 INFO Checkpoint cleared.
2026-03-19 16:42:28,122 INFO Deleted local index wiki_full_l.
2026-03-19 16:42:28,548 INFO Created index wiki_full_l on destination.
2026-03-19 16:42:28,903 INFO Remote has 25,558,768 docs. Starting transfer with 4 workers.
2026-03-19 16:42:43,909 INFO Progress | batches=0 | indexed=0/25,558,768 (0.0%) | failed=0 | rate=0/s | ETA=0:00:00
2026-03-19 16:42:51,078 INFO Worker 2 scroll opened (slice 2/4, attempt 1, resume_from=None).
2026-03-19 16:42:56,678 INFO Worker 3 scroll opened (slice 3/4, attempt 1, resume_from=None).
2026-03-19 16:42:58,913 INFO Progress | batches=2 | indexed=4,000/25,558,768 (0.0%) | failed=0 | rate=133/s | ETA=2 days, 5:15:18
2026-03-19 16:43:00,774 INFO Worker 1 scroll opened (slice 1/4, attempt 1, resume_from=None).
2026-03-19 16:43:01,731 INFO Worker 0 scroll opened (slice 0/4, attempt 1, resume_from=None).
2026-03-19 16:43:13,915 INFO Progress | batches=6 | indexed=12,000/25,558,768 (0.0%) | failed=0 | rate=267/s | ETA=1 day, 2:37:05
2026-03-19 16:43:28,919 INFO Progress | batches=7 | indexed=14,000/25,558,768 (0.1%) | failed=0 | rate=233/s | ETA=1 day, 6:25:04
2026-03-19 16:43:43,922 INFO Progress | batches=12 | indexed=24,000/25,558,768 (0.1%) | failed=0 | rate=320/s | ETA=22:10:15
2026-03-19 16:43:58,928 INFO Progress | batches=12 | indexed=24,000/25,558,768 (0.1%) | failed=0 | rate=267/s | ETA=1 day, 2:36:20
2026-03-19 16:44:13,933 INFO Progress | batches=15 | indexed=30,000/25,558,768 (0.1%) | failed=0 | rate=286/s | ETA=1 day, 0:49:35
2026-03-19 16:44:28,936 INFO Progress | batches=18 | indexed=36,000/25,558,768 (0.1%) | failed=0 | rate=300/s | ETA=23:38:18
2026-03-19 16:44:43,940 INFO Progress | batches=22 | indexed=44,000/25,558,768 (0.2%) | failed=0 | rate=326/s | ETA=21:45:05
2026-03-19 16:44:58,948 INFO Progress | batches=24 | indexed=48,000/25,558,768 (0.2%) | failed=0 | rate=320/s | ETA=22:09:04
2026-03-19 16:45:13,954 INFO Progress | batches=27 | indexed=54,000/25,558,768 (0.2%) | failed=0 | rate=327/s | ETA=21:39:14
2026-03-19 16:45:28,957 INFO Progress | batches=30 | indexed=60,000/25,558,768 (0.2%) | failed=0 | rate=333/s | ETA=21:15:19
2026-03-19 16:45:43,960 INFO Progress | batches=33 | indexed=66,000/25,558,768 (0.3%) | failed=0 | rate=338/s | ETA=20:55:41
2026-03-19 16:45:58,962 INFO Progress | batches=36 | indexed=72,000/25,558,768 (0.3%) | failed=0 | rate=343/s | ETA=20:39:16
2026-03-19 16:46:13,968 INFO Progress | batches=37 | indexed=74,000/25,558,768 (0.3%) | failed=0 | rate=329/s | ETA=21:31:49
2026-03-19 16:46:28,974 INFO Progress | batches=41 | indexed=82,000/25,558,768 (0.3%) | failed=0 | rate=342/s | ETA=20:43:07
2026-03-19 16:46:43,978 INFO Progress | batches=44 | indexed=88,000/25,558,768 (0.3%) | failed=0 | rate=345/s | ETA=20:30:28
2026-03-19 16:46:58,983 INFO Progress | batches=47 | indexed=94,000/25,558,768 (0.4%) | failed=0 | rate=348/s | ETA=20:19:25
2026-03-19 16:47:13,990 INFO Progress | batches=48 | indexed=96,000/25,558,768 (0.4%) | failed=0 | rate=337/s | ETA=21:00:15
2026-03-19 16:47:29,002 INFO Progress | batches=53 | indexed=106,000/25,558,768 (0.4%) | failed=0 | rate=353/s | ETA=20:00:59
2026-03-19 16:47:44,005 INFO Progress | batches=56 | indexed=112,000/25,558,768 (0.4%) | failed=0 | rate=355/s | ETA=19:53:12
2026-03-19 16:47:59,010 INFO Progress | batches=59 | indexed=118,000/25,558,768 (0.5%) | failed=0 | rate=357/s | ETA=19:46:10
2026-03-19 16:48:14,015 INFO Progress | batches=62 | indexed=124,000/25,558,768 (0.5%) | failed=0 | rate=359/s | ETA=19:39:48
2026-03-19 16:48:29,025 INFO Progress | batches=66 | indexed=132,000/25,558,768 (0.5%) | failed=0 | rate=367/s | ETA=19:16:09
2026-03-19 16:48:44,036 INFO Progress | batches=69 | indexed=138,000/25,558,768 (0.5%) | failed=0 | rate=368/s | ETA=19:11:42
2026-03-19 16:48:59,047 INFO Progress | batches=71 | indexed=142,000/25,558,768 (0.6%) | failed=0 | rate=364/s | ETA=19:23:52
2026-03-19 16:49:14,056 INFO Progress | batches=73 | indexed=146,000/25,558,768 (0.6%) | failed=0 | rate=360/s | ETA=19:35:20
2026-03-19 16:49:29,075 INFO Progress | batches=77 | indexed=154,000/25,558,768 (0.6%) | failed=0 | rate=367/s | ETA=19:15:14
2026-03-19 16:49:44,086 INFO Progress | batches=79 | indexed=158,000/25,558,768 (0.6%) | failed=0 | rate=363/s | ETA=19:26:01
2026-03-19 16:49:59,088 INFO Progress | batches=81 | indexed=162,000/25,558,768 (0.6%) | failed=0 | rate=360/s | ETA=19:36:15
2026-03-19 16:50:14,095 INFO Progress | batches=83 | indexed=166,000/25,558,768 (0.6%) | failed=0 | rate=357/s | ETA=19:45:59
2026-03-19 16:50:29,101 INFO Progress | batches=85 | indexed=170,000/25,558,768 (0.7%) | failed=0 | rate=354/s | ETA=19:55:15
2026-03-19 16:50:44,108 INFO Progress | batches=88 | indexed=176,000/25,558,768 (0.7%) | failed=0 | rate=355/s | ETA=19:50:18
2026-03-19 16:50:59,119 INFO Progress | batches=92 | indexed=184,000/25,558,768 (0.7%) | failed=0 | rate=361/s | ETA=19:32:41
2026-03-19 16:51:14,128 INFO Progress | batches=94 | indexed=188,000/25,558,768 (0.7%) | failed=0 | rate=358/s | ETA=19:41:19
2026-03-19 16:51:29,133 INFO Progress | batches=98 | indexed=196,000/25,558,768 (0.8%) | failed=0 | rate=363/s | ETA=19:25:06
2026-03-19 16:51:44,143 INFO Progress | batches=100 | indexed=200,000/25,558,768 (0.8%) | failed=0 | rate=360/s | ETA=19:33:20
2026-03-19 16:51:59,149 INFO Progress | batches=102 | indexed=204,000/25,558,768 (0.8%) | failed=0 | rate=358/s | ETA=19:41:14
2026-03-19 16:52:14,158 INFO Progress | batches=104 | indexed=208,000/25,558,768 (0.8%) | failed=0 | rate=355/s | ETA=19:48:50
2026-03-19 16:52:29,161 INFO Progress | batches=105 | indexed=210,000/25,558,768 (0.8%) | failed=0 | rate=350/s | ETA=20:07:36
2026-03-19 16:52:44,162 INFO Progress | batches=106 | indexed=212,000/25,558,768 (0.8%) | failed=0 | rate=345/s | ETA=20:26:00
2026-03-19 16:52:59,173 INFO Progress | batches=110 | indexed=220,000/25,558,768 (0.9%) | failed=0 | rate=349/s | ETA=20:09:52
2026-03-19 16:53:14,184 INFO Progress | batches=112 | indexed=224,000/25,558,768 (0.9%) | failed=0 | rate=347/s | ETA=20:16:22
2026-03-19 16:53:29,210 INFO Progress | batches=114 | indexed=228,000/25,558,768 (0.9%) | failed=0 | rate=345/s | ETA=20:22:39
2026-03-19 16:53:44,228 INFO Progress | batches=117 | indexed=234,000/25,558,768 (0.9%) | failed=0 | rate=347/s | ETA=20:18:07
2026-03-19 16:53:59,254 INFO Progress | batches=120 | indexed=240,000/25,558,768 (0.9%) | failed=0 | rate=348/s | ETA=20:13:48
2026-03-19 16:54:14,256 INFO Progress | batches=122 | indexed=244,000/25,558,768 (1.0%) | failed=0 | rate=346/s | ETA=20:19:39
2026-03-19 16:54:29,258 INFO Progress | batches=123 | indexed=246,000/25,558,768 (1.0%) | failed=0 | rate=341/s | ETA=20:35:22
2026-03-19 16:54:44,268 INFO Progress | batches=127 | indexed=254,000/25,558,768 (1.0%) | failed=0 | rate=345/s | ETA=20:21:00
2026-03-19 16:54:53,196 WARNING Worker 0 error (attempt 1/3), retrying in 5s from wikipedia_id=12930: timed out
2026-03-19 16:54:59,280 INFO Progress | batches=129 | indexed=258,000/25,558,768 (1.0%) | failed=0 | rate=344/s | ETA=20:26:25
2026-03-19 16:55:07,525 INFO Worker 0 scroll opened (slice 0/4, attempt 2, resume_from=12930).
2026-03-19 16:55:14,281 INFO Progress | batches=130 | indexed=260,000/25,558,768 (1.0%) | failed=0 | rate=340/s | ETA=20:41:13
2026-03-19 16:55:29,284 INFO Progress | batches=131 | indexed=262,000/25,558,768 (1.0%) | failed=0 | rate=336/s | ETA=20:55:47
2026-03-19 16:55:44,290 INFO Progress | batches=134 | indexed=268,000/25,558,768 (1.0%) | failed=0 | rate=337/s | ETA=20:50:59
2026-03-19 16:55:59,298 INFO Progress | batches=137 | indexed=274,000/25,558,768 (1.1%) | failed=0 | rate=338/s | ETA=20:46:23
2026-03-19 16:56:14,304 INFO Progress | batches=139 | indexed=278,000/25,558,768 (1.1%) | failed=0 | rate=337/s | ETA=20:51:00
2026-03-19 16:56:29,309 INFO Progress | batches=143 | indexed=286,000/25,558,768 (1.1%) | failed=0 | rate=340/s | ETA=20:37:43
2026-03-19 16:56:44,320 INFO Progress | batches=145 | indexed=290,000/25,558,768 (1.1%) | failed=0 | rate=339/s | ETA=20:42:15
2026-03-19 16:56:59,322 INFO Progress | batches=148 | indexed=296,000/25,558,768 (1.2%) | failed=0 | rate=340/s | ETA=20:38:07
2026-03-19 16:57:14,333 INFO Progress | batches=151 | indexed=302,000/25,558,768 (1.2%) | failed=0 | rate=341/s | ETA=20:34:09
2026-03-19 16:57:29,344 INFO Progress | batches=153 | indexed=306,000/25,558,768 (1.2%) | failed=0 | rate=340/s | ETA=20:38:29
2026-03-19 16:57:44,350 INFO Progress | batches=155 | indexed=310,000/25,558,768 (1.2%) | failed=0 | rate=339/s | ETA=20:42:40
2026-03-19 16:57:59,353 INFO Progress | batches=159 | indexed=318,000/25,558,768 (1.2%) | failed=0 | rate=342/s | ETA=20:30:52
2026-03-19 16:58:14,378 INFO Progress | batches=162 | indexed=324,000/25,558,768 (1.3%) | failed=0 | rate=343/s | ETA=20:27:18
2026-03-19 16:58:29,406 INFO Progress | batches=166 | indexed=332,000/25,558,768 (1.3%) | failed=0 | rate=346/s | ETA=20:16:23
2026-03-19 16:58:44,417 INFO Progress | batches=168 | indexed=336,000/25,558,768 (1.3%) | failed=0 | rate=344/s | ETA=20:20:29
2026-03-19 16:58:59,422 INFO Progress | batches=169 | indexed=338,000/25,558,768 (1.3%) | failed=0 | rate=341/s | ETA=20:31:50
2026-03-19 16:59:14,426 INFO Progress | batches=173 | indexed=346,000/25,558,768 (1.4%) | failed=0 | rate=344/s | ETA=20:21:11
2026-03-19 16:59:29,431 INFO Progress | batches=176 | indexed=352,000/25,558,768 (1.4%) | failed=0 | rate=345/s | ETA=20:18:00
2026-03-19 16:59:44,450 INFO Progress | batches=178 | indexed=356,000/25,558,768 (1.4%) | failed=0 | rate=344/s | ETA=20:21:50
2026-03-19 16:59:59,469 INFO Progress | batches=181 | indexed=362,000/25,558,768 (1.4%) | failed=0 | rate=345/s | ETA=20:18:43
2026-03-19 17:00:14,478 INFO Progress | batches=185 | indexed=370,000/25,558,768 (1.4%) | failed=0 | rate=347/s | ETA=20:09:01
2026-03-19 17:00:29,488 INFO Progress | batches=188 | indexed=376,000/25,558,768 (1.5%) | failed=0 | rate=348/s | ETA=20:06:12
2026-03-19 17:00:44,496 INFO Progress | batches=190 | indexed=380,000/25,558,768 (1.5%) | failed=0 | rate=347/s | ETA=20:09:53
2026-03-19 17:00:59,501 INFO Progress | batches=192 | indexed=384,000/25,558,768 (1.5%) | failed=0 | rate=346/s | ETA=20:13:29
2026-03-19 17:01:14,511 INFO Progress | batches=196 | indexed=392,000/25,558,768 (1.5%) | failed=0 | rate=348/s | ETA=20:04:25
2026-03-19 17:01:29,517 INFO Progress | batches=197 | indexed=394,000/25,558,768 (1.5%) | failed=0 | rate=345/s | ETA=20:14:10
2026-03-19 17:01:44,529 INFO Progress | batches=199 | indexed=398,000/25,558,768 (1.6%) | failed=0 | rate=344/s | ETA=20:17:36
2026-03-19 17:01:59,537 INFO Progress | batches=204 | indexed=408,000/25,558,768 (1.6%) | failed=0 | rate=349/s | ETA=20:02:42
2026-03-19 17:02:14,553 INFO Progress | batches=205 | indexed=410,000/25,558,768 (1.6%) | failed=0 | rate=346/s | ETA=20:12:05
2026-03-19 17:02:29,571 INFO Progress | batches=208 | indexed=416,000/25,558,768 (1.6%) | failed=0 | rate=346/s | ETA=20:09:27
2026-03-19 17:02:44,575 INFO Progress | batches=212 | indexed=424,000/25,558,768 (1.7%) | failed=0 | rate=349/s | ETA=20:01:05
2026-03-19 17:02:59,583 INFO Progress | batches=214 | indexed=428,000/25,558,768 (1.7%) | failed=0 | rate=348/s | ETA=20:04:21
2026-03-19 17:03:14,594 INFO Progress | batches=217 | indexed=434,000/25,558,768 (1.7%) | failed=0 | rate=348/s | ETA=20:01:54
2026-03-19 17:03:29,602 INFO Progress | batches=219 | indexed=438,000/25,558,768 (1.7%) | failed=0 | rate=347/s | ETA=20:05:05
2026-03-19 17:03:44,603 INFO Progress | batches=223 | indexed=446,000/25,558,768 (1.7%) | failed=0 | rate=350/s | ETA=19:57:10
2026-03-19 17:03:59,614 INFO Progress | batches=224 | indexed=448,000/25,558,768 (1.8%) | failed=0 | rate=347/s | ETA=20:05:45
2026-03-19 17:04:14,616 INFO Progress | batches=228 | indexed=456,000/25,558,768 (1.8%) | failed=0 | rate=349/s | ETA=19:57:59
2026-03-19 17:04:29,619 INFO Progress | batches=231 | indexed=462,000/25,558,768 (1.8%) | failed=0 | rate=350/s | ETA=19:55:43
2026-03-19 17:04:44,630 INFO Progress | batches=233 | indexed=466,000/25,558,768 (1.8%) | failed=0 | rate=349/s | ETA=19:58:45
2026-03-19 17:04:59,641 INFO Progress | batches=236 | indexed=472,000/25,558,768 (1.8%) | failed=0 | rate=349/s | ETA=19:56:31
2026-03-19 17:05:14,659 INFO Progress | batches=238 | indexed=476,000/25,558,768 (1.9%) | failed=0 | rate=349/s | ETA=19:59:28
2026-03-19 17:05:29,672 INFO Progress | batches=240 | indexed=480,000/25,558,768 (1.9%) | failed=0 | rate=348/s | ETA=20:02:21
2026-03-19 17:05:44,683 INFO Progress | batches=244 | indexed=488,000/25,558,768 (1.9%) | failed=0 | rate=350/s | ETA=19:55:07
2026-03-19 17:05:59,692 INFO Progress | batches=247 | indexed=494,000/25,558,768 (1.9%) | failed=0 | rate=350/s | ETA=19:53:01
2026-03-19 17:06:14,701 INFO Progress | batches=249 | indexed=498,000/25,558,768 (1.9%) | failed=0 | rate=349/s | ETA=19:55:50
2026-03-19 17:06:29,716 INFO Progress | batches=252 | indexed=504,000/25,558,768 (2.0%) | failed=0 | rate=350/s | ETA=19:53:45
2026-03-19 17:06:44,718 INFO Progress | batches=255 | indexed=510,000/25,558,768 (2.0%) | failed=0 | rate=350/s | ETA=19:51:42
2026-03-19 17:06:59,729 INFO Progress | batches=257 | indexed=514,000/25,558,768 (2.0%) | failed=0 | rate=349/s | ETA=19:54:26
2026-03-19 17:07:14,734 INFO Progress | batches=258 | indexed=516,000/25,558,768 (2.0%) | failed=0 | rate=347/s | ETA=20:01:51
2026-03-19 17:07:29,739 INFO Progress | batches=259 | indexed=518,000/25,558,768 (2.0%) | failed=0 | rate=345/s | ETA=20:09:12
2026-03-19 17:07:44,917 INFO Progress | batches=264 | indexed=528,000/25,558,768 (2.1%) | failed=0 | rate=348/s | ETA=19:57:49
2026-03-19 17:07:59,939 INFO Progress | batches=267 | indexed=534,000/25,558,768 (2.1%) | failed=0 | rate=349/s | ETA=19:55:48
2026-03-19 17:08:14,964 INFO Progress | batches=269 | indexed=538,000/25,558,768 (2.1%) | failed=0 | rate=348/s | ETA=19:58:22
2026-03-19 17:08:29,966 INFO Progress | batches=273 | indexed=546,000/25,558,768 (2.1%) | failed=0 | rate=350/s | ETA=19:51:53
2026-03-19 17:08:44,968 INFO Progress | batches=275 | indexed=550,000/25,558,768 (2.2%) | failed=0 | rate=349/s | ETA=19:54:24
2026-03-19 17:08:59,977 INFO Progress | batches=276 | indexed=552,000/25,558,768 (2.2%) | failed=0 | rate=347/s | ETA=20:01:18
2026-03-19 17:09:14,979 INFO Progress | batches=279 | indexed=558,000/25,558,768 (2.2%) | failed=0 | rate=347/s | ETA=19:59:18
2026-03-19 17:09:29,984 INFO Progress | batches=283 | indexed=566,000/25,558,768 (2.2%) | failed=0 | rate=349/s | ETA=19:53:01
2026-03-19 17:09:44,994 INFO Progress | batches=286 | indexed=572,000/25,558,768 (2.2%) | failed=0 | rate=350/s | ETA=19:51:09
2026-03-19 17:09:59,998 INFO Progress | batches=288 | indexed=576,000/25,558,768 (2.3%) | failed=0 | rate=349/s | ETA=19:53:32
2026-03-19 17:10:15,004 INFO Progress | batches=291 | indexed=582,000/25,558,768 (2.3%) | failed=0 | rate=349/s | ETA=19:51:41
2026-03-19 17:10:30,015 INFO Progress | batches=293 | indexed=586,000/25,558,768 (2.3%) | failed=0 | rate=349/s | ETA=19:54:01
2026-03-19 17:10:45,033 INFO Progress | batches=296 | indexed=592,000/25,558,768 (2.3%) | failed=0 | rate=349/s | ETA=19:52:11
2026-03-19 17:11:00,034 INFO Progress | batches=299 | indexed=598,000/25,558,768 (2.3%) | failed=0 | rate=349/s | ETA=19:50:23
2026-03-19 17:11:15,045 INFO Progress | batches=301 | indexed=602,000/25,558,768 (2.4%) | failed=0 | rate=349/s | ETA=19:52:39
2026-03-19 17:11:30,053 INFO Progress | batches=303 | indexed=606,000/25,558,768 (2.4%) | failed=0 | rate=348/s | ETA=19:54:53
2026-03-19 17:11:45,079 INFO Progress | batches=307 | indexed=614,000/25,558,768 (2.4%) | failed=0 | rate=350/s | ETA=19:49:07
2026-03-19 17:12:00,081 INFO Progress | batches=311 | indexed=622,000/25,558,768 (2.4%) | failed=0 | rate=351/s | ETA=19:43:28
2026-03-19 17:12:15,088 INFO Progress | batches=312 | indexed=624,000/25,558,768 (2.4%) | failed=0 | rate=349/s | ETA=19:49:35
2026-03-19 17:12:30,099 INFO Progress | batches=313 | indexed=626,000/25,558,768 (2.4%) | failed=0 | rate=348/s | ETA=19:55:39
2026-03-19 17:12:45,101 INFO Progress | batches=316 | indexed=632,000/25,558,768 (2.5%) | failed=0 | rate=348/s | ETA=19:53:52
2026-03-19 17:13:00,104 INFO Progress | batches=317 | indexed=634,000/25,558,768 (2.5%) | failed=0 | rate=346/s | ETA=19:59:50
2026-03-19 17:13:15,115 INFO Progress | batches=320 | indexed=640,000/25,558,768 (2.5%) | failed=0 | rate=347/s | ETA=19:58:03
2026-03-19 17:13:30,121 INFO Progress | batches=322 | indexed=644,000/25,558,768 (2.5%) | failed=0 | rate=346/s | ETA=20:00:05
2026-03-19 17:13:45,132 INFO Progress | batches=326 | indexed=652,000/25,558,768 (2.6%) | failed=0 | rate=348/s | ETA=19:54:32
2026-03-19 17:14:00,140 INFO Progress | batches=328 | indexed=656,000/25,558,768 (2.6%) | failed=0 | rate=347/s | ETA=19:56:34
2026-03-19 17:14:15,143 INFO Progress | batches=332 | indexed=664,000/25,558,768 (2.6%) | failed=0 | rate=348/s | ETA=19:51:08
2026-03-19 17:14:30,232 INFO Progress | batches=334 | indexed=668,000/25,558,768 (2.6%) | failed=0 | rate=348/s | ETA=19:53:11
2026-03-19 17:14:45,263 INFO Progress | batches=337 | indexed=674,000/25,558,768 (2.6%) | failed=0 | rate=348/s | ETA=19:51:32
2026-03-19 17:15:00,270 INFO Progress | batches=341 | indexed=682,000/25,558,768 (2.7%) | failed=0 | rate=349/s | ETA=19:46:18
2026-03-19 17:15:15,281 INFO Progress | batches=342 | indexed=684,000/25,558,768 (2.7%) | failed=0 | rate=348/s | ETA=19:51:50
2026-03-19 17:15:30,291 INFO Progress | batches=345 | indexed=690,000/25,558,768 (2.7%) | failed=0 | rate=348/s | ETA=19:50:12
2026-03-19 17:15:45,301 INFO Progress | batches=348 | indexed=696,000/25,558,768 (2.7%) | failed=0 | rate=349/s | ETA=19:48:36
2026-03-19 17:16:00,309 INFO Progress | batches=350 | indexed=700,000/25,558,768 (2.7%) | failed=0 | rate=348/s | ETA=19:50:30
2026-03-19 17:16:15,317 INFO Progress | batches=352 | indexed=704,000/25,558,768 (2.8%) | failed=0 | rate=347/s | ETA=19:52:22
2026-03-19 17:16:30,324 INFO Progress | batches=357 | indexed=714,000/25,558,768 (2.8%) | failed=0 | rate=350/s | ETA=19:43:54
2026-03-19 17:16:45,349 INFO Progress | batches=359 | indexed=718,000/25,558,768 (2.8%) | failed=0 | rate=349/s | ETA=19:45:47
2026-03-19 17:17:00,360 INFO Progress | batches=362 | indexed=724,000/25,558,768 (2.8%) | failed=0 | rate=350/s | ETA=19:44:15
2026-03-19 17:17:15,367 INFO Progress | batches=364 | indexed=728,000/25,558,768 (2.8%) | failed=0 | rate=349/s | ETA=19:46:05
2026-03-19 17:17:30,378 INFO Progress | batches=368 | indexed=736,000/25,558,768 (2.9%) | failed=0 | rate=350/s | ETA=19:41:15
2026-03-19 17:17:45,384 INFO Progress | batches=370 | indexed=740,000/25,558,768 (2.9%) | failed=0 | rate=350/s | ETA=19:43:04
2026-03-19 17:18:00,396 INFO Progress | batches=374 | indexed=748,000/25,558,768 (2.9%) | failed=0 | rate=351/s | ETA=19:38:20
2026-03-19 17:18:15,404 INFO Progress | batches=376 | indexed=752,000/25,558,768 (2.9%) | failed=0 | rate=350/s | ETA=19:40:08
2026-03-19 17:18:30,409 INFO Progress | batches=380 | indexed=760,000/25,558,768 (3.0%) | failed=0 | rate=352/s | ETA=19:35:29
2026-03-19 17:18:45,421 INFO Progress | batches=381 | indexed=762,000/25,558,768 (3.0%) | failed=0 | rate=350/s | ETA=19:40:27
2026-03-19 17:19:00,460 INFO Progress | batches=385 | indexed=770,000/25,558,768 (3.0%) | failed=0 | rate=351/s | ETA=19:35:53
2026-03-19 17:19:15,471 INFO Progress | batches=387 | indexed=774,000/25,558,768 (3.0%) | failed=0 | rate=351/s | ETA=19:37:37
2026-03-19 17:19:30,482 INFO Progress | batches=391 | indexed=782,000/25,558,768 (3.1%) | failed=0 | rate=352/s | ETA=19:33:08
2026-03-19 17:19:45,485 INFO Progress | batches=392 | indexed=784,000/25,558,768 (3.1%) | failed=0 | rate=351/s | ETA=19:37:57
2026-03-19 17:20:00,486 INFO Progress | batches=395 | indexed=790,000/25,558,768 (3.1%) | failed=0 | rate=351/s | ETA=19:36:33
2026-03-19 17:20:15,495 INFO Progress | batches=398 | indexed=796,000/25,558,768 (3.1%) | failed=0 | rate=351/s | ETA=19:35:11
2026-03-19 17:20:30,500 INFO Progress | batches=400 | indexed=800,000/25,558,768 (3.1%) | failed=0 | rate=351/s | ETA=19:36:51
2026-03-19 17:20:45,502 INFO Progress | batches=404 | indexed=808,000/25,558,768 (3.2%) | failed=0 | rate=352/s | ETA=19:32:29
2026-03-19 17:21:00,505 INFO Progress | batches=405 | indexed=810,000/25,558,768 (3.2%) | failed=0 | rate=350/s | ETA=19:37:08
2026-03-19 17:21:15,508 INFO Progress | batches=408 | indexed=816,000/25,558,768 (3.2%) | failed=0 | rate=351/s | ETA=19:35:47
2026-03-19 17:21:30,517 INFO Progress | batches=412 | indexed=824,000/25,558,768 (3.2%) | failed=0 | rate=352/s | ETA=19:31:30
2026-03-19 17:21:45,671 INFO Progress | batches=413 | indexed=826,000/25,558,768 (3.2%) | failed=0 | rate=350/s | ETA=19:36:08
2026-03-19 17:22:00,689 INFO Progress | batches=416 | indexed=832,000/25,558,768 (3.3%) | failed=0 | rate=351/s | ETA=19:34:48
2026-03-19 17:22:15,691 INFO Progress | batches=419 | indexed=838,000/25,558,768 (3.3%) | failed=0 | rate=351/s | ETA=19:33:29
2026-03-19 17:22:30,698 INFO Progress | batches=421 | indexed=842,000/25,558,768 (3.3%) | failed=0 | rate=351/s | ETA=19:35:04
2026-03-19 17:22:45,704 INFO Progress | batches=424 | indexed=848,000/25,558,768 (3.3%) | failed=0 | rate=351/s | ETA=19:33:45
2026-03-19 17:23:00,716 INFO Progress | batches=426 | indexed=852,000/25,558,768 (3.3%) | failed=0 | rate=350/s | ETA=19:35:19
2026-03-19 17:23:15,724 INFO Progress | batches=428 | indexed=856,000/25,558,768 (3.3%) | failed=0 | rate=350/s | ETA=19:36:51
2026-03-19 17:23:30,727 INFO Progress | batches=433 | indexed=866,000/25,558,768 (3.4%) | failed=0 | rate=352/s | ETA=19:29:55
2026-03-19 17:23:45,735 INFO Progress | batches=434 | indexed=868,000/25,558,768 (3.4%) | failed=0 | rate=350/s | ETA=19:34:14
2026-03-19 17:24:00,746 INFO Progress | batches=437 | indexed=874,000/25,558,768 (3.4%) | failed=0 | rate=351/s | ETA=19:32:58
2026-03-19 17:24:15,753 INFO Progress | batches=440 | indexed=880,000/25,558,768 (3.4%) | failed=0 | rate=351/s | ETA=19:31:42
2026-03-19 17:24:30,755 INFO Progress | batches=442 | indexed=884,000/25,558,768 (3.5%) | failed=0 | rate=351/s | ETA=19:33:11
2026-03-19 17:24:45,765 INFO Progress | batches=445 | indexed=890,000/25,558,768 (3.5%) | failed=0 | rate=351/s | ETA=19:31:56
2026-03-19 17:25:00,767 INFO Progress | batches=446 | indexed=892,000/25,558,768 (3.5%) | failed=0 | rate=350/s | ETA=19:36:07
2026-03-19 17:25:15,775 INFO Progress | batches=449 | indexed=898,000/25,558,768 (3.5%) | failed=0 | rate=350/s | ETA=19:34:51
2026-03-19 17:25:30,784 INFO Progress | batches=453 | indexed=906,000/25,558,768 (3.5%) | failed=0 | rate=351/s | ETA=19:30:54
2026-03-19 17:25:45,794 INFO Progress | batches=455 | indexed=910,000/25,558,768 (3.6%) | failed=0 | rate=350/s | ETA=19:32:20
2026-03-19 17:26:00,799 INFO Progress | batches=458 | indexed=916,000/25,558,768 (3.6%) | failed=0 | rate=351/s | ETA=19:31:06
2026-03-19 17:26:15,800 INFO Progress | batches=462 | indexed=924,000/25,558,768 (3.6%) | failed=0 | rate=352/s | ETA=19:27:15
2026-03-19 17:26:30,808 INFO Progress | batches=464 | indexed=928,000/25,558,768 (3.6%) | failed=0 | rate=351/s | ETA=19:28:40
2026-03-19 17:26:45,812 INFO Progress | batches=466 | indexed=932,000/25,558,768 (3.6%) | failed=0 | rate=351/s | ETA=19:30:04
2026-03-19 17:27:00,815 INFO Progress | batches=468 | indexed=936,000/25,558,768 (3.7%) | failed=0 | rate=350/s | ETA=19:31:28
2026-03-19 17:27:15,827 INFO Progress | batches=472 | indexed=944,000/25,558,768 (3.7%) | failed=0 | rate=351/s | ETA=19:27:41
2026-03-19 17:27:30,838 INFO Progress | batches=474 | indexed=948,000/25,558,768 (3.7%) | failed=0 | rate=351/s | ETA=19:29:04
2026-03-19 17:27:45,849 INFO Progress | batches=476 | indexed=952,000/25,558,768 (3.7%) | failed=0 | rate=350/s | ETA=19:30:26
2026-03-19 17:28:00,851 INFO Progress | batches=478 | indexed=956,000/25,558,768 (3.7%) | failed=0 | rate=350/s | ETA=19:31:46
2026-03-19 17:28:15,855 INFO Progress | batches=481 | indexed=962,000/25,558,768 (3.8%) | failed=0 | rate=350/s | ETA=19:30:35
2026-03-19 17:28:30,859 INFO Progress | batches=485 | indexed=970,000/25,558,768 (3.8%) | failed=0 | rate=351/s | ETA=19:26:53
2026-03-19 17:28:45,862 INFO Progress | batches=487 | indexed=974,000/25,558,768 (3.8%) | failed=0 | rate=351/s | ETA=19:28:13
2026-03-19 17:29:00,869 INFO Progress | batches=489 | indexed=978,000/25,558,768 (3.8%) | failed=0 | rate=350/s | ETA=19:29:32
2026-03-19 17:29:15,876 INFO Progress | batches=493 | indexed=986,000/25,558,768 (3.9%) | failed=0 | rate=351/s | ETA=19:25:54
2026-03-19 17:29:30,880 INFO Progress | batches=496 | indexed=992,000/25,558,768 (3.9%) | failed=0 | rate=352/s | ETA=19:24:45
2026-03-19 17:29:45,891 INFO Progress | batches=499 | indexed=998,000/25,558,768 (3.9%) | failed=0 | rate=352/s | ETA=19:23:38
2026-03-19 17:30:00,925 INFO Progress | batches=500 | indexed=1,000,000/25,558,768 (3.9%) | failed=0 | rate=351/s | ETA=19:27:22
2026-03-19 17:30:15,950 INFO Progress | batches=505 | indexed=1,010,000/25,558,768 (4.0%) | failed=0 | rate=352/s | ETA=19:21:25
2026-03-19 17:30:30,952 INFO Progress | batches=506 | indexed=1,012,000/25,558,768 (4.0%) | failed=0 | rate=351/s | ETA=19:25:06
2026-03-19 17:30:45,956 INFO Progress | batches=510 | indexed=1,020,000/25,558,768 (4.0%) | failed=0 | rate=352/s | ETA=19:21:36
2026-03-19 17:31:00,966 INFO Progress | batches=513 | indexed=1,026,000/25,558,768 (4.0%) | failed=0 | rate=352/s | ETA=19:20:30
2026-03-19 17:31:15,969 INFO Progress | batches=516 | indexed=1,032,000/25,558,768 (4.0%) | failed=0 | rate=353/s | ETA=19:19:25
2026-03-19 17:31:30,970 INFO Progress | batches=519 | indexed=1,038,000/25,558,768 (4.1%) | failed=0 | rate=353/s | ETA=19:18:20
2026-03-19 17:31:45,981 INFO Progress | batches=522 | indexed=1,044,000/25,558,768 (4.1%) | failed=0 | rate=353/s | ETA=19:17:16
2026-03-19 17:32:00,991 INFO Progress | batches=526 | indexed=1,052,000/25,558,768 (4.1%) | failed=0 | rate=354/s | ETA=19:13:55
2026-03-19 17:32:16,000 INFO Progress | batches=528 | indexed=1,056,000/25,558,768 (4.1%) | failed=0 | rate=354/s | ETA=19:15:10
2026-03-19 17:32:31,003 INFO Progress | batches=532 | indexed=1,064,000/25,558,768 (4.2%) | failed=0 | rate=354/s | ETA=19:11:52
2026-03-19 17:32:46,006 INFO Progress | batches=535 | indexed=1,070,000/25,558,768 (4.2%) | failed=0 | rate=355/s | ETA=19:10:51
2026-03-19 17:33:01,007 INFO Progress | batches=536 | indexed=1,072,000/25,558,768 (4.2%) | failed=0 | rate=354/s | ETA=19:14:19
2026-03-19 17:33:16,016 INFO Progress | batches=540 | indexed=1,080,000/25,558,768 (4.2%) | failed=0 | rate=354/s | ETA=19:11:04
2026-03-19 17:33:31,034 INFO Progress | batches=542 | indexed=1,084,000/25,558,768 (4.2%) | failed=0 | rate=354/s | ETA=19:12:17
2026-03-19 17:33:46,052 INFO Progress | batches=545 | indexed=1,090,000/25,558,768 (4.3%) | failed=0 | rate=354/s | ETA=19:11:17
2026-03-19 17:34:01,055 INFO Progress | batches=546 | indexed=1,092,000/25,558,768 (4.3%) | failed=0 | rate=353/s | ETA=19:14:41
2026-03-19 17:34:16,058 INFO Progress | batches=550 | indexed=1,100,000/25,558,768 (4.3%) | failed=0 | rate=354/s | ETA=19:11:28
2026-03-19 17:34:31,065 INFO Progress | batches=552 | indexed=1,104,000/25,558,768 (4.3%) | failed=0 | rate=354/s | ETA=19:12:39
2026-03-19 17:34:46,069 INFO Progress | batches=554 | indexed=1,108,000/25,558,768 (4.3%) | failed=0 | rate=353/s | ETA=19:13:49
2026-03-19 17:35:01,076 INFO Progress | batches=558 | indexed=1,116,000/25,558,768 (4.4%) | failed=0 | rate=354/s | ETA=19:10:39
2026-03-19 17:35:16,082 INFO Progress | batches=560 | indexed=1,120,000/25,558,768 (4.4%) | failed=0 | rate=354/s | ETA=19:11:48
2026-03-19 17:35:31,090 INFO Progress | batches=565 | indexed=1,130,000/25,558,768 (4.4%) | failed=0 | rate=355/s | ETA=19:06:33
2026-03-19 17:35:46,101 INFO Progress | batches=566 | indexed=1,132,000/25,558,768 (4.4%) | failed=0 | rate=354/s | ETA=19:09:50
2026-03-19 17:36:01,103 INFO Progress | batches=570 | indexed=1,140,000/25,558,768 (4.5%) | failed=0 | rate=355/s | ETA=19:06:45
2026-03-19 17:36:16,109 INFO Progress | batches=572 | indexed=1,144,000/25,558,768 (4.5%) | failed=0 | rate=354/s | ETA=19:07:53
2026-03-19 17:36:31,112 INFO Progress | batches=577 | indexed=1,154,000/25,558,768 (4.5%) | failed=0 | rate=356/s | ETA=19:02:46
2026-03-19 17:36:46,119 INFO Progress | batches=579 | indexed=1,158,000/25,558,768 (4.5%) | failed=0 | rate=356/s | ETA=19:03:54
2026-03-19 17:37:01,129 INFO Progress | batches=582 | indexed=1,164,000/25,558,768 (4.6%) | failed=0 | rate=356/s | ETA=19:02:58
2026-03-19 17:37:16,134 INFO Progress | batches=585 | indexed=1,170,000/25,558,768 (4.6%) | failed=0 | rate=356/s | ETA=19:02:02
2026-03-19 17:37:31,140 INFO Progress | batches=588 | indexed=1,176,000/25,558,768 (4.6%) | failed=0 | rate=356/s | ETA=19:01:07
2026-03-19 17:37:46,150 INFO Progress | batches=591 | indexed=1,182,000/25,558,768 (4.6%) | failed=0 | rate=356/s | ETA=19:00:12
2026-03-19 17:38:01,156 INFO Progress | batches=594 | indexed=1,188,000/25,558,768 (4.6%) | failed=0 | rate=357/s | ETA=18:59:18
2026-03-19 17:38:16,167 INFO Progress | batches=596 | indexed=1,192,000/25,558,768 (4.7%) | failed=0 | rate=356/s | ETA=19:00:24
2026-03-19 17:38:31,173 INFO Progress | batches=600 | indexed=1,200,000/25,558,768 (4.7%) | failed=0 | rate=357/s | ETA=18:57:30
2026-03-19 17:38:46,184 INFO Progress | batches=604 | indexed=1,208,000/25,558,768 (4.7%) | failed=0 | rate=358/s | ETA=18:54:38
2026-03-19 17:39:01,186 INFO Progress | batches=607 | indexed=1,214,000/25,558,768 (4.7%) | failed=0 | rate=358/s | ETA=18:53:46
2026-03-19 17:39:16,190 INFO Progress | batches=610 | indexed=1,220,000/25,558,768 (4.8%) | failed=0 | rate=358/s | ETA=18:52:54
2026-03-19 17:39:31,196 INFO Progress | batches=612 | indexed=1,224,000/25,558,768 (4.8%) | failed=0 | rate=358/s | ETA=18:53:59
2026-03-19 17:39:46,215 INFO Progress | batches=614 | indexed=1,228,000/25,558,768 (4.8%) | failed=0 | rate=357/s | ETA=18:55:04
2026-03-19 17:40:01,241 INFO Progress | batches=617 | indexed=1,234,000/25,558,768 (4.8%) | failed=0 | rate=357/s | ETA=18:54:12
2026-03-19 17:40:16,251 INFO Progress | batches=619 | indexed=1,238,000/25,558,768 (4.8%) | failed=0 | rate=357/s | ETA=18:55:16
2026-03-19 17:40:31,260 INFO Progress | batches=623 | indexed=1,246,000/25,558,768 (4.9%) | failed=0 | rate=358/s | ETA=18:52:30
2026-03-19 17:40:46,271 INFO Progress | batches=626 | indexed=1,252,000/25,558,768 (4.9%) | failed=0 | rate=358/s | ETA=18:51:39
2026-03-19 17:41:01,273 INFO Progress | batches=629 | indexed=1,258,000/25,558,768 (4.9%) | failed=0 | rate=358/s | ETA=18:50:48
2026-03-19 17:41:16,284 INFO Progress | batches=633 | indexed=1,266,000/25,558,768 (5.0%) | failed=0 | rate=359/s | ETA=18:48:05
2026-03-19 17:41:31,288 INFO Progress | batches=634 | indexed=1,268,000/25,558,768 (5.0%) | failed=0 | rate=358/s | ETA=18:51:00
2026-03-19 17:41:46,370 INFO Progress | batches=636 | indexed=1,272,000/25,558,768 (5.0%) | failed=0 | rate=358/s | ETA=18:52:04
2026-03-19 17:42:01,388 INFO Progress | batches=640 | indexed=1,280,000/25,558,768 (5.0%) | failed=0 | rate=358/s | ETA=18:49:22
2026-03-19 17:42:16,395 INFO Progress | batches=642 | indexed=1,284,000/25,558,768 (5.0%) | failed=0 | rate=358/s | ETA=18:50:23
2026-03-19 17:42:31,399 INFO Progress | batches=646 | indexed=1,292,000/25,558,768 (5.1%) | failed=0 | rate=359/s | ETA=18:47:43
2026-03-19 17:42:46,401 INFO Progress | batches=650 | indexed=1,300,000/25,558,768 (5.1%) | failed=0 | rate=359/s | ETA=18:45:04
2026-03-19 17:43:01,411 INFO Progress | batches=651 | indexed=1,302,000/25,558,768 (5.1%) | failed=0 | rate=358/s | ETA=18:47:55
2026-03-19 17:43:16,443 INFO Progress | batches=655 | indexed=1,310,000/25,558,768 (5.1%) | failed=0 | rate=359/s | ETA=18:45:17
2026-03-19 17:43:31,448 INFO Progress | batches=658 | indexed=1,316,000/25,558,768 (5.1%) | failed=0 | rate=359/s | ETA=18:44:29
2026-03-19 17:43:46,450 INFO Progress | batches=660 | indexed=1,320,000/25,558,768 (5.2%) | failed=0 | rate=359/s | ETA=18:45:29
2026-03-19 17:44:01,455 INFO Progress | batches=663 | indexed=1,326,000/25,558,768 (5.2%) | failed=0 | rate=359/s | ETA=18:44:41
2026-03-19 17:44:16,464 INFO Progress | batches=666 | indexed=1,332,000/25,558,768 (5.2%) | failed=0 | rate=359/s | ETA=18:43:54
2026-03-19 17:44:31,472 INFO Progress | batches=668 | indexed=1,336,000/25,558,768 (5.2%) | failed=0 | rate=359/s | ETA=18:44:53
2026-03-19 17:44:46,483 INFO Progress | batches=672 | indexed=1,344,000/25,558,768 (5.3%) | failed=0 | rate=360/s | ETA=18:42:19
2026-03-19 17:45:01,625 INFO Progress | batches=673 | indexed=1,346,000/25,558,768 (5.3%) | failed=0 | rate=359/s | ETA=18:45:06
2026-03-19 17:45:16,647 INFO Progress | batches=677 | indexed=1,354,000/25,558,768 (5.3%) | failed=0 | rate=359/s | ETA=18:42:34
2026-03-19 17:45:31,648 INFO Progress | batches=680 | indexed=1,360,000/25,558,768 (5.3%) | failed=0 | rate=360/s | ETA=18:41:47
2026-03-19 17:45:46,655 INFO Progress | batches=682 | indexed=1,364,000/25,558,768 (5.3%) | failed=0 | rate=359/s | ETA=18:42:44
2026-03-19 17:46:01,666 INFO Progress | batches=685 | indexed=1,370,000/25,558,768 (5.4%) | failed=0 | rate=359/s | ETA=18:41:58
2026-03-19 17:46:16,668 INFO Progress | batches=687 | indexed=1,374,000/25,558,768 (5.4%) | failed=0 | rate=359/s | ETA=18:42:55
2026-03-19 17:46:31,677 INFO Progress | batches=692 | indexed=1,384,000/25,558,768 (5.4%) | failed=0 | rate=360/s | ETA=18:38:42
2026-03-19 17:46:46,680 INFO Progress | batches=693 | indexed=1,386,000/25,558,768 (5.4%) | failed=0 | rate=359/s | ETA=18:41:22
2026-03-19 17:47:01,689 INFO Progress | batches=697 | indexed=1,394,000/25,558,768 (5.5%) | failed=0 | rate=360/s | ETA=18:38:54
2026-03-19 17:47:16,699 INFO Progress | batches=698 | indexed=1,396,000/25,558,768 (5.5%) | failed=0 | rate=359/s | ETA=18:41:32
2026-03-19 17:47:31,705 INFO Progress | batches=701 | indexed=1,402,000/25,558,768 (5.5%) | failed=0 | rate=359/s | ETA=18:40:46
2026-03-19 17:47:46,714 INFO Progress | batches=703 | indexed=1,406,000/25,558,768 (5.5%) | failed=0 | rate=359/s | ETA=18:41:41
2026-03-19 17:48:01,724 INFO Progress | batches=707 | indexed=1,414,000/25,558,768 (5.5%) | failed=0 | rate=360/s | ETA=18:39:14
2026-03-19 17:48:16,749 INFO Progress | batches=710 | indexed=1,420,000/25,558,768 (5.6%) | failed=0 | rate=360/s | ETA=18:38:29
2026-03-19 17:48:31,755 INFO Progress | batches=714 | indexed=1,428,000/25,558,768 (5.6%) | failed=0 | rate=360/s | ETA=18:36:05
2026-03-19 17:48:46,764 INFO Progress | batches=716 | indexed=1,432,000/25,558,768 (5.6%) | failed=0 | rate=360/s | ETA=18:37:00
2026-03-19 17:49:01,771 INFO Progress | batches=719 | indexed=1,438,000/25,558,768 (5.6%) | failed=0 | rate=360/s | ETA=18:36:15
2026-03-19 17:49:16,780 INFO Progress | batches=722 | indexed=1,444,000/25,558,768 (5.6%) | failed=0 | rate=360/s | ETA=18:35:31
2026-03-19 17:49:31,787 INFO Progress | batches=726 | indexed=1,452,000/25,558,768 (5.7%) | failed=0 | rate=361/s | ETA=18:33:09
2026-03-19 17:49:46,797 INFO Progress | batches=727 | indexed=1,454,000/25,558,768 (5.7%) | failed=0 | rate=360/s | ETA=18:35:41
2026-03-19 17:50:01,808 INFO Progress | batches=730 | indexed=1,460,000/25,558,768 (5.7%) | failed=0 | rate=360/s | ETA=18:34:57
2026-03-19 17:50:16,813 INFO Progress | batches=733 | indexed=1,466,000/25,558,768 (5.7%) | failed=0 | rate=360/s | ETA=18:34:13
2026-03-19 17:50:31,822 INFO Progress | batches=737 | indexed=1,474,000/25,558,768 (5.8%) | failed=0 | rate=361/s | ETA=18:31:53
2026-03-19 17:50:46,833 INFO Progress | batches=739 | indexed=1,478,000/25,558,768 (5.8%) | failed=0 | rate=361/s | ETA=18:32:46
2026-03-19 17:51:01,844 INFO Progress | batches=740 | indexed=1,480,000/25,558,768 (5.8%) | failed=0 | rate=360/s | ETA=18:35:15
2026-03-19 17:51:16,853 INFO Progress | batches=744 | indexed=1,488,000/25,558,768 (5.8%) | failed=0 | rate=360/s | ETA=18:32:56
2026-03-19 17:51:31,864 INFO Progress | batches=746 | indexed=1,492,000/25,558,768 (5.8%) | failed=0 | rate=360/s | ETA=18:33:48
2026-03-19 17:51:46,867 INFO Progress | batches=747 | indexed=1,494,000/25,558,768 (5.8%) | failed=0 | rate=359/s | ETA=18:36:14
2026-03-19 17:52:01,878 INFO Progress | batches=749 | indexed=1,498,000/25,558,768 (5.9%) | failed=0 | rate=359/s | ETA=18:37:06
2026-03-19 17:52:16,886 INFO Progress | batches=754 | indexed=1,508,000/25,558,768 (5.9%) | failed=0 | rate=360/s | ETA=18:33:13
2026-03-19 17:52:31,896 INFO Progress | batches=757 | indexed=1,514,000/25,558,768 (5.9%) | failed=0 | rate=360/s | ETA=18:32:30
2026-03-19 17:52:46,903 INFO Progress | batches=760 | indexed=1,520,000/25,558,768 (5.9%) | failed=0 | rate=360/s | ETA=18:31:47
2026-03-19 17:53:01,913 INFO Progress | batches=763 | indexed=1,526,000/25,558,768 (6.0%) | failed=0 | rate=361/s | ETA=18:31:05
2026-03-19 17:53:16,924 INFO Progress | batches=765 | indexed=1,530,000/25,558,768 (6.0%) | failed=0 | rate=360/s | ETA=18:31:55
2026-03-19 17:53:31,930 INFO Progress | batches=768 | indexed=1,536,000/25,558,768 (6.0%) | failed=0 | rate=360/s | ETA=18:31:12
2026-03-19 17:53:46,938 INFO Progress | batches=771 | indexed=1,542,000/25,558,768 (6.0%) | failed=0 | rate=360/s | ETA=18:30:30
2026-03-19 17:54:01,941 INFO Progress | batches=773 | indexed=1,546,000/25,558,768 (6.0%) | failed=0 | rate=360/s | ETA=18:31:20
2026-03-19 17:54:16,952 INFO Progress | batches=775 | indexed=1,550,000/25,558,768 (6.1%) | failed=0 | rate=360/s | ETA=18:32:09
2026-03-19 17:54:31,960 INFO Progress | batches=780 | indexed=1,560,000/25,558,768 (6.1%) | failed=0 | rate=361/s | ETA=18:28:25
2026-03-19 17:54:46,971 INFO Progress | batches=781 | indexed=1,562,000/25,558,768 (6.1%) | failed=0 | rate=360/s | ETA=18:30:45
2026-03-19 17:55:01,977 INFO Progress | batches=784 | indexed=1,568,000/25,558,768 (6.1%) | failed=0 | rate=360/s | ETA=18:30:03
2026-03-19 17:55:16,987 INFO Progress | batches=787 | indexed=1,574,000/25,558,768 (6.2%) | failed=0 | rate=360/s | ETA=18:29:21
2026-03-19 17:55:31,998 INFO Progress | batches=789 | indexed=1,578,000/25,558,768 (6.2%) | failed=0 | rate=360/s | ETA=18:30:09
2026-03-19 17:55:47,004 INFO Progress | batches=790 | indexed=1,580,000/25,558,768 (6.2%) | failed=0 | rate=359/s | ETA=18:32:27
2026-03-19 17:56:02,015 INFO Progress | batches=793 | indexed=1,586,000/25,558,768 (6.2%) | failed=0 | rate=359/s | ETA=18:31:45
2026-03-19 17:56:17,020 INFO Progress | batches=798 | indexed=1,596,000/25,558,768 (6.2%) | failed=0 | rate=360/s | ETA=18:28:04
2026-03-19 17:56:32,023 INFO Progress | batches=800 | indexed=1,600,000/25,558,768 (6.3%) | failed=0 | rate=360/s | ETA=18:28:52
2026-03-19 17:56:47,029 INFO Progress | batches=804 | indexed=1,608,000/25,558,768 (6.3%) | failed=0 | rate=361/s | ETA=18:26:42
2026-03-19 17:57:02,037 INFO Progress | batches=807 | indexed=1,614,000/25,558,768 (6.3%) | failed=0 | rate=361/s | ETA=18:26:01
2026-03-19 17:57:17,042 INFO Progress | batches=809 | indexed=1,618,000/25,558,768 (6.3%) | failed=0 | rate=361/s | ETA=18:26:48
2026-03-19 17:57:32,049 INFO Progress | batches=812 | indexed=1,624,000/25,558,768 (6.4%) | failed=0 | rate=361/s | ETA=18:26:08
2026-03-19 17:57:47,050 INFO Progress | batches=816 | indexed=1,632,000/25,558,768 (6.4%) | failed=0 | rate=361/s | ETA=18:24:00
2026-03-19 17:58:02,053 INFO Progress | batches=818 | indexed=1,636,000/25,558,768 (6.4%) | failed=0 | rate=361/s | ETA=18:24:46
2026-03-19 17:58:17,063 INFO Progress | batches=820 | indexed=1,640,000/25,558,768 (6.4%) | failed=0 | rate=361/s | ETA=18:25:33
2026-03-19 17:58:32,066 INFO Progress | batches=821 | indexed=1,642,000/25,558,768 (6.4%) | failed=0 | rate=360/s | ETA=18:27:45
2026-03-19 17:58:47,076 INFO Progress | batches=824 | indexed=1,648,000/25,558,768 (6.4%) | failed=0 | rate=360/s | ETA=18:27:04
2026-03-19 17:59:02,079 INFO Progress | batches=828 | indexed=1,656,000/25,558,768 (6.5%) | failed=0 | rate=361/s | ETA=18:24:58
2026-03-19 17:59:17,090 INFO Progress | batches=829 | indexed=1,658,000/25,558,768 (6.5%) | failed=0 | rate=360/s | ETA=18:27:08
2026-03-19 17:59:32,092 INFO Progress | batches=832 | indexed=1,664,000/25,558,768 (6.5%) | failed=0 | rate=360/s | ETA=18:26:28
2026-03-19 17:59:47,102 INFO Progress | batches=835 | indexed=1,670,000/25,558,768 (6.5%) | failed=0 | rate=360/s | ETA=18:25:47
2026-03-19 18:00:02,112 INFO Progress | batches=836 | indexed=1,672,000/25,558,768 (6.5%) | failed=0 | rate=359/s | ETA=18:27:57
2026-03-19 18:00:17,115 INFO Progress | batches=840 | indexed=1,680,000/25,558,768 (6.6%) | failed=0 | rate=360/s | ETA=18:25:51
2026-03-19 18:00:32,121 INFO Progress | batches=841 | indexed=1,682,000/25,558,768 (6.6%) | failed=0 | rate=359/s | ETA=18:28:00
2026-03-19 18:00:47,130 INFO Progress | batches=844 | indexed=1,688,000/25,558,768 (6.6%) | failed=0 | rate=359/s | ETA=18:27:19
2026-03-19 18:01:02,134 INFO Progress | batches=846 | indexed=1,692,000/25,558,768 (6.6%) | failed=0 | rate=359/s | ETA=18:28:03
2026-03-19 18:01:17,135 INFO Progress | batches=849 | indexed=1,698,000/25,558,768 (6.6%) | failed=0 | rate=359/s | ETA=18:27:22
2026-03-19 18:01:32,145 INFO Progress | batches=852 | indexed=1,704,000/25,558,768 (6.7%) | failed=0 | rate=359/s | ETA=18:26:41
2026-03-19 18:01:47,153 INFO Progress | batches=854 | indexed=1,708,000/25,558,768 (6.7%) | failed=0 | rate=359/s | ETA=18:27:24
2026-03-19 18:02:02,157 INFO Progress | batches=858 | indexed=1,716,000/25,558,768 (6.7%) | failed=0 | rate=360/s | ETA=18:25:21
2026-03-19 18:02:17,165 INFO Progress | batches=859 | indexed=1,718,000/25,558,768 (6.7%) | failed=0 | rate=359/s | ETA=18:27:26
2026-03-19 18:02:32,167 INFO Progress | batches=863 | indexed=1,726,000/25,558,768 (6.8%) | failed=0 | rate=359/s | ETA=18:25:23
2026-03-19 18:02:47,169 INFO Progress | batches=864 | indexed=1,728,000/25,558,768 (6.8%) | failed=0 | rate=359/s | ETA=18:27:28
2026-03-19 18:03:02,175 INFO Progress | batches=868 | indexed=1,736,000/25,558,768 (6.8%) | failed=0 | rate=359/s | ETA=18:25:25
2026-03-19 18:03:17,179 INFO Progress | batches=870 | indexed=1,740,000/25,558,768 (6.8%) | failed=0 | rate=359/s | ETA=18:26:07
2026-03-19 18:03:32,190 INFO Progress | batches=873 | indexed=1,746,000/25,558,768 (6.8%) | failed=0 | rate=359/s | ETA=18:25:27
2026-03-19 18:03:47,194 INFO Progress | batches=876 | indexed=1,752,000/25,558,768 (6.9%) | failed=0 | rate=359/s | ETA=18:24:47
2026-03-19 18:04:02,199 INFO Progress | batches=879 | indexed=1,758,000/25,558,768 (6.9%) | failed=0 | rate=359/s | ETA=18:24:08
2026-03-19 18:04:17,208 INFO Progress | batches=880 | indexed=1,760,000/25,558,768 (6.9%) | failed=0 | rate=359/s | ETA=18:26:10
2026-03-19 18:04:32,221 INFO Progress | batches=882 | indexed=1,764,000/25,558,768 (6.9%) | failed=0 | rate=358/s | ETA=18:26:51
2026-03-19 18:04:47,229 INFO Progress | batches=884 | indexed=1,768,000/25,558,768 (6.9%) | failed=0 | rate=358/s | ETA=18:27:31
2026-03-19 18:05:02,230 INFO Progress | batches=886 | indexed=1,772,000/25,558,768 (6.9%) | failed=0 | rate=358/s | ETA=18:28:11
2026-03-19 18:05:17,231 INFO Progress | batches=890 | indexed=1,780,000/25,558,768 (7.0%) | failed=0 | rate=358/s | ETA=18:26:11
2026-03-19 18:05:32,237 INFO Progress | batches=892 | indexed=1,784,000/25,558,768 (7.0%) | failed=0 | rate=358/s | ETA=18:26:51
2026-03-19 18:05:47,241 INFO Progress | batches=893 | indexed=1,786,000/25,558,768 (7.0%) | failed=0 | rate=357/s | ETA=18:28:50
2026-03-19 18:06:02,244 INFO Progress | batches=895 | indexed=1,790,000/25,558,768 (7.0%) | failed=0 | rate=357/s | ETA=18:29:30
2026-03-19 18:06:17,248 INFO Progress | batches=898 | indexed=1,796,000/25,558,768 (7.0%) | failed=0 | rate=357/s | ETA=18:28:49
2026-03-19 18:06:32,252 INFO Progress | batches=900 | indexed=1,800,000/25,558,768 (7.0%) | failed=0 | rate=357/s | ETA=18:29:28
2026-03-19 18:06:47,255 INFO Progress | batches=903 | indexed=1,806,000/25,558,768 (7.1%) | failed=0 | rate=357/s | ETA=18:28:48
2026-03-19 18:07:02,268 INFO Progress | batches=906 | indexed=1,812,000/25,558,768 (7.1%) | failed=0 | rate=357/s | ETA=18:28:07
2026-03-19 18:07:17,286 INFO Progress | batches=908 | indexed=1,816,000/25,558,768 (7.1%) | failed=0 | rate=357/s | ETA=18:28:46
2026-03-19 18:07:32,294 INFO Progress | batches=911 | indexed=1,822,000/25,558,768 (7.1%) | failed=0 | rate=357/s | ETA=18:28:06
2026-03-19 18:07:47,310 INFO Progress | batches=912 | indexed=1,824,000/25,558,768 (7.1%) | failed=0 | rate=356/s | ETA=18:30:03
2026-03-19 18:08:02,328 INFO Progress | batches=915 | indexed=1,830,000/25,558,768 (7.2%) | failed=0 | rate=356/s | ETA=18:29:22
2026-03-19 18:08:17,338 INFO Progress | batches=918 | indexed=1,836,000/25,558,768 (7.2%) | failed=0 | rate=357/s | ETA=18:28:42
2026-03-19 18:08:32,351 INFO Progress | batches=919 | indexed=1,838,000/25,558,768 (7.2%) | failed=0 | rate=356/s | ETA=18:30:38
2026-03-19 18:08:47,371 INFO Progress | batches=923 | indexed=1,846,000/25,558,768 (7.2%) | failed=0 | rate=356/s | ETA=18:28:39
2026-03-19 18:09:02,377 INFO Progress | batches=926 | indexed=1,852,000/25,558,768 (7.2%) | failed=0 | rate=357/s | ETA=18:27:59
2026-03-19 18:09:17,387 INFO Progress | batches=930 | indexed=1,860,000/25,558,768 (7.3%) | failed=0 | rate=357/s | ETA=18:26:02
2026-03-19 18:09:32,394 INFO Progress | batches=932 | indexed=1,864,000/25,558,768 (7.3%) | failed=0 | rate=357/s | ETA=18:26:39
2026-03-19 18:09:47,401 INFO Progress | batches=933 | indexed=1,866,000/25,558,768 (7.3%) | failed=0 | rate=356/s | ETA=18:28:33
2026-03-19 18:10:02,419 INFO Progress | batches=935 | indexed=1,870,000/25,558,768 (7.3%) | failed=0 | rate=356/s | ETA=18:29:10
2026-03-19 18:10:17,578 INFO Progress | batches=938 | indexed=1,876,000/25,558,768 (7.3%) | failed=0 | rate=356/s | ETA=18:28:32
2026-03-19 18:10:32,597 INFO Progress | batches=941 | indexed=1,882,000/25,558,768 (7.4%) | failed=0 | rate=356/s | ETA=18:27:52
2026-03-19 18:10:47,608 INFO Progress | batches=943 | indexed=1,886,000/25,558,768 (7.4%) | failed=0 | rate=356/s | ETA=18:28:28
2026-03-19 18:11:02,618 INFO Progress | batches=945 | indexed=1,890,000/25,558,768 (7.4%) | failed=0 | rate=356/s | ETA=18:29:04
2026-03-19 18:11:17,627 INFO Progress | batches=947 | indexed=1,894,000/25,558,768 (7.4%) | failed=0 | rate=355/s | ETA=18:29:40
2026-03-19 18:11:32,631 INFO Progress | batches=951 | indexed=1,902,000/25,558,768 (7.4%) | failed=0 | rate=356/s | ETA=18:27:44
2026-03-19 18:11:47,642 INFO Progress | batches=952 | indexed=1,904,000/25,558,768 (7.4%) | failed=0 | rate=355/s | ETA=18:29:35
2026-03-19 18:12:02,651 INFO Progress | batches=955 | indexed=1,910,000/25,558,768 (7.5%) | failed=0 | rate=355/s | ETA=18:28:55
2026-03-19 18:12:17,661 INFO Progress | batches=957 | indexed=1,914,000/25,558,768 (7.5%) | failed=0 | rate=355/s | ETA=18:29:30
2026-03-19 18:12:32,671 INFO Progress | batches=959 | indexed=1,918,000/25,558,768 (7.5%) | failed=0 | rate=355/s | ETA=18:30:05
2026-03-19 18:12:47,681 INFO Progress | batches=962 | indexed=1,924,000/25,558,768 (7.5%) | failed=0 | rate=355/s | ETA=18:29:25
2026-03-19 18:13:02,684 INFO Progress | batches=965 | indexed=1,930,000/25,558,768 (7.6%) | failed=0 | rate=355/s | ETA=18:28:45
2026-03-19 18:13:17,687 INFO Progress | batches=967 | indexed=1,934,000/25,558,768 (7.6%) | failed=0 | rate=355/s | ETA=18:29:19
2026-03-19 18:13:32,694 INFO Progress | batches=970 | indexed=1,940,000/25,558,768 (7.6%) | failed=0 | rate=355/s | ETA=18:28:39
2026-03-19 18:13:47,713 INFO Progress | batches=973 | indexed=1,946,000/25,558,768 (7.6%) | failed=0 | rate=355/s | ETA=18:27:59
2026-03-19 18:14:02,726 INFO Progress | batches=976 | indexed=1,952,000/25,558,768 (7.6%) | failed=0 | rate=355/s | ETA=18:27:20
2026-03-19 18:14:17,735 INFO Progress | batches=977 | indexed=1,954,000/25,558,768 (7.6%) | failed=0 | rate=355/s | ETA=18:29:07
2026-03-19 18:14:32,737 INFO Progress | batches=980 | indexed=1,960,000/25,558,768 (7.7%) | failed=0 | rate=355/s | ETA=18:28:27
2026-03-19 18:14:47,743 INFO Progress | batches=982 | indexed=1,964,000/25,558,768 (7.7%) | failed=0 | rate=355/s | ETA=18:29:01
2026-03-19 18:15:02,746 INFO Progress | batches=985 | indexed=1,970,000/25,558,768 (7.7%) | failed=0 | rate=355/s | ETA=18:28:21
2026-03-19 18:15:17,779 INFO Progress | batches=988 | indexed=1,976,000/25,558,768 (7.7%) | failed=0 | rate=355/s | ETA=18:27:42
2026-03-19 18:15:32,781 INFO Progress | batches=990 | indexed=1,980,000/25,558,768 (7.7%) | failed=0 | rate=355/s | ETA=18:28:15
2026-03-19 18:15:47,783 INFO Progress | batches=993 | indexed=1,986,000/25,558,768 (7.8%) | failed=0 | rate=355/s | ETA=18:27:35
2026-03-19 18:16:02,793 INFO Progress | batches=996 | indexed=1,992,000/25,558,768 (7.8%) | failed=0 | rate=355/s | ETA=18:26:56
2026-03-19 18:16:17,803 INFO Progress | batches=997 | indexed=1,994,000/25,558,768 (7.8%) | failed=0 | rate=354/s | ETA=18:28:41
2026-03-19 18:16:32,808 INFO Progress | batches=1001 | indexed=2,002,000/25,558,768 (7.8%) | failed=0 | rate=355/s | ETA=18:26:49
2026-03-19 18:16:47,814 INFO Progress | batches=1003 | indexed=2,006,000/25,558,768 (7.8%) | failed=0 | rate=354/s | ETA=18:27:22
2026-03-19 18:17:02,824 INFO Progress | batches=1004 | indexed=2,008,000/25,558,768 (7.9%) | failed=0 | rate=354/s | ETA=18:29:06
2026-03-19 18:17:17,830 INFO Progress | batches=1009 | indexed=2,018,000/25,558,768 (7.9%) | failed=0 | rate=355/s | ETA=18:26:03
2026-03-19 18:17:32,836 INFO Progress | batches=1010 | indexed=2,020,000/25,558,768 (7.9%) | failed=0 | rate=354/s | ETA=18:27:47
2026-03-19 18:17:47,847 INFO Progress | batches=1013 | indexed=2,026,000/25,558,768 (7.9%) | failed=0 | rate=354/s | ETA=18:27:07
2026-03-19 18:18:02,857 INFO Progress | batches=1016 | indexed=2,032,000/25,558,768 (8.0%) | failed=0 | rate=354/s | ETA=18:26:28
2026-03-19 18:18:17,868 INFO Progress | batches=1018 | indexed=2,036,000/25,558,768 (8.0%) | failed=0 | rate=354/s | ETA=18:27:00
2026-03-19 18:18:32,880 INFO Progress | batches=1019 | indexed=2,038,000/25,558,768 (8.0%) | failed=0 | rate=354/s | ETA=18:28:42
2026-03-19 18:18:47,885 INFO Progress | batches=1022 | indexed=2,044,000/25,558,768 (8.0%) | failed=0 | rate=354/s | ETA=18:28:03
2026-03-19 18:19:02,889 INFO Progress | batches=1024 | indexed=2,048,000/25,558,768 (8.0%) | failed=0 | rate=353/s | ETA=18:28:34
2026-03-19 18:19:17,897 INFO Progress | batches=1028 | indexed=2,056,000/25,558,768 (8.0%) | failed=0 | rate=354/s | ETA=18:26:44
2026-03-19 18:19:32,901 INFO Progress | batches=1029 | indexed=2,058,000/25,558,768 (8.1%) | failed=0 | rate=353/s | ETA=18:28:25
2026-03-19 18:19:47,909 INFO Progress | batches=1032 | indexed=2,064,000/25,558,768 (8.1%) | failed=0 | rate=353/s | ETA=18:27:46
2026-03-19 18:20:02,910 INFO Progress | batches=1034 | indexed=2,068,000/25,558,768 (8.1%) | failed=0 | rate=353/s | ETA=18:28:16
2026-03-19 18:20:17,918 INFO Progress | batches=1036 | indexed=2,072,000/25,558,768 (8.1%) | failed=0 | rate=353/s | ETA=18:28:47
2026-03-19 18:20:32,924 INFO Progress | batches=1039 | indexed=2,078,000/25,558,768 (8.1%) | failed=0 | rate=353/s | ETA=18:28:07
2026-03-19 18:20:47,930 INFO Progress | batches=1041 | indexed=2,082,000/25,558,768 (8.1%) | failed=0 | rate=353/s | ETA=18:28:37
2026-03-19 18:21:02,941 INFO Progress | batches=1044 | indexed=2,088,000/25,558,768 (8.2%) | failed=0 | rate=353/s | ETA=18:27:58
2026-03-19 18:21:17,943 INFO Progress | batches=1047 | indexed=2,094,000/25,558,768 (8.2%) | failed=0 | rate=353/s | ETA=18:27:19
2026-03-19 18:21:32,948 INFO Progress | batches=1049 | indexed=2,098,000/25,558,768 (8.2%) | failed=0 | rate=353/s | ETA=18:27:48
2026-03-19 18:21:47,958 INFO Progress | batches=1051 | indexed=2,102,000/25,558,768 (8.2%) | failed=0 | rate=353/s | ETA=18:28:18
2026-03-19 18:22:02,969 INFO Progress | batches=1055 | indexed=2,110,000/25,558,768 (8.3%) | failed=0 | rate=353/s | ETA=18:26:30
2026-03-19 18:22:17,976 INFO Progress | batches=1057 | indexed=2,114,000/25,558,768 (8.3%) | failed=0 | rate=353/s | ETA=18:27:00
2026-03-19 18:22:32,984 INFO Progress | batches=1061 | indexed=2,122,000/25,558,768 (8.3%) | failed=0 | rate=353/s | ETA=18:25:13
2026-03-19 18:22:47,992 INFO Progress | batches=1064 | indexed=2,128,000/25,558,768 (8.3%) | failed=0 | rate=354/s | ETA=18:24:34
2026-03-19 18:23:03,002 INFO Progress | batches=1066 | indexed=2,132,000/25,558,768 (8.3%) | failed=0 | rate=353/s | ETA=18:25:03
2026-03-19 18:23:18,013 INFO Progress | batches=1069 | indexed=2,138,000/25,558,768 (8.4%) | failed=0 | rate=353/s | ETA=18:24:25
2026-03-19 18:23:33,020 INFO Progress | batches=1071 | indexed=2,142,000/25,558,768 (8.4%) | failed=0 | rate=353/s | ETA=18:24:54
2026-03-19 18:23:48,029 INFO Progress | batches=1074 | indexed=2,148,000/25,558,768 (8.4%) | failed=0 | rate=353/s | ETA=18:24:15
2026-03-19 18:24:03,035 INFO Progress | batches=1076 | indexed=2,152,000/25,558,768 (8.4%) | failed=0 | rate=353/s | ETA=18:24:44
2026-03-19 18:24:18,040 INFO Progress | batches=1077 | indexed=2,154,000/25,558,768 (8.4%) | failed=0 | rate=353/s | ETA=18:26:20
2026-03-19 18:24:33,050 INFO Progress | batches=1080 | indexed=2,160,000/25,558,768 (8.5%) | failed=0 | rate=353/s | ETA=18:25:41
2026-03-19 18:24:48,054 INFO Progress | batches=1082 | indexed=2,164,000/25,558,768 (8.5%) | failed=0 | rate=352/s | ETA=18:26:09
2026-03-19 18:25:03,062 INFO Progress | batches=1085 | indexed=2,170,000/25,558,768 (8.5%) | failed=0 | rate=353/s | ETA=18:25:30
2026-03-19 18:25:18,136 INFO Progress | batches=1086 | indexed=2,172,000/25,558,768 (8.5%) | failed=0 | rate=352/s | ETA=18:27:06
2026-03-19 18:25:33,154 INFO Progress | batches=1089 | indexed=2,178,000/25,558,768 (8.5%) | failed=0 | rate=352/s | ETA=18:26:27
2026-03-19 18:25:48,157 INFO Progress | batches=1090 | indexed=2,180,000/25,558,768 (8.5%) | failed=0 | rate=352/s | ETA=18:28:02
2026-03-19 18:26:03,163 INFO Progress | batches=1094 | indexed=2,188,000/25,558,768 (8.6%) | failed=0 | rate=352/s | ETA=18:26:16
2026-03-19 18:26:18,168 INFO Progress | batches=1095 | indexed=2,190,000/25,558,768 (8.6%) | failed=0 | rate=352/s | ETA=18:27:50
2026-03-19 18:26:33,172 INFO Progress | batches=1098 | indexed=2,196,000/25,558,768 (8.6%) | failed=0 | rate=352/s | ETA=18:27:11
2026-03-19 18:26:48,183 INFO Progress | batches=1100 | indexed=2,200,000/25,558,768 (8.6%) | failed=0 | rate=351/s | ETA=18:27:38
2026-03-19 18:27:03,190 INFO Progress | batches=1102 | indexed=2,204,000/25,558,768 (8.6%) | failed=0 | rate=351/s | ETA=18:28:05
2026-03-19 18:27:18,362 INFO Progress | batches=1103 | indexed=2,206,000/25,558,768 (8.6%) | failed=0 | rate=351/s | ETA=18:29:40
2026-03-19 18:27:33,376 INFO Progress | batches=1104 | indexed=2,208,000/25,558,768 (8.6%) | failed=0 | rate=350/s | ETA=18:31:13
2026-03-19 18:27:48,383 INFO Progress | batches=1108 | indexed=2,216,000/25,558,768 (8.7%) | failed=0 | rate=351/s | ETA=18:29:27
2026-03-19 18:28:03,389 INFO Progress | batches=1111 | indexed=2,222,000/25,558,768 (8.7%) | failed=0 | rate=351/s | ETA=18:28:48
2026-03-19 18:28:18,393 INFO Progress | batches=1113 | indexed=2,226,000/25,558,768 (8.7%) | failed=0 | rate=351/s | ETA=18:29:14
2026-03-19 18:28:33,398 INFO Progress | batches=1114 | indexed=2,228,000/25,558,768 (8.7%) | failed=0 | rate=350/s | ETA=18:30:46
2026-03-19 18:28:48,404 INFO Progress | batches=1116 | indexed=2,232,000/25,558,768 (8.7%) | failed=0 | rate=350/s | ETA=18:31:12
2026-03-19 18:29:03,409 INFO Progress | batches=1118 | indexed=2,236,000/25,558,768 (8.7%) | failed=0 | rate=350/s | ETA=18:31:38
2026-03-19 18:29:18,419 INFO Progress | batches=1120 | indexed=2,240,000/25,558,768 (8.8%) | failed=0 | rate=349/s | ETA=18:32:04
2026-03-19 18:29:33,425 INFO Progress | batches=1123 | indexed=2,246,000/25,558,768 (8.8%) | failed=0 | rate=350/s | ETA=18:31:24
2026-03-19 18:29:48,432 INFO Progress | batches=1124 | indexed=2,248,000/25,558,768 (8.8%) | failed=0 | rate=349/s | ETA=18:32:55
2026-03-19 18:30:03,438 INFO Progress | batches=1127 | indexed=2,254,000/25,558,768 (8.8%) | failed=0 | rate=349/s | ETA=18:32:15
2026-03-19 18:30:18,443 INFO Progress | batches=1127 | indexed=2,254,000/25,558,768 (8.8%) | failed=0 | rate=348/s | ETA=18:34:50
2026-03-19 18:30:33,449 INFO Progress | batches=1130 | indexed=2,260,000/25,558,768 (8.8%) | failed=0 | rate=349/s | ETA=18:34:10
2026-03-19 18:30:48,452 INFO Progress | batches=1133 | indexed=2,266,000/25,558,768 (8.9%) | failed=0 | rate=349/s | ETA=18:33:30
2026-03-19 18:31:03,458 INFO Progress | batches=1134 | indexed=2,268,000/25,558,768 (8.9%) | failed=0 | rate=348/s | ETA=18:34:59
2026-03-19 18:31:18,462 INFO Progress | batches=1137 | indexed=2,274,000/25,558,768 (8.9%) | failed=0 | rate=348/s | ETA=18:34:19
2026-03-19 18:31:33,464 INFO Progress | batches=1139 | indexed=2,278,000/25,558,768 (8.9%) | failed=0 | rate=348/s | ETA=18:34:44
2026-03-19 18:31:48,470 INFO Progress | batches=1142 | indexed=2,284,000/25,558,768 (8.9%) | failed=0 | rate=348/s | ETA=18:34:04
2026-03-19 18:32:03,476 INFO Progress | batches=1145 | indexed=2,290,000/25,558,768 (9.0%) | failed=0 | rate=348/s | ETA=18:33:24
2026-03-19 18:32:18,480 INFO Progress | batches=1147 | indexed=2,294,000/25,558,768 (9.0%) | failed=0 | rate=348/s | ETA=18:33:48
2026-03-19 18:32:33,485 INFO Progress | batches=1150 | indexed=2,300,000/25,558,768 (9.0%) | failed=0 | rate=348/s | ETA=18:33:08
2026-03-19 18:32:48,503 INFO Progress | batches=1153 | indexed=2,306,000/25,558,768 (9.0%) | failed=0 | rate=348/s | ETA=18:32:29
2026-03-19 18:33:03,508 INFO Progress | batches=1154 | indexed=2,308,000/25,558,768 (9.0%) | failed=0 | rate=348/s | ETA=18:33:56
2026-03-19 18:33:18,509 INFO Progress | batches=1157 | indexed=2,314,000/25,558,768 (9.1%) | failed=0 | rate=348/s | ETA=18:33:17
2026-03-19 18:33:33,515 INFO Progress | batches=1160 | indexed=2,320,000/25,558,768 (9.1%) | failed=0 | rate=348/s | ETA=18:32:37
2026-03-19 18:33:48,517 INFO Progress | batches=1160 | indexed=2,320,000/25,558,768 (9.1%) | failed=0 | rate=347/s | ETA=18:35:07
2026-03-19 18:34:03,517 INFO Progress | batches=1162 | indexed=2,324,000/25,558,768 (9.1%) | failed=0 | rate=347/s | ETA=18:35:31
2026-03-19 18:34:18,529 INFO Progress | batches=1165 | indexed=2,330,000/25,558,768 (9.1%) | failed=0 | rate=347/s | ETA=18:34:51
2026-03-19 18:34:33,541 INFO Progress | batches=1169 | indexed=2,338,000/25,558,768 (9.1%) | failed=0 | rate=348/s | ETA=18:33:08
2026-03-19 18:34:48,546 INFO Progress | batches=1170 | indexed=2,340,000/25,558,768 (9.2%) | failed=0 | rate=347/s | ETA=18:34:34
2026-03-19 18:35:03,557 INFO Progress | batches=1172 | indexed=2,344,000/25,558,768 (9.2%) | failed=0 | rate=347/s | ETA=18:34:57
2026-03-19 18:35:18,569 INFO Progress | batches=1175 | indexed=2,350,000/25,558,768 (9.2%) | failed=0 | rate=347/s | ETA=18:34:17
2026-03-19 18:35:33,575 INFO Progress | batches=1178 | indexed=2,356,000/25,558,768 (9.2%) | failed=0 | rate=347/s | ETA=18:33:37
2026-03-19 18:35:48,581 INFO Progress | batches=1181 | indexed=2,362,000/25,558,768 (9.2%) | failed=0 | rate=347/s | ETA=18:32:58
2026-03-19 18:36:03,584 INFO Progress | batches=1182 | indexed=2,364,000/25,558,768 (9.2%) | failed=0 | rate=347/s | ETA=18:34:23
2026-03-19 18:36:18,589 INFO Progress | batches=1186 | indexed=2,372,000/25,558,768 (9.3%) | failed=0 | rate=347/s | ETA=18:32:41
2026-03-19 18:36:33,593 INFO Progress | batches=1187 | indexed=2,374,000/25,558,768 (9.3%) | failed=0 | rate=347/s | ETA=18:34:06
2026-03-19 18:36:48,612 INFO Progress | batches=1191 | indexed=2,382,000/25,558,768 (9.3%) | failed=0 | rate=347/s | ETA=18:32:24
2026-03-19 18:37:03,617 INFO Progress | batches=1192 | indexed=2,384,000/25,558,768 (9.3%) | failed=0 | rate=347/s | ETA=18:33:48
2026-03-19 18:37:18,623 INFO Progress | batches=1193 | indexed=2,386,000/25,558,768 (9.3%) | failed=0 | rate=346/s | ETA=18:35:12
2026-03-19 18:37:33,629 INFO Progress | batches=1196 | indexed=2,392,000/25,558,768 (9.4%) | failed=0 | rate=346/s | ETA=18:34:32
2026-03-19 18:37:48,633 INFO Progress | batches=1198 | indexed=2,396,000/25,558,768 (9.4%) | failed=0 | rate=346/s | ETA=18:34:54
2026-03-19 18:38:03,635 INFO Progress | batches=1200 | indexed=2,400,000/25,558,768 (9.4%) | failed=0 | rate=346/s | ETA=18:35:16
2026-03-19 18:38:18,641 INFO Progress | batches=1204 | indexed=2,408,000/25,558,768 (9.4%) | failed=0 | rate=346/s | ETA=18:33:35
2026-03-19 18:38:33,645 INFO Progress | batches=1206 | indexed=2,412,000/25,558,768 (9.4%) | failed=0 | rate=346/s | ETA=18:33:57
2026-03-19 18:38:48,649 INFO Progress | batches=1208 | indexed=2,416,000/25,558,768 (9.5%) | failed=0 | rate=346/s | ETA=18:34:18
2026-03-19 18:39:03,656 INFO Progress | batches=1209 | indexed=2,418,000/25,558,768 (9.5%) | failed=0 | rate=346/s | ETA=18:35:41
2026-03-19 18:39:18,658 INFO Progress | batches=1212 | indexed=2,424,000/25,558,768 (9.5%) | failed=0 | rate=346/s | ETA=18:35:01
2026-03-19 18:39:33,664 INFO Progress | batches=1214 | indexed=2,428,000/25,558,768 (9.5%) | failed=0 | rate=346/s | ETA=18:35:22
2026-03-19 18:39:48,667 INFO Progress | batches=1216 | indexed=2,432,000/25,558,768 (9.5%) | failed=0 | rate=345/s | ETA=18:35:43
2026-03-19 18:40:03,674 INFO Progress | batches=1220 | indexed=2,440,000/25,558,768 (9.5%) | failed=0 | rate=346/s | ETA=18:34:03
2026-03-19 18:40:18,679 INFO Progress | batches=1222 | indexed=2,444,000/25,558,768 (9.6%) | failed=0 | rate=346/s | ETA=18:34:24
2026-03-19 18:40:33,686 INFO Progress | batches=1224 | indexed=2,448,000/25,558,768 (9.6%) | failed=0 | rate=346/s | ETA=18:34:45
2026-03-19 18:40:48,692 INFO Progress | batches=1228 | indexed=2,456,000/25,558,768 (9.6%) | failed=0 | rate=346/s | ETA=18:33:05
2026-03-19 18:41:03,737 INFO Progress | batches=1230 | indexed=2,460,000/25,558,768 (9.6%) | failed=0 | rate=346/s | ETA=18:33:26
2026-03-19 18:41:18,786 INFO Progress | batches=1231 | indexed=2,462,000/25,558,768 (9.6%) | failed=0 | rate=345/s | ETA=18:34:47
2026-03-19 18:41:33,841 INFO Progress | batches=1234 | indexed=2,468,000/25,558,768 (9.7%) | failed=0 | rate=345/s | ETA=18:34:08
2026-03-19 18:41:48,847 INFO Progress | batches=1236 | indexed=2,472,000/25,558,768 (9.7%) | failed=0 | rate=345/s | ETA=18:34:28
2026-03-19 18:42:03,850 INFO Progress | batches=1237 | indexed=2,474,000/25,558,768 (9.7%) | failed=0 | rate=345/s | ETA=18:35:49
2026-03-19 18:42:18,854 INFO Progress | batches=1240 | indexed=2,480,000/25,558,768 (9.7%) | failed=0 | rate=345/s | ETA=18:35:09
2026-03-19 18:42:33,855 INFO Progress | batches=1243 | indexed=2,486,000/25,558,768 (9.7%) | failed=0 | rate=345/s | ETA=18:34:29
2026-03-19 18:42:48,861 INFO Progress | batches=1244 | indexed=2,488,000/25,558,768 (9.7%) | failed=0 | rate=345/s | ETA=18:35:49
2026-03-19 18:43:03,865 INFO Progress | batches=1246 | indexed=2,492,000/25,558,768 (9.8%) | failed=0 | rate=344/s | ETA=18:36:09
2026-03-19 18:43:18,872 INFO Progress | batches=1247 | indexed=2,494,000/25,558,768 (9.8%) | failed=0 | rate=344/s | ETA=18:37:28
2026-03-19 18:43:33,876 INFO Progress | batches=1250 | indexed=2,500,000/25,558,768 (9.8%) | failed=0 | rate=344/s | ETA=18:36:48
2026-03-19 18:43:48,878 INFO Progress | batches=1253 | indexed=2,506,000/25,558,768 (9.8%) | failed=0 | rate=344/s | ETA=18:36:08
2026-03-19 18:44:03,883 INFO Progress | batches=1255 | indexed=2,510,000/25,558,768 (9.8%) | failed=0 | rate=344/s | ETA=18:36:28
2026-03-19 18:44:18,899 INFO Progress | batches=1257 | indexed=2,514,000/25,558,768 (9.8%) | failed=0 | rate=344/s | ETA=18:36:47
2026-03-19 18:44:33,903 INFO Progress | batches=1261 | indexed=2,522,000/25,558,768 (9.9%) | failed=0 | rate=344/s | ETA=18:35:08
2026-03-19 18:44:48,906 INFO Progress | batches=1264 | indexed=2,528,000/25,558,768 (9.9%) | failed=0 | rate=344/s | ETA=18:34:29
2026-03-19 18:45:03,912 INFO Progress | batches=1265 | indexed=2,530,000/25,558,768 (9.9%) | failed=0 | rate=344/s | ETA=18:35:47
2026-03-19 18:45:18,918 INFO Progress | batches=1266 | indexed=2,532,000/25,558,768 (9.9%) | failed=0 | rate=344/s | ETA=18:37:05
2026-03-19 18:45:33,923 INFO Progress | batches=1269 | indexed=2,538,000/25,558,768 (9.9%) | failed=0 | rate=344/s | ETA=18:36:25
2026-03-19 18:45:48,932 INFO Progress | batches=1272 | indexed=2,544,000/25,558,768 (10.0%) | failed=0 | rate=344/s | ETA=18:35:45
2026-03-19 18:46:03,937 INFO Progress | batches=1274 | indexed=2,548,000/25,558,768 (10.0%) | failed=0 | rate=344/s | ETA=18:36:04
2026-03-19 18:46:18,943 INFO Progress | batches=1277 | indexed=2,554,000/25,558,768 (10.0%) | failed=0 | rate=344/s | ETA=18:35:24
2026-03-19 18:46:33,949 INFO Progress | batches=1278 | indexed=2,556,000/25,558,768 (10.0%) | failed=0 | rate=343/s | ETA=18:36:41
2026-03-19 18:46:48,951 INFO Progress | batches=1281 | indexed=2,562,000/25,558,768 (10.0%) | failed=0 | rate=343/s | ETA=18:36:02
2026-03-19 18:47:03,963 INFO Progress | batches=1282 | indexed=2,564,000/25,558,768 (10.0%) | failed=0 | rate=343/s | ETA=18:37:18
2026-03-19 18:47:18,980 INFO Progress | batches=1285 | indexed=2,570,000/25,558,768 (10.1%) | failed=0 | rate=343/s | ETA=18:36:39
2026-03-19 18:47:33,982 INFO Progress | batches=1287 | indexed=2,574,000/25,558,768 (10.1%) | failed=0 | rate=343/s | ETA=18:36:57
2026-03-19 18:47:48,988 INFO Progress | batches=1288 | indexed=2,576,000/25,558,768 (10.1%) | failed=0 | rate=343/s | ETA=18:38:13
2026-03-19 18:48:03,991 INFO Progress | batches=1290 | indexed=2,580,000/25,558,768 (10.1%) | failed=0 | rate=342/s | ETA=18:38:31
2026-03-19 18:48:18,996 INFO Progress | batches=1292 | indexed=2,584,000/25,558,768 (10.1%) | failed=0 | rate=342/s | ETA=18:38:49
2026-03-19 18:48:34,002 INFO Progress | batches=1296 | indexed=2,592,000/25,558,768 (10.1%) | failed=0 | rate=343/s | ETA=18:37:11
2026-03-19 18:48:49,007 INFO Progress | batches=1299 | indexed=2,598,000/25,558,768 (10.2%) | failed=0 | rate=343/s | ETA=18:36:31
2026-03-19 18:49:04,009 INFO Progress | batches=1301 | indexed=2,602,000/25,558,768 (10.2%) | failed=0 | rate=343/s | ETA=18:36:49
2026-03-19 18:49:19,023 INFO Progress | batches=1303 | indexed=2,606,000/25,558,768 (10.2%) | failed=0 | rate=342/s | ETA=18:37:07
2026-03-19 18:49:34,059 INFO Progress | batches=1307 | indexed=2,614,000/25,558,768 (10.2%) | failed=0 | rate=343/s | ETA=18:35:30
2026-03-19 18:49:49,065 INFO Progress | batches=1309 | indexed=2,618,000/25,558,768 (10.2%) | failed=0 | rate=343/s | ETA=18:35:48
2026-03-19 18:50:04,069 INFO Progress | batches=1311 | indexed=2,622,000/25,558,768 (10.3%) | failed=0 | rate=343/s | ETA=18:36:05
2026-03-19 18:50:19,075 INFO Progress | batches=1314 | indexed=2,628,000/25,558,768 (10.3%) | failed=0 | rate=343/s | ETA=18:35:26
2026-03-19 18:50:34,080 INFO Progress | batches=1318 | indexed=2,636,000/25,558,768 (10.3%) | failed=0 | rate=343/s | ETA=18:33:50
2026-03-19 18:50:49,084 INFO Progress | batches=1321 | indexed=2,642,000/25,558,768 (10.3%) | failed=0 | rate=343/s | ETA=18:33:11
2026-03-19 18:51:04,090 INFO Progress | batches=1323 | indexed=2,646,000/25,558,768 (10.4%) | failed=0 | rate=343/s | ETA=18:33:28
2026-03-19 18:51:19,097 INFO Progress | batches=1327 | indexed=2,654,000/25,558,768 (10.4%) | failed=0 | rate=343/s | ETA=18:31:53
2026-03-19 18:51:34,105 INFO Progress | batches=1328 | indexed=2,656,000/25,558,768 (10.4%) | failed=0 | rate=343/s | ETA=18:33:07
2026-03-19 18:51:49,108 INFO Progress | batches=1331 | indexed=2,662,000/25,558,768 (10.4%) | failed=0 | rate=343/s | ETA=18:32:28
2026-03-19 18:52:04,120 INFO Progress | batches=1333 | indexed=2,666,000/25,558,768 (10.4%) | failed=0 | rate=343/s | ETA=18:32:45
2026-03-19 18:52:19,121 INFO Progress | batches=1337 | indexed=2,674,000/25,558,768 (10.5%) | failed=0 | rate=343/s | ETA=18:31:10
2026-03-19 18:52:34,123 INFO Progress | batches=1339 | indexed=2,678,000/25,558,768 (10.5%) | failed=0 | rate=343/s | ETA=18:31:27
2026-03-19 18:52:49,130 INFO Progress | batches=1342 | indexed=2,684,000/25,558,768 (10.5%) | failed=0 | rate=343/s | ETA=18:30:48
2026-03-19 18:53:04,133 INFO Progress | batches=1344 | indexed=2,688,000/25,558,768 (10.5%) | failed=0 | rate=343/s | ETA=18:31:05
2026-03-19 18:53:19,134 INFO Progress | batches=1345 | indexed=2,690,000/25,558,768 (10.5%) | failed=0 | rate=343/s | ETA=18:32:17
2026-03-19 18:53:34,186 INFO Progress | batches=1347 | indexed=2,694,000/25,558,768 (10.5%) | failed=0 | rate=343/s | ETA=18:32:34
2026-03-19 18:53:49,215 INFO Progress | batches=1351 | indexed=2,702,000/25,558,768 (10.6%) | failed=0 | rate=343/s | ETA=18:31:01
2026-03-19 18:54:04,217 INFO Progress | batches=1353 | indexed=2,706,000/25,558,768 (10.6%) | failed=0 | rate=343/s | ETA=18:31:17
2026-03-19 18:54:19,222 INFO Progress | batches=1357 | indexed=2,714,000/25,558,768 (10.6%) | failed=0 | rate=343/s | ETA=18:29:44
2026-03-19 18:54:34,228 INFO Progress | batches=1359 | indexed=2,718,000/25,558,768 (10.6%) | failed=0 | rate=343/s | ETA=18:30:00
2026-03-19 18:54:49,239 INFO Progress | batches=1362 | indexed=2,724,000/25,558,768 (10.7%) | failed=0 | rate=343/s | ETA=18:29:22
2026-03-19 18:55:04,242 INFO Progress | batches=1366 | indexed=2,732,000/25,558,768 (10.7%) | failed=0 | rate=343/s | ETA=18:27:49
2026-03-19 18:55:19,248 INFO Progress | batches=1369 | indexed=2,738,000/25,558,768 (10.7%) | failed=0 | rate=344/s | ETA=18:27:11
2026-03-19 18:55:34,260 INFO Progress | batches=1372 | indexed=2,744,000/25,558,768 (10.7%) | failed=0 | rate=344/s | ETA=18:26:33
2026-03-19 18:55:49,274 INFO Progress | batches=1375 | indexed=2,750,000/25,558,768 (10.8%) | failed=0 | rate=344/s | ETA=18:25:55
2026-03-19 18:56:04,276 INFO Progress | batches=1378 | indexed=2,756,000/25,558,768 (10.8%) | failed=0 | rate=344/s | ETA=18:25:18
2026-03-19 18:56:19,281 INFO Progress | batches=1380 | indexed=2,760,000/25,558,768 (10.8%) | failed=0 | rate=344/s | ETA=18:25:34
2026-03-19 18:56:34,285 INFO Progress | batches=1384 | indexed=2,768,000/25,558,768 (10.8%) | failed=0 | rate=344/s | ETA=18:24:02
2026-03-19 18:56:49,310 INFO Progress | batches=1387 | indexed=2,774,000/25,558,768 (10.9%) | failed=0 | rate=344/s | ETA=18:23:25
2026-03-19 18:57:04,314 INFO Progress | batches=1389 | indexed=2,778,000/25,558,768 (10.9%) | failed=0 | rate=344/s | ETA=18:23:41
2026-03-19 18:57:19,318 INFO Progress | batches=1391 | indexed=2,782,000/25,558,768 (10.9%) | failed=0 | rate=344/s | ETA=18:23:57
2026-03-19 18:57:34,324 INFO Progress | batches=1394 | indexed=2,788,000/25,558,768 (10.9%) | failed=0 | rate=344/s | ETA=18:23:20
2026-03-19 18:57:49,332 INFO Progress | batches=1396 | indexed=2,792,000/25,558,768 (10.9%) | failed=0 | rate=344/s | ETA=18:23:36
2026-03-19 18:58:04,333 INFO Progress | batches=1398 | indexed=2,796,000/25,558,768 (10.9%) | failed=0 | rate=344/s | ETA=18:23:52
2026-03-19 18:58:19,338 INFO Progress | batches=1401 | indexed=2,802,000/25,558,768 (11.0%) | failed=0 | rate=344/s | ETA=18:23:14
2026-03-19 18:58:34,342 INFO Progress | batches=1404 | indexed=2,808,000/25,558,768 (11.0%) | failed=0 | rate=344/s | ETA=18:22:37
2026-03-19 18:58:49,471 INFO Progress | batches=1405 | indexed=2,810,000/25,558,768 (11.0%) | failed=0 | rate=343/s | ETA=18:23:46
2026-03-19 18:59:04,581 INFO Progress | batches=1408 | indexed=2,816,000/25,558,768 (11.0%) | failed=0 | rate=344/s | ETA=18:23:10
2026-03-19 18:59:19,586 INFO Progress | batches=1410 | indexed=2,820,000/25,558,768 (11.0%) | failed=0 | rate=343/s | ETA=18:23:25
2026-03-19 18:59:34,590 INFO Progress | batches=1414 | indexed=2,828,000/25,558,768 (11.1%) | failed=0 | rate=344/s | ETA=18:21:56
2026-03-19 18:59:49,599 INFO Progress | batches=1415 | indexed=2,830,000/25,558,768 (11.1%) | failed=0 | rate=343/s | ETA=18:23:04
2026-03-19 19:00:04,603 INFO Progress | batches=1417 | indexed=2,834,000/25,558,768 (11.1%) | failed=0 | rate=343/s | ETA=18:23:19
2026-03-19 19:00:19,610 INFO Progress | batches=1421 | indexed=2,842,000/25,558,768 (11.1%) | failed=0 | rate=344/s | ETA=18:21:49
2026-03-19 19:00:34,613 INFO Progress | batches=1424 | indexed=2,848,000/25,558,768 (11.1%) | failed=0 | rate=344/s | ETA=18:21:12
2026-03-19 19:00:49,618 INFO Progress | batches=1426 | indexed=2,852,000/25,558,768 (11.2%) | failed=0 | rate=344/s | ETA=18:21:27
2026-03-19 19:01:04,623 INFO Progress | batches=1427 | indexed=2,854,000/25,558,768 (11.2%) | failed=0 | rate=343/s | ETA=18:22:35
2026-03-19 19:01:19,631 INFO Progress | batches=1430 | indexed=2,860,000/25,558,768 (11.2%) | failed=0 | rate=343/s | ETA=18:21:57
2026-03-19 19:01:34,644 INFO Progress | batches=1434 | indexed=2,868,000/25,558,768 (11.2%) | failed=0 | rate=344/s | ETA=18:20:29
2026-03-19 19:01:49,812 INFO Progress | batches=1436 | indexed=2,872,000/25,558,768 (11.2%) | failed=0 | rate=344/s | ETA=18:20:45
2026-03-19 19:02:04,841 INFO Progress | batches=1438 | indexed=2,876,000/25,558,768 (11.3%) | failed=0 | rate=343/s | ETA=18:21:00
2026-03-19 19:02:19,844 INFO Progress | batches=1443 | indexed=2,886,000/25,558,768 (11.3%) | failed=0 | rate=344/s | ETA=18:18:40
2026-03-19 19:02:34,849 INFO Progress | batches=1444 | indexed=2,888,000/25,558,768 (11.3%) | failed=0 | rate=344/s | ETA=18:19:46
2026-03-19 19:02:49,855 INFO Progress | batches=1447 | indexed=2,894,000/25,558,768 (11.3%) | failed=0 | rate=344/s | ETA=18:19:09
2026-03-19 19:03:04,858 INFO Progress | batches=1450 | indexed=2,900,000/25,558,768 (11.3%) | failed=0 | rate=344/s | ETA=18:18:33
2026-03-19 19:03:19,859 INFO Progress | batches=1452 | indexed=2,904,000/25,558,768 (11.4%) | failed=0 | rate=344/s | ETA=18:18:47
2026-03-19 19:03:34,865 INFO Progress | batches=1455 | indexed=2,910,000/25,558,768 (11.4%) | failed=0 | rate=344/s | ETA=18:18:11
2026-03-19 19:03:49,870 INFO Progress | batches=1457 | indexed=2,914,000/25,558,768 (11.4%) | failed=0 | rate=344/s | ETA=18:18:25
2026-03-19 19:04:04,876 INFO Progress | batches=1460 | indexed=2,920,000/25,558,768 (11.4%) | failed=0 | rate=344/s | ETA=18:17:49
2026-03-19 19:04:19,879 INFO Progress | batches=1463 | indexed=2,926,000/25,558,768 (11.4%) | failed=0 | rate=344/s | ETA=18:17:12
2026-03-19 19:04:34,880 INFO Progress | batches=1466 | indexed=2,932,000/25,558,768 (11.5%) | failed=0 | rate=344/s | ETA=18:16:36
2026-03-19 19:04:49,882 INFO Progress | batches=1467 | indexed=2,934,000/25,558,768 (11.5%) | failed=0 | rate=344/s | ETA=18:17:41
2026-03-19 19:05:04,888 INFO Progress | batches=1471 | indexed=2,942,000/25,558,768 (11.5%) | failed=0 | rate=344/s | ETA=18:16:14
2026-03-19 19:05:19,891 INFO Progress | batches=1473 | indexed=2,946,000/25,558,768 (11.5%) | failed=0 | rate=344/s | ETA=18:16:28
2026-03-19 19:05:34,895 INFO Progress | batches=1477 | indexed=2,954,000/25,558,768 (11.6%) | failed=0 | rate=344/s | ETA=18:15:02
2026-03-19 19:05:49,898 INFO Progress | batches=1479 | indexed=2,958,000/25,558,768 (11.6%) | failed=0 | rate=344/s | ETA=18:15:16
2026-03-19 19:06:04,900 INFO Progress | batches=1481 | indexed=2,962,000/25,558,768 (11.6%) | failed=0 | rate=344/s | ETA=18:15:30
2026-03-19 19:06:19,924 INFO Progress | batches=1485 | indexed=2,970,000/25,558,768 (11.6%) | failed=0 | rate=344/s | ETA=18:14:04
2026-03-19 19:06:34,949 INFO Progress | batches=1487 | indexed=2,974,000/25,558,768 (11.6%) | failed=0 | rate=344/s | ETA=18:14:18
2026-03-19 19:06:49,952 INFO Progress | batches=1490 | indexed=2,980,000/25,558,768 (11.7%) | failed=0 | rate=344/s | ETA=18:13:42
2026-03-19 19:07:04,958 INFO Progress | batches=1493 | indexed=2,986,000/25,558,768 (11.7%) | failed=0 | rate=344/s | ETA=18:13:06
2026-03-19 19:07:19,970 INFO Progress | batches=1497 | indexed=2,994,000/25,558,768 (11.7%) | failed=0 | rate=344/s | ETA=18:11:41
2026-03-19 19:07:34,994 INFO Progress | batches=1501 | indexed=3,002,000/25,558,768 (11.7%) | failed=0 | rate=345/s | ETA=18:10:16
2026-03-19 19:07:50,020 INFO Progress | batches=1503 | indexed=3,006,000/25,558,768 (11.8%) | failed=0 | rate=345/s | ETA=18:10:30
2026-03-19 19:08:05,027 INFO Progress | batches=1506 | indexed=3,012,000/25,558,768 (11.8%) | failed=0 | rate=345/s | ETA=18:09:55
2026-03-19 19:08:20,033 INFO Progress | batches=1509 | indexed=3,018,000/25,558,768 (11.8%) | failed=0 | rate=345/s | ETA=18:09:20
2026-03-19 19:08:35,038 INFO Progress | batches=1512 | indexed=3,024,000/25,558,768 (11.8%) | failed=0 | rate=345/s | ETA=18:08:45
2026-03-19 19:08:50,041 INFO Progress | batches=1515 | indexed=3,030,000/25,558,768 (11.9%) | failed=0 | rate=345/s | ETA=18:08:09
2026-03-19 19:09:05,042 INFO Progress | batches=1516 | indexed=3,032,000/25,558,768 (11.9%) | failed=0 | rate=345/s | ETA=18:09:12
2026-03-19 19:09:20,049 INFO Progress | batches=1516 | indexed=3,032,000/25,558,768 (11.9%) | failed=0 | rate=344/s | ETA=18:11:03
2026-03-19 19:09:35,050 INFO Progress | batches=1516 | indexed=3,032,000/25,558,768 (11.9%) | failed=0 | rate=344/s | ETA=18:12:55
2026-03-19 19:09:50,050 INFO Progress | batches=1516 | indexed=3,032,000/25,558,768 (11.9%) | failed=0 | rate=343/s | ETA=18:14:46
2026-03-19 19:10:05,054 INFO Progress | batches=1516 | indexed=3,032,000/25,558,768 (11.9%) | failed=0 | rate=342/s | ETA=18:16:38
2026-03-19 19:10:08,667 WARNING Network error POST http://52.241.5.104:9200/_search/scroll (<urlopen error [Errno 60] Operation timed out>) — retry 1/6 in 5s
2026-03-19 19:10:20,058 INFO Progress | batches=1516 | indexed=3,032,000/25,558,768 (11.9%) | failed=0 | rate=342/s | ETA=18:18:29
2026-03-19 19:10:35,062 INFO Progress | batches=1516 | indexed=3,032,000/25,558,768 (11.9%) | failed=0 | rate=341/s | ETA=18:20:21
2026-03-19 19:10:50,067 INFO Progress | batches=1516 | indexed=3,032,000/25,558,768 (11.9%) | failed=0 | rate=341/s | ETA=18:22:12
2026-03-19 19:11:05,069 INFO Progress | batches=1516 | indexed=3,032,000/25,558,768 (11.9%) | failed=0 | rate=340/s | ETA=18:24:04
2026-03-19 19:11:20,075 INFO Progress | batches=1516 | indexed=3,032,000/25,558,768 (11.9%) | failed=0 | rate=339/s | ETA=18:25:55
2026-03-19 19:11:28,673 WARNING Network error POST http://52.241.5.104:9200/_search/scroll (<urlopen error [Errno 60] Operation timed out>) — retry 2/6 in 15s
2026-03-19 19:11:35,081 INFO Progress | batches=1516 | indexed=3,032,000/25,558,768 (11.9%) | failed=0 | rate=339/s | ETA=18:27:47
2026-03-19 19:11:50,084 INFO Progress | batches=1516 | indexed=3,032,000/25,558,768 (11.9%) | failed=0 | rate=338/s | ETA=18:29:38
2026-03-19 19:11:59,397 WARNING Worker 1 error (attempt 1/3), retrying in 5s from wikipedia_id=514844: timed out
2026-03-19 19:11:59,397 WARNING Worker 2 error (attempt 1/3), retrying in 5s from wikipedia_id=509932: timed out
2026-03-19 19:11:59,402 WARNING Worker 3 error (attempt 1/3), retrying in 5s from wikipedia_id=509642: timed out
2026-03-19 19:12:05,088 INFO Progress | batches=1516 | indexed=3,032,000/25,558,768 (11.9%) | failed=0 | rate=338/s | ETA=18:31:30
2026-03-19 19:12:15,917 INFO Worker 2 scroll opened (slice 2/4, attempt 2, resume_from=509932).
2026-03-19 19:12:20,093 INFO Progress | batches=1517 | indexed=3,034,000/25,558,768 (11.9%) | failed=0 | rate=337/s | ETA=18:32:31
2026-03-19 19:12:28,062 INFO Worker 1 scroll opened (slice 1/4, attempt 2, resume_from=514844).
2026-03-19 19:12:31,532 INFO Worker 3 scroll opened (slice 3/4, attempt 2, resume_from=509642).
2026-03-19 19:12:35,096 INFO Progress | batches=1521 | indexed=3,042,000/25,558,768 (11.9%) | failed=0 | rate=338/s | ETA=18:31:03
2026-03-19 19:12:50,100 INFO Progress | batches=1523 | indexed=3,046,000/25,558,768 (11.9%) | failed=0 | rate=338/s | ETA=18:31:15
2026-03-19 19:13:05,106 INFO Progress | batches=1524 | indexed=3,048,000/25,558,768 (11.9%) | failed=0 | rate=337/s | ETA=18:32:16
2026-03-19 19:13:20,111 INFO Progress | batches=1528 | indexed=3,056,000/25,558,768 (12.0%) | failed=0 | rate=338/s | ETA=18:30:48
2026-03-19 19:13:35,116 INFO Progress | batches=1531 | indexed=3,062,000/25,558,768 (12.0%) | failed=0 | rate=338/s | ETA=18:30:10
2026-03-19 19:13:50,123 INFO Progress | batches=1534 | indexed=3,068,000/25,558,768 (12.0%) | failed=0 | rate=338/s | ETA=18:29:32
2026-03-19 19:14:05,128 INFO Progress | batches=1537 | indexed=3,074,000/25,558,768 (12.0%) | failed=0 | rate=338/s | ETA=18:28:54
2026-03-19 19:14:20,133 INFO Progress | batches=1540 | indexed=3,080,000/25,558,768 (12.1%) | failed=0 | rate=338/s | ETA=18:28:16
2026-03-19 19:14:35,146 INFO Progress | batches=1543 | indexed=3,086,000/25,558,768 (12.1%) | failed=0 | rate=338/s | ETA=18:27:38
2026-03-19 19:14:50,152 INFO Progress | batches=1547 | indexed=3,094,000/25,558,768 (12.1%) | failed=0 | rate=338/s | ETA=18:26:12
2026-03-19 19:15:05,157 INFO Progress | batches=1549 | indexed=3,098,000/25,558,768 (12.1%) | failed=0 | rate=338/s | ETA=18:26:23
2026-03-19 19:15:20,170 INFO Progress | batches=1553 | indexed=3,106,000/25,558,768 (12.2%) | failed=0 | rate=339/s | ETA=18:24:57
2026-03-19 19:15:35,176 INFO Progress | batches=1556 | indexed=3,112,000/25,558,768 (12.2%) | failed=0 | rate=339/s | ETA=18:24:20
2026-03-19 19:15:50,184 INFO Progress | batches=1559 | indexed=3,118,000/25,558,768 (12.2%) | failed=0 | rate=339/s | ETA=18:23:43
2026-03-19 19:16:05,193 INFO Progress | batches=1562 | indexed=3,124,000/25,558,768 (12.2%) | failed=0 | rate=339/s | ETA=18:23:06
2026-03-19 19:16:20,202 INFO Progress | batches=1565 | indexed=3,130,000/25,558,768 (12.2%) | failed=0 | rate=339/s | ETA=18:22:29
2026-03-19 19:16:35,249 INFO Progress | batches=1566 | indexed=3,132,000/25,558,768 (12.3%) | failed=0 | rate=339/s | ETA=18:23:28
2026-03-19 19:16:50,298 INFO Progress | batches=1570 | indexed=3,140,000/25,558,768 (12.3%) | failed=0 | rate=339/s | ETA=18:22:03
2026-03-19 19:17:05,306 INFO Progress | batches=1573 | indexed=3,146,000/25,558,768 (12.3%) | failed=0 | rate=339/s | ETA=18:21:27
2026-03-19 19:17:20,308 INFO Progress | batches=1575 | indexed=3,150,000/25,558,768 (12.3%) | failed=0 | rate=339/s | ETA=18:21:38
2026-03-19 19:17:35,308 INFO Progress | batches=1579 | indexed=3,158,000/25,558,768 (12.4%) | failed=0 | rate=339/s | ETA=18:20:13
2026-03-19 19:17:50,314 INFO Progress | batches=1583 | indexed=3,166,000/25,558,768 (12.4%) | failed=0 | rate=340/s | ETA=18:18:49
2026-03-19 19:18:05,316 INFO Progress | batches=1586 | indexed=3,172,000/25,558,768 (12.4%) | failed=0 | rate=340/s | ETA=18:18:12
2026-03-19 19:18:20,322 INFO Progress | batches=1588 | indexed=3,176,000/25,558,768 (12.4%) | failed=0 | rate=340/s | ETA=18:18:23
2026-03-19 19:18:35,334 INFO Progress | batches=1592 | indexed=3,184,000/25,558,768 (12.5%) | failed=0 | rate=340/s | ETA=18:17:00
2026-03-19 19:18:50,346 INFO Progress | batches=1595 | indexed=3,190,000/25,558,768 (12.5%) | failed=0 | rate=340/s | ETA=18:16:24
2026-03-19 19:19:05,351 INFO Progress | batches=1597 | indexed=3,194,000/25,558,768 (12.5%) | failed=0 | rate=340/s | ETA=18:16:35
2026-03-19 19:19:20,356 INFO Progress | batches=1601 | indexed=3,202,000/25,558,768 (12.5%) | failed=0 | rate=340/s | ETA=18:15:11
2026-03-19 19:19:35,362 INFO Progress | batches=1603 | indexed=3,206,000/25,558,768 (12.5%) | failed=0 | rate=340/s | ETA=18:15:22
2026-03-19 19:19:50,432 INFO Progress | batches=1605 | indexed=3,210,000/25,558,768 (12.6%) | failed=0 | rate=340/s | ETA=18:15:34
2026-03-19 19:20:05,449 INFO Progress | batches=1608 | indexed=3,216,000/25,558,768 (12.6%) | failed=0 | rate=340/s | ETA=18:14:58
2026-03-19 19:20:20,455 INFO Progress | batches=1610 | indexed=3,220,000/25,558,768 (12.6%) | failed=0 | rate=340/s | ETA=18:15:08
2026-03-19 19:20:35,460 INFO Progress | batches=1614 | indexed=3,228,000/25,558,768 (12.6%) | failed=0 | rate=340/s | ETA=18:13:46
2026-03-19 19:20:50,466 INFO Progress | batches=1617 | indexed=3,234,000/25,558,768 (12.7%) | failed=0 | rate=340/s | ETA=18:13:10
2026-03-19 19:21:05,470 INFO Progress | batches=1620 | indexed=3,240,000/25,558,768 (12.7%) | failed=0 | rate=340/s | ETA=18:12:34
2026-03-19 19:21:20,473 INFO Progress | batches=1623 | indexed=3,246,000/25,558,768 (12.7%) | failed=0 | rate=341/s | ETA=18:11:59
2026-03-19 19:21:35,479 INFO Progress | batches=1625 | indexed=3,250,000/25,558,768 (12.7%) | failed=0 | rate=340/s | ETA=18:12:09
2026-03-19 19:21:50,482 INFO Progress | batches=1628 | indexed=3,256,000/25,558,768 (12.7%) | failed=0 | rate=341/s | ETA=18:11:34
2026-03-19 19:22:05,487 INFO Progress | batches=1631 | indexed=3,262,000/25,558,768 (12.8%) | failed=0 | rate=341/s | ETA=18:10:58
2026-03-19 19:22:20,487 INFO Progress | batches=1634 | indexed=3,268,000/25,558,768 (12.8%) | failed=0 | rate=341/s | ETA=18:10:23
2026-03-19 19:22:35,492 INFO Progress | batches=1637 | indexed=3,274,000/25,558,768 (12.8%) | failed=0 | rate=341/s | ETA=18:09:48
2026-03-19 19:22:50,499 INFO Progress | batches=1639 | indexed=3,278,000/25,558,768 (12.8%) | failed=0 | rate=341/s | ETA=18:09:58
2026-03-19 19:23:05,503 INFO Progress | batches=1643 | indexed=3,286,000/25,558,768 (12.9%) | failed=0 | rate=341/s | ETA=18:08:37
2026-03-19 19:23:20,509 INFO Progress | batches=1645 | indexed=3,290,000/25,558,768 (12.9%) | failed=0 | rate=341/s | ETA=18:08:48
2026-03-19 19:23:35,515 INFO Progress | batches=1647 | indexed=3,294,000/25,558,768 (12.9%) | failed=0 | rate=341/s | ETA=18:08:58
2026-03-19 19:23:50,521 INFO Progress | batches=1648 | indexed=3,296,000/25,558,768 (12.9%) | failed=0 | rate=340/s | ETA=18:09:54
2026-03-19 19:24:05,526 INFO Progress | batches=1650 | indexed=3,300,000/25,558,768 (12.9%) | failed=0 | rate=340/s | ETA=18:10:04
2026-03-19 19:24:20,527 INFO Progress | batches=1651 | indexed=3,302,000/25,558,768 (12.9%) | failed=0 | rate=340/s | ETA=18:11:00
2026-03-19 19:24:35,534 INFO Progress | batches=1654 | indexed=3,308,000/25,558,768 (12.9%) | failed=0 | rate=340/s | ETA=18:10:24
2026-03-19 19:24:50,539 INFO Progress | batches=1656 | indexed=3,312,000/25,558,768 (13.0%) | failed=0 | rate=340/s | ETA=18:10:34
2026-03-19 19:25:05,545 INFO Progress | batches=1660 | indexed=3,320,000/25,558,768 (13.0%) | failed=0 | rate=340/s | ETA=18:09:14
2026-03-19 19:25:20,548 INFO Progress | batches=1661 | indexed=3,322,000/25,558,768 (13.0%) | failed=0 | rate=340/s | ETA=18:10:09
2026-03-19 19:25:35,557 INFO Progress | batches=1663 | indexed=3,326,000/25,558,768 (13.0%) | failed=0 | rate=340/s | ETA=18:10:19
2026-03-19 19:25:50,575 INFO Progress | batches=1665 | indexed=3,330,000/25,558,768 (13.0%) | failed=0 | rate=340/s | ETA=18:10:29
2026-03-19 19:26:05,576 INFO Progress | batches=1668 | indexed=3,336,000/25,558,768 (13.1%) | failed=0 | rate=340/s | ETA=18:09:53
2026-03-19 19:26:20,580 INFO Progress | batches=1671 | indexed=3,342,000/25,558,768 (13.1%) | failed=0 | rate=340/s | ETA=18:09:18
2026-03-19 19:26:35,593 INFO Progress | batches=1672 | indexed=3,344,000/25,558,768 (13.1%) | failed=0 | rate=340/s | ETA=18:10:13
2026-03-19 19:26:50,604 INFO Progress | batches=1674 | indexed=3,348,000/25,558,768 (13.1%) | failed=0 | rate=339/s | ETA=18:10:22
2026-03-19 19:27:05,610 INFO Progress | batches=1675 | indexed=3,350,000/25,558,768 (13.1%) | failed=0 | rate=339/s | ETA=18:11:17
2026-03-19 19:27:20,616 INFO Progress | batches=1678 | indexed=3,356,000/25,558,768 (13.1%) | failed=0 | rate=339/s | ETA=18:10:42
2026-03-19 19:27:35,628 INFO Progress | batches=1681 | indexed=3,362,000/25,558,768 (13.2%) | failed=0 | rate=339/s | ETA=18:10:06
2026-03-19 19:27:50,726 INFO Progress | batches=1683 | indexed=3,366,000/25,558,768 (13.2%) | failed=0 | rate=339/s | ETA=18:10:16
2026-03-19 19:28:05,755 INFO Progress | batches=1685 | indexed=3,370,000/25,558,768 (13.2%) | failed=0 | rate=339/s | ETA=18:10:26
2026-03-19 19:28:20,772 INFO Progress | batches=1687 | indexed=3,374,000/25,558,768 (13.2%) | failed=0 | rate=339/s | ETA=18:10:35
2026-03-19 19:28:35,773 INFO Progress | batches=1689 | indexed=3,378,000/25,558,768 (13.2%) | failed=0 | rate=339/s | ETA=18:10:44
2026-03-19 19:28:50,779 INFO Progress | batches=1691 | indexed=3,382,000/25,558,768 (13.2%) | failed=0 | rate=339/s | ETA=18:10:54
2026-03-19 19:29:05,785 INFO Progress | batches=1693 | indexed=3,386,000/25,558,768 (13.2%) | failed=0 | rate=339/s | ETA=18:11:03
2026-03-19 19:29:20,786 INFO Progress | batches=1696 | indexed=3,392,000/25,558,768 (13.3%) | failed=0 | rate=339/s | ETA=18:10:27
2026-03-19 19:29:35,792 INFO Progress | batches=1697 | indexed=3,394,000/25,558,768 (13.3%) | failed=0 | rate=338/s | ETA=18:11:21
2026-03-19 19:29:50,796 INFO Progress | batches=1699 | indexed=3,398,000/25,558,768 (13.3%) | failed=0 | rate=338/s | ETA=18:11:30
2026-03-19 19:30:05,802 INFO Progress | batches=1702 | indexed=3,404,000/25,558,768 (13.3%) | failed=0 | rate=338/s | ETA=18:10:54
2026-03-19 19:30:20,812 INFO Progress | batches=1703 | indexed=3,406,000/25,558,768 (13.3%) | failed=0 | rate=338/s | ETA=18:11:48
2026-03-19 19:30:35,836 INFO Progress | batches=1707 | indexed=3,414,000/25,558,768 (13.4%) | failed=0 | rate=338/s | ETA=18:10:28
2026-03-19 19:30:50,841 INFO Progress | batches=1708 | indexed=3,416,000/25,558,768 (13.4%) | failed=0 | rate=338/s | ETA=18:11:21
2026-03-19 19:31:05,847 INFO Progress | batches=1711 | indexed=3,422,000/25,558,768 (13.4%) | failed=0 | rate=338/s | ETA=18:10:46
2026-03-19 19:31:20,854 INFO Progress | batches=1713 | indexed=3,426,000/25,558,768 (13.4%) | failed=0 | rate=338/s | ETA=18:10:54
2026-03-19 19:31:35,927 INFO Progress | batches=1716 | indexed=3,432,000/25,558,768 (13.4%) | failed=0 | rate=338/s | ETA=18:10:19
2026-03-19 19:31:50,955 INFO Progress | batches=1718 | indexed=3,436,000/25,558,768 (13.4%) | failed=0 | rate=338/s | ETA=18:10:28
2026-03-19 19:32:05,956 INFO Progress | batches=1720 | indexed=3,440,000/25,558,768 (13.5%) | failed=0 | rate=338/s | ETA=18:10:37
2026-03-19 19:32:20,962 INFO Progress | batches=1722 | indexed=3,444,000/25,558,768 (13.5%) | failed=0 | rate=338/s | ETA=18:10:45
2026-03-19 19:32:35,969 INFO Progress | batches=1726 | indexed=3,452,000/25,558,768 (13.5%) | failed=0 | rate=338/s | ETA=18:09:26
2026-03-19 19:32:50,987 INFO Progress | batches=1728 | indexed=3,456,000/25,558,768 (13.5%) | failed=0 | rate=338/s | ETA=18:09:35
2026-03-19 19:33:06,017 INFO Progress | batches=1730 | indexed=3,460,000/25,558,768 (13.5%) | failed=0 | rate=338/s | ETA=18:09:43
2026-03-19 19:33:21,032 INFO Progress | batches=1731 | indexed=3,462,000/25,558,768 (13.5%) | failed=0 | rate=338/s | ETA=18:10:35
2026-03-19 19:33:36,057 INFO Progress | batches=1735 | indexed=3,470,000/25,558,768 (13.6%) | failed=0 | rate=338/s | ETA=18:09:16
2026-03-19 19:33:51,347 INFO Progress | batches=1737 | indexed=3,474,000/25,558,768 (13.6%) | failed=0 | rate=338/s | ETA=18:09:27
2026-03-19 19:34:06,349 INFO Progress | batches=1739 | indexed=3,478,000/25,558,768 (13.6%) | failed=0 | rate=338/s | ETA=18:09:35
2026-03-19 19:34:21,351 INFO Progress | batches=1742 | indexed=3,484,000/25,558,768 (13.6%) | failed=0 | rate=338/s | ETA=18:09:00
2026-03-19 19:34:36,357 INFO Progress | batches=1744 | indexed=3,488,000/25,558,768 (13.6%) | failed=0 | rate=338/s | ETA=18:09:08
2026-03-19 19:34:51,361 INFO Progress | batches=1746 | indexed=3,492,000/25,558,768 (13.7%) | failed=0 | rate=338/s | ETA=18:09:16
2026-03-19 19:35:06,365 INFO Progress | batches=1747 | indexed=3,494,000/25,558,768 (13.7%) | failed=0 | rate=337/s | ETA=18:10:07
2026-03-19 19:35:21,371 INFO Progress | batches=1750 | indexed=3,500,000/25,558,768 (13.7%) | failed=0 | rate=337/s | ETA=18:09:32
2026-03-19 19:35:36,376 INFO Progress | batches=1752 | indexed=3,504,000/25,558,768 (13.7%) | failed=0 | rate=337/s | ETA=18:09:40
2026-03-19 19:35:51,378 INFO Progress | batches=1754 | indexed=3,508,000/25,558,768 (13.7%) | failed=0 | rate=337/s | ETA=18:09:48
2026-03-19 19:36:06,382 INFO Progress | batches=1755 | indexed=3,510,000/25,558,768 (13.7%) | failed=0 | rate=337/s | ETA=18:10:39
2026-03-19 19:36:21,393 INFO Progress | batches=1759 | indexed=3,518,000/25,558,768 (13.8%) | failed=0 | rate=337/s | ETA=18:09:21
2026-03-19 19:36:36,396 INFO Progress | batches=1761 | indexed=3,522,000/25,558,768 (13.8%) | failed=0 | rate=337/s | ETA=18:09:28
2026-03-19 19:36:51,401 INFO Progress | batches=1766 | indexed=3,532,000/25,558,768 (13.8%) | failed=0 | rate=338/s | ETA=18:07:27
2026-03-19 19:37:06,405 INFO Progress | batches=1768 | indexed=3,536,000/25,558,768 (13.8%) | failed=0 | rate=337/s | ETA=18:07:35
2026-03-19 19:37:21,411 INFO Progress | batches=1772 | indexed=3,544,000/25,558,768 (13.9%) | failed=0 | rate=338/s | ETA=18:06:17
2026-03-19 19:37:36,417 INFO Progress | batches=1775 | indexed=3,550,000/25,558,768 (13.9%) | failed=0 | rate=338/s | ETA=18:05:42
2026-03-19 19:37:51,420 INFO Progress | batches=1777 | indexed=3,554,000/25,558,768 (13.9%) | failed=0 | rate=338/s | ETA=18:05:50
2026-03-19 19:38:06,427 INFO Progress | batches=1780 | indexed=3,560,000/25,558,768 (13.9%) | failed=0 | rate=338/s | ETA=18:05:15
2026-03-19 19:38:21,431 INFO Progress | batches=1784 | indexed=3,568,000/25,558,768 (14.0%) | failed=0 | rate=338/s | ETA=18:03:58
2026-03-19 19:38:36,435 INFO Progress | batches=1785 | indexed=3,570,000/25,558,768 (14.0%) | failed=0 | rate=338/s | ETA=18:04:48
2026-03-19 19:38:51,440 INFO Progress | batches=1787 | indexed=3,574,000/25,558,768 (14.0%) | failed=0 | rate=338/s | ETA=18:04:56
2026-03-19 19:39:06,442 INFO Progress | batches=1791 | indexed=3,582,000/25,558,768 (14.0%) | failed=0 | rate=338/s | ETA=18:03:39
2026-03-19 19:39:21,445 INFO Progress | batches=1794 | indexed=3,588,000/25,558,768 (14.0%) | failed=0 | rate=338/s | ETA=18:03:04
2026-03-19 19:39:36,452 INFO Progress | batches=1796 | indexed=3,592,000/25,558,768 (14.1%) | failed=0 | rate=338/s | ETA=18:03:12
2026-03-19 19:39:51,458 INFO Progress | batches=1798 | indexed=3,596,000/25,558,768 (14.1%) | failed=0 | rate=338/s | ETA=18:03:19
2026-03-19 19:40:06,464 INFO Progress | batches=1802 | indexed=3,604,000/25,558,768 (14.1%) | failed=0 | rate=338/s | ETA=18:02:03
2026-03-19 19:40:21,470 INFO Progress | batches=1805 | indexed=3,610,000/25,558,768 (14.1%) | failed=0 | rate=338/s | ETA=18:01:29
2026-03-19 19:40:36,477 INFO Progress | batches=1808 | indexed=3,616,000/25,558,768 (14.1%) | failed=0 | rate=338/s | ETA=18:00:54
2026-03-19 19:40:51,482 INFO Progress | batches=1809 | indexed=3,618,000/25,558,768 (14.2%) | failed=0 | rate=338/s | ETA=18:01:44
2026-03-19 19:41:06,488 INFO Progress | batches=1813 | indexed=3,626,000/25,558,768 (14.2%) | failed=0 | rate=338/s | ETA=18:00:27
2026-03-19 19:41:21,494 INFO Progress | batches=1816 | indexed=3,632,000/25,558,768 (14.2%) | failed=0 | rate=338/s | ETA=17:59:53
2026-03-19 19:41:36,500 INFO Progress | batches=1818 | indexed=3,636,000/25,558,768 (14.2%) | failed=0 | rate=338/s | ETA=18:00:01
2026-03-19 19:41:51,501 INFO Progress | batches=1820 | indexed=3,640,000/25,558,768 (14.2%) | failed=0 | rate=338/s | ETA=18:00:08
2026-03-19 19:42:06,507 INFO Progress | batches=1823 | indexed=3,646,000/25,558,768 (14.3%) | failed=0 | rate=338/s | ETA=17:59:34
2026-03-19 19:42:21,510 INFO Progress | batches=1826 | indexed=3,652,000/25,558,768 (14.3%) | failed=0 | rate=338/s | ETA=17:59:00
2026-03-19 19:42:36,528 INFO Progress | batches=1829 | indexed=3,658,000/25,558,768 (14.3%) | failed=0 | rate=338/s | ETA=17:58:26
2026-03-19 19:42:51,533 INFO Progress | batches=1831 | indexed=3,662,000/25,558,768 (14.3%) | failed=0 | rate=338/s | ETA=17:58:33
2026-03-19 19:43:06,540 INFO Progress | batches=1835 | indexed=3,670,000/25,558,768 (14.4%) | failed=0 | rate=339/s | ETA=17:57:18
2026-03-19 19:43:21,545 INFO Progress | batches=1836 | indexed=3,672,000/25,558,768 (14.4%) | failed=0 | rate=338/s | ETA=17:58:06
2026-03-19 19:43:36,551 INFO Progress | batches=1839 | indexed=3,678,000/25,558,768 (14.4%) | failed=0 | rate=338/s | ETA=17:57:32
2026-03-19 19:43:51,556 INFO Progress | batches=1842 | indexed=3,684,000/25,558,768 (14.4%) | failed=0 | rate=339/s | ETA=17:56:58
2026-03-19 19:44:06,557 INFO Progress | batches=1844 | indexed=3,688,000/25,558,768 (14.4%) | failed=0 | rate=338/s | ETA=17:57:05
2026-03-19 19:44:21,559 INFO Progress | batches=1848 | indexed=3,696,000/25,558,768 (14.5%) | failed=0 | rate=339/s | ETA=17:55:51
2026-03-19 19:44:36,564 INFO Progress | batches=1849 | indexed=3,698,000/25,558,768 (14.5%) | failed=0 | rate=338/s | ETA=17:56:38
2026-03-19 19:44:51,567 INFO Progress | batches=1852 | indexed=3,704,000/25,558,768 (14.5%) | failed=0 | rate=338/s | ETA=17:56:05
2026-03-19 19:45:06,573 INFO Progress | batches=1854 | indexed=3,708,000/25,558,768 (14.5%) | failed=0 | rate=338/s | ETA=17:56:12
2026-03-19 19:45:21,579 INFO Progress | batches=1857 | indexed=3,714,000/25,558,768 (14.5%) | failed=0 | rate=338/s | ETA=17:55:38
2026-03-19 19:45:36,599 INFO Progress | batches=1857 | indexed=3,714,000/25,558,768 (14.5%) | failed=0 | rate=338/s | ETA=17:57:06
2026-03-19 19:45:51,621 INFO Progress | batches=1860 | indexed=3,720,000/25,558,768 (14.6%) | failed=0 | rate=338/s | ETA=17:56:32
2026-03-19 19:46:06,626 INFO Progress | batches=1862 | indexed=3,724,000/25,558,768 (14.6%) | failed=0 | rate=338/s | ETA=17:56:39
2026-03-19 19:46:21,632 INFO Progress | batches=1864 | indexed=3,728,000/25,558,768 (14.6%) | failed=0 | rate=338/s | ETA=17:56:46
2026-03-19 19:46:36,634 INFO Progress | batches=1865 | indexed=3,730,000/25,558,768 (14.6%) | failed=0 | rate=338/s | ETA=17:57:33
2026-03-19 19:46:51,639 INFO Progress | batches=1869 | indexed=3,738,000/25,558,768 (14.6%) | failed=0 | rate=338/s | ETA=17:56:19
2026-03-19 19:47:06,935 INFO Progress | batches=1870 | indexed=3,740,000/25,558,768 (14.6%) | failed=0 | rate=338/s | ETA=17:57:08
2026-03-19 19:47:21,962 INFO Progress | batches=1871 | indexed=3,742,000/25,558,768 (14.6%) | failed=0 | rate=337/s | ETA=17:57:55
2026-03-19 19:47:36,970 INFO Progress | batches=1876 | indexed=3,752,000/25,558,768 (14.7%) | failed=0 | rate=338/s | ETA=17:56:00
2026-03-19 19:47:51,976 INFO Progress | batches=1877 | indexed=3,754,000/25,558,768 (14.7%) | failed=0 | rate=337/s | ETA=17:56:47
2026-03-19 19:48:06,981 INFO Progress | batches=1880 | indexed=3,760,000/25,558,768 (14.7%) | failed=0 | rate=338/s | ETA=17:56:13
2026-03-19 19:48:21,983 INFO Progress | batches=1883 | indexed=3,766,000/25,558,768 (14.7%) | failed=0 | rate=338/s | ETA=17:55:39
2026-03-19 19:48:36,984 INFO Progress | batches=1886 | indexed=3,772,000/25,558,768 (14.8%) | failed=0 | rate=338/s | ETA=17:55:05
2026-03-19 19:48:51,992 INFO Progress | batches=1888 | indexed=3,776,000/25,558,768 (14.8%) | failed=0 | rate=338/s | ETA=17:55:12
2026-03-19 19:49:07,004 INFO Progress | batches=1892 | indexed=3,784,000/25,558,768 (14.8%) | failed=0 | rate=338/s | ETA=17:53:58
2026-03-19 19:49:22,010 INFO Progress | batches=1894 | indexed=3,788,000/25,558,768 (14.8%) | failed=0 | rate=338/s | ETA=17:54:05
2026-03-19 19:49:37,012 INFO Progress | batches=1898 | indexed=3,796,000/25,558,768 (14.9%) | failed=0 | rate=338/s | ETA=17:52:51
2026-03-19 19:49:52,016 INFO Progress | batches=1900 | indexed=3,800,000/25,558,768 (14.9%) | failed=0 | rate=338/s | ETA=17:52:57
2026-03-19 19:50:07,022 INFO Progress | batches=1904 | indexed=3,808,000/25,558,768 (14.9%) | failed=0 | rate=338/s | ETA=17:51:44
2026-03-19 19:50:22,023 INFO Progress | batches=1907 | indexed=3,814,000/25,558,768 (14.9%) | failed=0 | rate=338/s | ETA=17:51:11
2026-03-19 19:50:37,028 INFO Progress | batches=1909 | indexed=3,818,000/25,558,768 (14.9%) | failed=0 | rate=338/s | ETA=17:51:17
2026-03-19 19:50:52,033 INFO Progress | batches=1912 | indexed=3,824,000/25,558,768 (15.0%) | failed=0 | rate=338/s | ETA=17:50:44
2026-03-19 19:51:07,037 INFO Progress | batches=1916 | indexed=3,832,000/25,558,768 (15.0%) | failed=0 | rate=339/s | ETA=17:49:31
2026-03-19 19:51:22,043 INFO Progress | batches=1918 | indexed=3,836,000/25,558,768 (15.0%) | failed=0 | rate=338/s | ETA=17:49:38
2026-03-19 19:51:37,061 INFO Progress | batches=1922 | indexed=3,844,000/25,558,768 (15.0%) | failed=0 | rate=339/s | ETA=17:48:25
2026-03-19 19:51:52,066 INFO Progress | batches=1924 | indexed=3,848,000/25,558,768 (15.1%) | failed=0 | rate=339/s | ETA=17:48:32
2026-03-19 19:52:07,067 INFO Progress | batches=1927 | indexed=3,854,000/25,558,768 (15.1%) | failed=0 | rate=339/s | ETA=17:47:58
2026-03-19 19:52:22,071 INFO Progress | batches=1930 | indexed=3,860,000/25,558,768 (15.1%) | failed=0 | rate=339/s | ETA=17:47:26
2026-03-19 19:52:37,077 INFO Progress | batches=1932 | indexed=3,864,000/25,558,768 (15.1%) | failed=0 | rate=339/s | ETA=17:47:32
2026-03-19 19:52:52,082 INFO Progress | batches=1934 | indexed=3,868,000/25,558,768 (15.1%) | failed=0 | rate=339/s | ETA=17:47:38
2026-03-19 19:53:07,093 INFO Progress | batches=1936 | indexed=3,872,000/25,558,768 (15.1%) | failed=0 | rate=339/s | ETA=17:47:44
2026-03-19 19:53:22,107 INFO Progress | batches=1940 | indexed=3,880,000/25,558,768 (15.2%) | failed=0 | rate=339/s | ETA=17:46:32
2026-03-19 19:53:37,112 INFO Progress | batches=1942 | indexed=3,884,000/25,558,768 (15.2%) | failed=0 | rate=339/s | ETA=17:46:38
2026-03-19 19:53:52,116 INFO Progress | batches=1946 | indexed=3,892,000/25,558,768 (15.2%) | failed=0 | rate=339/s | ETA=17:45:27
2026-03-19 19:54:07,128 INFO Progress | batches=1947 | indexed=3,894,000/25,558,768 (15.2%) | failed=0 | rate=339/s | ETA=17:46:11
2026-03-19 19:54:22,136 INFO Progress | batches=1949 | indexed=3,898,000/25,558,768 (15.3%) | failed=0 | rate=339/s | ETA=17:46:17
2026-03-19 19:54:37,142 INFO Progress | batches=1952 | indexed=3,904,000/25,558,768 (15.3%) | failed=0 | rate=339/s | ETA=17:45:45
2026-03-19 19:54:52,144 INFO Progress | batches=1955 | indexed=3,910,000/25,558,768 (15.3%) | failed=0 | rate=339/s | ETA=17:45:12
2026-03-19 19:55:07,148 INFO Progress | batches=1956 | indexed=3,912,000/25,558,768 (15.3%) | failed=0 | rate=338/s | ETA=17:45:56
2026-03-19 19:55:22,249 INFO Progress | batches=1958 | indexed=3,916,000/25,558,768 (15.3%) | failed=0 | rate=338/s | ETA=17:46:03
2026-03-19 19:55:37,267 INFO Progress | batches=1962 | indexed=3,924,000/25,558,768 (15.4%) | failed=0 | rate=339/s | ETA=17:44:51
2026-03-19 19:55:52,273 INFO Progress | batches=1965 | indexed=3,930,000/25,558,768 (15.4%) | failed=0 | rate=339/s | ETA=17:44:19
2026-03-19 19:56:07,277 INFO Progress | batches=1966 | indexed=3,932,000/25,558,768 (15.4%) | failed=0 | rate=338/s | ETA=17:45:03
2026-03-19 19:56:22,281 INFO Progress | batches=1970 | indexed=3,940,000/25,558,768 (15.4%) | failed=0 | rate=339/s | ETA=17:43:52
2026-03-19 19:56:37,292 INFO Progress | batches=1972 | indexed=3,944,000/25,558,768 (15.4%) | failed=0 | rate=339/s | ETA=17:43:58
2026-03-19 19:56:52,310 INFO Progress | batches=1976 | indexed=3,952,000/25,558,768 (15.5%) | failed=0 | rate=339/s | ETA=17:42:47
2026-03-19 19:57:07,315 INFO Progress | batches=1978 | indexed=3,956,000/25,558,768 (15.5%) | failed=0 | rate=339/s | ETA=17:42:53
2026-03-19 19:57:22,321 INFO Progress | batches=1981 | indexed=3,962,000/25,558,768 (15.5%) | failed=0 | rate=339/s | ETA=17:42:20
2026-03-19 19:57:37,327 INFO Progress | batches=1983 | indexed=3,966,000/25,558,768 (15.5%) | failed=0 | rate=339/s | ETA=17:42:26
2026-03-19 19:57:52,331 INFO Progress | batches=1984 | indexed=3,968,000/25,558,768 (15.5%) | failed=0 | rate=338/s | ETA=17:43:09
2026-03-19 19:58:07,335 INFO Progress | batches=1988 | indexed=3,976,000/25,558,768 (15.6%) | failed=0 | rate=339/s | ETA=17:41:59
2026-03-19 19:58:22,448 INFO Progress | batches=1989 | indexed=3,978,000/25,558,768 (15.6%) | failed=0 | rate=338/s | ETA=17:42:43
2026-03-19 19:58:37,460 INFO Progress | batches=1992 | indexed=3,984,000/25,558,768 (15.6%) | failed=0 | rate=339/s | ETA=17:42:10
2026-03-19 19:58:52,465 INFO Progress | batches=1994 | indexed=3,988,000/25,558,768 (15.6%) | failed=0 | rate=338/s | ETA=17:42:16
2026-03-19 19:59:07,468 INFO Progress | batches=1998 | indexed=3,996,000/25,558,768 (15.6%) | failed=0 | rate=339/s | ETA=17:41:06
2026-03-19 19:59:22,473 INFO Progress | batches=2000 | indexed=4,000,000/25,558,768 (15.7%) | failed=0 | rate=339/s | ETA=17:41:11
2026-03-19 19:59:37,476 INFO Progress | batches=2003 | indexed=4,006,000/25,558,768 (15.7%) | failed=0 | rate=339/s | ETA=17:40:39
2026-03-19 19:59:52,597 INFO Progress | batches=2006 | indexed=4,012,000/25,558,768 (15.7%) | failed=0 | rate=339/s | ETA=17:40:07
2026-03-19 20:00:07,609 INFO Progress | batches=2009 | indexed=4,018,000/25,558,768 (15.7%) | failed=0 | rate=339/s | ETA=17:39:35
2026-03-19 20:00:22,615 INFO Progress | batches=2011 | indexed=4,022,000/25,558,768 (15.7%) | failed=0 | rate=339/s | ETA=17:39:40
2026-03-19 20:00:37,618 INFO Progress | batches=2013 | indexed=4,026,000/25,558,768 (15.8%) | failed=0 | rate=339/s | ETA=17:39:45
2026-03-19 20:00:52,620 INFO Progress | batches=2017 | indexed=4,034,000/25,558,768 (15.8%) | failed=0 | rate=339/s | ETA=17:38:36
2026-03-19 20:01:07,624 INFO Progress | batches=2019 | indexed=4,038,000/25,558,768 (15.8%) | failed=0 | rate=339/s | ETA=17:38:41
2026-03-19 20:01:22,630 INFO Progress | batches=2021 | indexed=4,042,000/25,558,768 (15.8%) | failed=0 | rate=339/s | ETA=17:38:46
2026-03-19 20:01:37,636 INFO Progress | batches=2025 | indexed=4,050,000/25,558,768 (15.8%) | failed=0 | rate=339/s | ETA=17:37:37
2026-03-19 20:01:52,640 INFO Progress | batches=2026 | indexed=4,052,000/25,558,768 (15.9%) | failed=0 | rate=339/s | ETA=17:38:19
2026-03-19 20:02:07,642 INFO Progress | batches=2029 | indexed=4,058,000/25,558,768 (15.9%) | failed=0 | rate=339/s | ETA=17:37:47
2026-03-19 20:02:22,645 INFO Progress | batches=2032 | indexed=4,064,000/25,558,768 (15.9%) | failed=0 | rate=339/s | ETA=17:37:15
2026-03-19 20:02:37,651 INFO Progress | batches=2035 | indexed=4,070,000/25,558,768 (15.9%) | failed=0 | rate=339/s | ETA=17:36:43
2026-03-19 20:02:52,657 INFO Progress | batches=2038 | indexed=4,076,000/25,558,768 (15.9%) | failed=0 | rate=339/s | ETA=17:36:11
2026-03-19 20:03:07,663 INFO Progress | batches=2039 | indexed=4,078,000/25,558,768 (16.0%) | failed=0 | rate=339/s | ETA=17:36:53
2026-03-19 20:03:22,667 INFO Progress | batches=2042 | indexed=4,084,000/25,558,768 (16.0%) | failed=0 | rate=339/s | ETA=17:36:21
2026-03-19 20:03:37,670 INFO Progress | batches=2045 | indexed=4,090,000/25,558,768 (16.0%) | failed=0 | rate=339/s | ETA=17:35:50
2026-03-19 20:03:52,673 INFO Progress | batches=2047 | indexed=4,094,000/25,558,768 (16.0%) | failed=0 | rate=339/s | ETA=17:35:54
2026-03-19 20:04:07,675 INFO Progress | batches=2048 | indexed=4,096,000/25,558,768 (16.0%) | failed=0 | rate=339/s | ETA=17:36:36
2026-03-19 20:04:22,678 INFO Progress | batches=2053 | indexed=4,106,000/25,558,768 (16.1%) | failed=0 | rate=339/s | ETA=17:34:51
2026-03-19 20:04:37,684 INFO Progress | batches=2055 | indexed=4,110,000/25,558,768 (16.1%) | failed=0 | rate=339/s | ETA=17:34:56
2026-03-19 20:04:52,690 INFO Progress | batches=2058 | indexed=4,116,000/25,558,768 (16.1%) | failed=0 | rate=339/s | ETA=17:34:24
2026-03-19 20:05:07,693 INFO Progress | batches=2060 | indexed=4,120,000/25,558,768 (16.1%) | failed=0 | rate=339/s | ETA=17:34:29
2026-03-19 20:05:22,694 INFO Progress | batches=2064 | indexed=4,128,000/25,558,768 (16.2%) | failed=0 | rate=339/s | ETA=17:33:20
2026-03-19 20:05:37,702 INFO Progress | batches=2066 | indexed=4,132,000/25,558,768 (16.2%) | failed=0 | rate=339/s | ETA=17:33:25
2026-03-19 20:05:52,734 INFO Progress | batches=2068 | indexed=4,136,000/25,558,768 (16.2%) | failed=0 | rate=339/s | ETA=17:33:30
2026-03-19 20:06:07,765 INFO Progress | batches=2073 | indexed=4,146,000/25,558,768 (16.2%) | failed=0 | rate=339/s | ETA=17:31:46
2026-03-19 20:06:22,770 INFO Progress | batches=2076 | indexed=4,152,000/25,558,768 (16.2%) | failed=0 | rate=339/s | ETA=17:31:15
2026-03-19 20:06:37,776 INFO Progress | batches=2077 | indexed=4,154,000/25,558,768 (16.3%) | failed=0 | rate=339/s | ETA=17:31:56
2026-03-19 20:06:52,778 INFO Progress | batches=2081 | indexed=4,162,000/25,558,768 (16.3%) | failed=0 | rate=339/s | ETA=17:30:48
2026-03-19 20:07:07,784 INFO Progress | batches=2085 | indexed=4,170,000/25,558,768 (16.3%) | failed=0 | rate=340/s | ETA=17:29:40
2026-03-19 20:07:22,789 INFO Progress | batches=2086 | indexed=4,172,000/25,558,768 (16.3%) | failed=0 | rate=339/s | ETA=17:30:21
2026-03-19 20:07:37,792 INFO Progress | batches=2090 | indexed=4,180,000/25,558,768 (16.4%) | failed=0 | rate=340/s | ETA=17:29:14
2026-03-19 20:07:52,794 INFO Progress | batches=2092 | indexed=4,184,000/25,558,768 (16.4%) | failed=0 | rate=340/s | ETA=17:29:18
2026-03-19 20:08:07,800 INFO Progress | batches=2095 | indexed=4,190,000/25,558,768 (16.4%) | failed=0 | rate=340/s | ETA=17:28:47
2026-03-19 20:08:22,806 INFO Progress | batches=2097 | indexed=4,194,000/25,558,768 (16.4%) | failed=0 | rate=339/s | ETA=17:28:52
2026-03-19 20:08:37,810 INFO Progress | batches=2100 | indexed=4,200,000/25,558,768 (16.4%) | failed=0 | rate=340/s | ETA=17:28:21
2026-03-19 20:08:52,816 INFO Progress | batches=2102 | indexed=4,204,000/25,558,768 (16.4%) | failed=0 | rate=339/s | ETA=17:28:25
2026-03-19 20:09:07,820 INFO Progress | batches=2103 | indexed=4,206,000/25,558,768 (16.5%) | failed=0 | rate=339/s | ETA=17:29:06
2026-03-19 20:09:22,826 INFO Progress | batches=2107 | indexed=4,214,000/25,558,768 (16.5%) | failed=0 | rate=339/s | ETA=17:27:59
2026-03-19 20:09:37,833 INFO Progress | batches=2111 | indexed=4,222,000/25,558,768 (16.5%) | failed=0 | rate=340/s | ETA=17:26:52
2026-03-19 20:09:52,839 INFO Progress | batches=2113 | indexed=4,226,000/25,558,768 (16.5%) | failed=0 | rate=340/s | ETA=17:26:56
2026-03-19 20:10:07,844 INFO Progress | batches=2115 | indexed=4,230,000/25,558,768 (16.6%) | failed=0 | rate=340/s | ETA=17:27:01
2026-03-19 20:10:22,851 INFO Progress | batches=2120 | indexed=4,240,000/25,558,768 (16.6%) | failed=0 | rate=340/s | ETA=17:25:19
2026-03-19 20:10:37,854 INFO Progress | batches=2121 | indexed=4,242,000/25,558,768 (16.6%) | failed=0 | rate=340/s | ETA=17:25:59
2026-03-19 20:10:52,859 INFO Progress | batches=2123 | indexed=4,246,000/25,558,768 (16.6%) | failed=0 | rate=340/s | ETA=17:26:03
2026-03-19 20:11:07,863 INFO Progress | batches=2127 | indexed=4,254,000/25,558,768 (16.6%) | failed=0 | rate=340/s | ETA=17:24:57
2026-03-19 20:11:22,869 INFO Progress | batches=2129 | indexed=4,258,000/25,558,768 (16.7%) | failed=0 | rate=340/s | ETA=17:25:01
2026-03-19 20:11:37,870 INFO Progress | batches=2133 | indexed=4,266,000/25,558,768 (16.7%) | failed=0 | rate=340/s | ETA=17:23:55
2026-03-19 20:11:52,874 INFO Progress | batches=2136 | indexed=4,272,000/25,558,768 (16.7%) | failed=0 | rate=340/s | ETA=17:23:24
2026-03-19 20:12:07,878 INFO Progress | batches=2137 | indexed=4,274,000/25,558,768 (16.7%) | failed=0 | rate=340/s | ETA=17:24:04
2026-03-19 20:12:22,883 INFO Progress | batches=2141 | indexed=4,282,000/25,558,768 (16.8%) | failed=0 | rate=340/s | ETA=17:22:58
2026-03-19 20:12:37,889 INFO Progress | batches=2143 | indexed=4,286,000/25,558,768 (16.8%) | failed=0 | rate=340/s | ETA=17:23:02
2026-03-19 20:12:52,894 INFO Progress | batches=2145 | indexed=4,290,000/25,558,768 (16.8%) | failed=0 | rate=340/s | ETA=17:23:06
2026-03-19 20:13:07,896 INFO Progress | batches=2148 | indexed=4,296,000/25,558,768 (16.8%) | failed=0 | rate=340/s | ETA=17:22:35
2026-03-19 20:13:22,902 INFO Progress | batches=2149 | indexed=4,298,000/25,558,768 (16.8%) | failed=0 | rate=340/s | ETA=17:23:15
2026-03-19 20:13:37,904 INFO Progress | batches=2153 | indexed=4,306,000/25,558,768 (16.8%) | failed=0 | rate=340/s | ETA=17:22:09
2026-03-19 20:13:52,906 INFO Progress | batches=2155 | indexed=4,310,000/25,558,768 (16.9%) | failed=0 | rate=340/s | ETA=17:22:13
2026-03-19 20:14:07,908 INFO Progress | batches=2158 | indexed=4,316,000/25,558,768 (16.9%) | failed=0 | rate=340/s | ETA=17:21:42
2026-03-19 20:14:22,912 INFO Progress | batches=2161 | indexed=4,322,000/25,558,768 (16.9%) | failed=0 | rate=340/s | ETA=17:21:12
2026-03-19 20:14:37,918 INFO Progress | batches=2163 | indexed=4,326,000/25,558,768 (16.9%) | failed=0 | rate=340/s | ETA=17:21:16
2026-03-19 20:14:52,922 INFO Progress | batches=2166 | indexed=4,332,000/25,558,768 (16.9%) | failed=0 | rate=340/s | ETA=17:20:45
2026-03-19 20:15:07,928 INFO Progress | batches=2168 | indexed=4,336,000/25,558,768 (17.0%) | failed=0 | rate=340/s | ETA=17:20:49
2026-03-19 20:15:22,934 INFO Progress | batches=2171 | indexed=4,342,000/25,558,768 (17.0%) | failed=0 | rate=340/s | ETA=17:20:19
2026-03-19 20:15:37,939 INFO Progress | batches=2173 | indexed=4,346,000/25,558,768 (17.0%) | failed=0 | rate=340/s | ETA=17:20:23
2026-03-19 20:15:52,944 INFO Progress | batches=2175 | indexed=4,350,000/25,558,768 (17.0%) | failed=0 | rate=340/s | ETA=17:20:27
2026-03-19 20:16:07,950 INFO Progress | batches=2178 | indexed=4,356,000/25,558,768 (17.0%) | failed=0 | rate=340/s | ETA=17:19:56
2026-03-19 20:16:22,957 INFO Progress | batches=2181 | indexed=4,362,000/25,558,768 (17.1%) | failed=0 | rate=340/s | ETA=17:19:25
2026-03-19 20:16:37,964 INFO Progress | batches=2183 | indexed=4,366,000/25,558,768 (17.1%) | failed=0 | rate=340/s | ETA=17:19:29
2026-03-19 20:16:52,968 INFO Progress | batches=2187 | indexed=4,374,000/25,558,768 (17.1%) | failed=0 | rate=340/s | ETA=17:18:25
2026-03-19 20:17:07,971 INFO Progress | batches=2189 | indexed=4,378,000/25,558,768 (17.1%) | failed=0 | rate=340/s | ETA=17:18:28
2026-03-19 20:17:22,973 INFO Progress | batches=2192 | indexed=4,384,000/25,558,768 (17.2%) | failed=0 | rate=340/s | ETA=17:17:58
2026-03-19 20:17:37,975 INFO Progress | batches=2195 | indexed=4,390,000/25,558,768 (17.2%) | failed=0 | rate=340/s | ETA=17:17:28
2026-03-19 20:17:52,982 INFO Progress | batches=2196 | indexed=4,392,000/25,558,768 (17.2%) | failed=0 | rate=340/s | ETA=17:18:06
2026-03-19 20:18:07,989 INFO Progress | batches=2200 | indexed=4,400,000/25,558,768 (17.2%) | failed=0 | rate=340/s | ETA=17:17:01
2026-03-19 20:18:22,993 INFO Progress | batches=2202 | indexed=4,404,000/25,558,768 (17.2%) | failed=0 | rate=340/s | ETA=17:17:05
2026-03-19 20:18:37,999 INFO Progress | batches=2204 | indexed=4,408,000/25,558,768 (17.2%) | failed=0 | rate=340/s | ETA=17:17:09
2026-03-19 20:18:53,003 INFO Progress | batches=2207 | indexed=4,414,000/25,558,768 (17.3%) | failed=0 | rate=340/s | ETA=17:16:38
2026-03-19 20:19:08,006 INFO Progress | batches=2211 | indexed=4,422,000/25,558,768 (17.3%) | failed=0 | rate=340/s | ETA=17:15:34
2026-03-19 20:19:23,012 INFO Progress | batches=2211 | indexed=4,422,000/25,558,768 (17.3%) | failed=0 | rate=340/s | ETA=17:16:46
2026-03-19 20:19:38,019 INFO Progress | batches=2211 | indexed=4,422,000/25,558,768 (17.3%) | failed=0 | rate=339/s | ETA=17:17:58
2026-03-19 20:19:53,024 INFO Progress | batches=2214 | indexed=4,428,000/25,558,768 (17.3%) | failed=0 | rate=339/s | ETA=17:17:27
2026-03-19 20:20:08,028 INFO Progress | batches=2215 | indexed=4,430,000/25,558,768 (17.3%) | failed=0 | rate=339/s | ETA=17:18:05
2026-03-19 20:20:23,034 INFO Progress | batches=2219 | indexed=4,438,000/25,558,768 (17.4%) | failed=0 | rate=339/s | ETA=17:17:00
2026-03-19 20:20:38,035 INFO Progress | batches=2222 | indexed=4,444,000/25,558,768 (17.4%) | failed=0 | rate=340/s | ETA=17:16:30
2026-03-19 20:20:53,043 INFO Progress | batches=2225 | indexed=4,450,000/25,558,768 (17.4%) | failed=0 | rate=340/s | ETA=17:16:00
2026-03-19 20:21:08,045 INFO Progress | batches=2229 | indexed=4,458,000/25,558,768 (17.4%) | failed=0 | rate=340/s | ETA=17:14:55
2026-03-19 20:21:23,048 INFO Progress | batches=2231 | indexed=4,462,000/25,558,768 (17.5%) | failed=0 | rate=340/s | ETA=17:14:59
2026-03-19 20:21:38,051 INFO Progress | batches=2234 | indexed=4,468,000/25,558,768 (17.5%) | failed=0 | rate=340/s | ETA=17:14:29
2026-03-19 20:21:53,054 INFO Progress | batches=2238 | indexed=4,476,000/25,558,768 (17.5%) | failed=0 | rate=340/s | ETA=17:13:25
2026-03-19 20:22:08,061 INFO Progress | batches=2241 | indexed=4,482,000/25,558,768 (17.5%) | failed=0 | rate=340/s | ETA=17:12:55
2026-03-19 20:22:23,330 INFO Progress | batches=2243 | indexed=4,486,000/25,558,768 (17.6%) | failed=0 | rate=340/s | ETA=17:13:00
2026-03-19 20:22:38,357 INFO Progress | batches=2247 | indexed=4,494,000/25,558,768 (17.6%) | failed=0 | rate=340/s | ETA=17:11:56
2026-03-19 20:22:53,362 INFO Progress | batches=2249 | indexed=4,498,000/25,558,768 (17.6%) | failed=0 | rate=340/s | ETA=17:12:00
2026-03-19 20:23:08,388 INFO Progress | batches=2252 | indexed=4,504,000/25,558,768 (17.6%) | failed=0 | rate=340/s | ETA=17:11:30
2026-03-19 20:23:23,406 INFO Progress | batches=2255 | indexed=4,510,000/25,558,768 (17.6%) | failed=0 | rate=340/s | ETA=17:11:00
2026-03-19 20:23:38,412 INFO Progress | batches=2257 | indexed=4,514,000/25,558,768 (17.7%) | failed=0 | rate=340/s | ETA=17:11:03
2026-03-19 20:23:53,418 INFO Progress | batches=2261 | indexed=4,522,000/25,558,768 (17.7%) | failed=0 | rate=340/s | ETA=17:10:00
2026-03-19 20:24:08,430 INFO Progress | batches=2264 | indexed=4,528,000/25,558,768 (17.7%) | failed=0 | rate=340/s | ETA=17:09:31
2026-03-19 20:24:23,448 INFO Progress | batches=2267 | indexed=4,534,000/25,558,768 (17.7%) | failed=0 | rate=341/s | ETA=17:09:01
2026-03-19 20:24:38,452 INFO Progress | batches=2269 | indexed=4,538,000/25,558,768 (17.8%) | failed=0 | rate=340/s | ETA=17:09:04
2026-03-19 20:24:53,471 INFO Progress | batches=2274 | indexed=4,548,000/25,558,768 (17.8%) | failed=0 | rate=341/s | ETA=17:07:28
2026-03-19 20:25:08,474 INFO Progress | batches=2276 | indexed=4,552,000/25,558,768 (17.8%) | failed=0 | rate=341/s | ETA=17:07:32
2026-03-19 20:25:23,480 INFO Progress | batches=2280 | indexed=4,560,000/25,558,768 (17.8%) | failed=0 | rate=341/s | ETA=17:06:29
2026-03-19 20:25:38,492 INFO Progress | batches=2282 | indexed=4,564,000/25,558,768 (17.9%) | failed=0 | rate=341/s | ETA=17:06:33
2026-03-19 20:25:53,503 INFO Progress | batches=2286 | indexed=4,572,000/25,558,768 (17.9%) | failed=0 | rate=341/s | ETA=17:05:30
2026-03-19 20:26:08,506 INFO Progress | batches=2287 | indexed=4,574,000/25,558,768 (17.9%) | failed=0 | rate=341/s | ETA=17:06:06
2026-03-19 20:26:23,513 INFO Progress | batches=2289 | indexed=4,578,000/25,558,768 (17.9%) | failed=0 | rate=341/s | ETA=17:06:10
2026-03-19 20:26:38,517 INFO Progress | batches=2293 | indexed=4,586,000/25,558,768 (17.9%) | failed=0 | rate=341/s | ETA=17:05:07
2026-03-19 20:26:53,524 INFO Progress | batches=2296 | indexed=4,592,000/25,558,768 (18.0%) | failed=0 | rate=341/s | ETA=17:04:38
2026-03-19 20:27:08,721 INFO Progress | batches=2298 | indexed=4,596,000/25,558,768 (18.0%) | failed=0 | rate=341/s | ETA=17:04:42
2026-03-19 20:27:23,750 INFO Progress | batches=2301 | indexed=4,602,000/25,558,768 (18.0%) | failed=0 | rate=341/s | ETA=17:04:13
2026-03-19 20:27:38,755 INFO Progress | batches=2304 | indexed=4,608,000/25,558,768 (18.0%) | failed=0 | rate=341/s | ETA=17:03:43
2026-03-19 20:27:53,757 INFO Progress | batches=2309 | indexed=4,618,000/25,558,768 (18.1%) | failed=0 | rate=341/s | ETA=17:02:09
2026-03-19 20:28:08,762 INFO Progress | batches=2312 | indexed=4,624,000/25,558,768 (18.1%) | failed=0 | rate=342/s | ETA=17:01:40
2026-03-19 20:28:23,767 INFO Progress | batches=2314 | indexed=4,628,000/25,558,768 (18.1%) | failed=0 | rate=341/s | ETA=17:01:43
2026-03-19 20:28:38,775 INFO Progress | batches=2317 | indexed=4,634,000/25,558,768 (18.1%) | failed=0 | rate=341/s | ETA=17:01:14
2026-03-19 20:28:53,786 INFO Progress | batches=2320 | indexed=4,640,000/25,558,768 (18.2%) | failed=0 | rate=342/s | ETA=17:00:45
2026-03-19 20:29:08,792 INFO Progress | batches=2323 | indexed=4,646,000/25,558,768 (18.2%) | failed=0 | rate=342/s | ETA=17:00:16
2026-03-19 20:29:23,798 INFO Progress | batches=2327 | indexed=4,654,000/25,558,768 (18.2%) | failed=0 | rate=342/s | ETA=16:59:15
2026-03-19 20:29:38,804 INFO Progress | batches=2329 | indexed=4,658,000/25,558,768 (18.2%) | failed=0 | rate=342/s | ETA=16:59:18
2026-03-19 20:29:53,808 INFO Progress | batches=2332 | indexed=4,664,000/25,558,768 (18.2%) | failed=0 | rate=342/s | ETA=16:58:49
2026-03-19 20:30:08,815 INFO Progress | batches=2335 | indexed=4,670,000/25,558,768 (18.3%) | failed=0 | rate=342/s | ETA=16:58:20
2026-03-19 20:30:23,817 INFO Progress | batches=2337 | indexed=4,674,000/25,558,768 (18.3%) | failed=0 | rate=342/s | ETA=16:58:23
2026-03-19 20:30:38,818 INFO Progress | batches=2340 | indexed=4,680,000/25,558,768 (18.3%) | failed=0 | rate=342/s | ETA=16:57:54
2026-03-19 20:30:53,824 INFO Progress | batches=2344 | indexed=4,688,000/25,558,768 (18.3%) | failed=0 | rate=342/s | ETA=16:56:53
2026-03-19 20:31:08,827 INFO Progress | batches=2347 | indexed=4,694,000/25,558,768 (18.4%) | failed=0 | rate=342/s | ETA=16:56:24
2026-03-19 20:31:23,830 INFO Progress | batches=2350 | indexed=4,700,000/25,558,768 (18.4%) | failed=0 | rate=342/s | ETA=16:55:56
2026-03-19 20:31:38,836 INFO Progress | batches=2353 | indexed=4,706,000/25,558,768 (18.4%) | failed=0 | rate=342/s | ETA=16:55:27
2026-03-19 20:31:53,853 INFO Progress | batches=2354 | indexed=4,708,000/25,558,768 (18.4%) | failed=0 | rate=342/s | ETA=16:56:02
2026-03-19 20:32:09,006 INFO Progress | batches=2359 | indexed=4,718,000/25,558,768 (18.5%) | failed=0 | rate=342/s | ETA=16:54:30
2026-03-19 20:32:24,022 INFO Progress | batches=2360 | indexed=4,720,000/25,558,768 (18.5%) | failed=0 | rate=342/s | ETA=16:55:05
2026-03-19 20:32:39,030 INFO Progress | batches=2363 | indexed=4,726,000/25,558,768 (18.5%) | failed=0 | rate=342/s | ETA=16:54:36
2026-03-19 20:32:54,036 INFO Progress | batches=2366 | indexed=4,732,000/25,558,768 (18.5%) | failed=0 | rate=342/s | ETA=16:54:08
2026-03-19 20:33:09,227 INFO Progress | batches=2369 | indexed=4,738,000/25,558,768 (18.5%) | failed=0 | rate=342/s | ETA=16:53:40
2026-03-19 20:33:24,240 INFO Progress | batches=2372 | indexed=4,744,000/25,558,768 (18.6%) | failed=0 | rate=342/s | ETA=16:53:11
2026-03-19 20:33:39,242 INFO Progress | batches=2375 | indexed=4,750,000/25,558,768 (18.6%) | failed=0 | rate=342/s | ETA=16:52:43
2026-03-19 20:33:54,245 INFO Progress | batches=2378 | indexed=4,756,000/25,558,768 (18.6%) | failed=0 | rate=343/s | ETA=16:52:14
2026-03-19 20:34:09,247 INFO Progress | batches=2379 | indexed=4,758,000/25,558,768 (18.6%) | failed=0 | rate=342/s | ETA=16:52:48
2026-03-19 20:34:24,249 INFO Progress | batches=2383 | indexed=4,766,000/25,558,768 (18.6%) | failed=0 | rate=342/s | ETA=16:51:48
2026-03-19 20:34:39,260 INFO Progress | batches=2387 | indexed=4,774,000/25,558,768 (18.7%) | failed=0 | rate=343/s | ETA=16:50:49
2026-03-19 20:34:54,287 INFO Progress | batches=2389 | indexed=4,778,000/25,558,768 (18.7%) | failed=0 | rate=343/s | ETA=16:50:52
2026-03-19 20:35:09,294 INFO Progress | batches=2393 | indexed=4,786,000/25,558,768 (18.7%) | failed=0 | rate=343/s | ETA=16:49:52
2026-03-19 20:35:24,343 INFO Progress | batches=2396 | indexed=4,792,000/25,558,768 (18.7%) | failed=0 | rate=343/s | ETA=16:49:24
2026-03-19 20:35:39,403 INFO Progress | batches=2398 | indexed=4,796,000/25,558,768 (18.8%) | failed=0 | rate=343/s | ETA=16:49:27
2026-03-19 20:35:54,419 INFO Progress | batches=2401 | indexed=4,802,000/25,558,768 (18.8%) | failed=0 | rate=343/s | ETA=16:48:59
2026-03-19 20:36:09,426 INFO Progress | batches=2404 | indexed=4,808,000/25,558,768 (18.8%) | failed=0 | rate=343/s | ETA=16:48:30
2026-03-19 20:36:24,429 INFO Progress | batches=2407 | indexed=4,814,000/25,558,768 (18.8%) | failed=0 | rate=343/s | ETA=16:48:02
2026-03-19 20:36:39,442 INFO Progress | batches=2409 | indexed=4,818,000/25,558,768 (18.9%) | failed=0 | rate=343/s | ETA=16:48:05
2026-03-19 20:36:54,443 INFO Progress | batches=2412 | indexed=4,824,000/25,558,768 (18.9%) | failed=0 | rate=343/s | ETA=16:47:37
2026-03-19 20:37:09,449 INFO Progress | batches=2414 | indexed=4,828,000/25,558,768 (18.9%) | failed=0 | rate=343/s | ETA=16:47:39
2026-03-19 20:37:24,451 INFO Progress | batches=2416 | indexed=4,832,000/25,558,768 (18.9%) | failed=0 | rate=343/s | ETA=16:47:42
2026-03-19 20:37:39,458 INFO Progress | batches=2418 | indexed=4,836,000/25,558,768 (18.9%) | failed=0 | rate=343/s | ETA=16:47:45
2026-03-19 20:37:54,464 INFO Progress | batches=2421 | indexed=4,842,000/25,558,768 (18.9%) | failed=0 | rate=343/s | ETA=16:47:16
2026-03-19 20:38:09,468 INFO Progress | batches=2424 | indexed=4,848,000/25,558,768 (19.0%) | failed=0 | rate=343/s | ETA=16:46:48
2026-03-19 20:38:24,474 INFO Progress | batches=2427 | indexed=4,854,000/25,558,768 (19.0%) | failed=0 | rate=343/s | ETA=16:46:20
2026-03-19 20:38:39,484 INFO Progress | batches=2430 | indexed=4,860,000/25,558,768 (19.0%) | failed=0 | rate=343/s | ETA=16:45:52
2026-03-19 20:38:54,490 INFO Progress | batches=2433 | indexed=4,866,000/25,558,768 (19.0%) | failed=0 | rate=343/s | ETA=16:45:24
2026-03-19 20:39:09,495 INFO Progress | batches=2436 | indexed=4,872,000/25,558,768 (19.1%) | failed=0 | rate=343/s | ETA=16:44:56
2026-03-19 20:39:24,496 INFO Progress | batches=2438 | indexed=4,876,000/25,558,768 (19.1%) | failed=0 | rate=343/s | ETA=16:44:58
2026-03-19 20:39:39,503 INFO Progress | batches=2442 | indexed=4,884,000/25,558,768 (19.1%) | failed=0 | rate=343/s | ETA=16:44:00
2026-03-19 20:39:54,519 INFO Progress | batches=2443 | indexed=4,886,000/25,558,768 (19.1%) | failed=0 | rate=343/s | ETA=16:44:33
2026-03-19 20:40:09,655 INFO Progress | batches=2446 | indexed=4,892,000/25,558,768 (19.1%) | failed=0 | rate=343/s | ETA=16:44:06
2026-03-19 20:40:24,658 INFO Progress | batches=2448 | indexed=4,896,000/25,558,768 (19.2%) | failed=0 | rate=343/s | ETA=16:44:08
2026-03-19 20:40:39,659 INFO Progress | batches=2451 | indexed=4,902,000/25,558,768 (19.2%) | failed=0 | rate=343/s | ETA=16:43:40
2026-03-19 20:40:54,665 INFO Progress | batches=2454 | indexed=4,908,000/25,558,768 (19.2%) | failed=0 | rate=343/s | ETA=16:43:12
2026-03-19 20:41:09,677 INFO Progress | batches=2457 | indexed=4,914,000/25,558,768 (19.2%) | failed=0 | rate=343/s | ETA=16:42:44
2026-03-19 20:41:24,680 INFO Progress | batches=2459 | indexed=4,918,000/25,558,768 (19.2%) | failed=0 | rate=343/s | ETA=16:42:47
2026-03-19 20:41:39,688 INFO Progress | batches=2464 | indexed=4,928,000/25,558,768 (19.3%) | failed=0 | rate=343/s | ETA=16:41:18
2026-03-19 20:41:54,691 INFO Progress | batches=2466 | indexed=4,932,000/25,558,768 (19.3%) | failed=0 | rate=343/s | ETA=16:41:21
2026-03-19 20:42:09,693 INFO Progress | batches=2468 | indexed=4,936,000/25,558,768 (19.3%) | failed=0 | rate=343/s | ETA=16:41:23
2026-03-19 20:42:24,696 INFO Progress | batches=2472 | indexed=4,944,000/25,558,768 (19.3%) | failed=0 | rate=343/s | ETA=16:40:25
2026-03-19 20:42:39,702 INFO Progress | batches=2474 | indexed=4,948,000/25,558,768 (19.4%) | failed=0 | rate=343/s | ETA=16:40:27
2026-03-19 20:42:54,708 INFO Progress | batches=2476 | indexed=4,952,000/25,558,768 (19.4%) | failed=0 | rate=343/s | ETA=16:40:30
2026-03-19 20:43:09,709 INFO Progress | batches=2479 | indexed=4,958,000/25,558,768 (19.4%) | failed=0 | rate=343/s | ETA=16:40:02
2026-03-19 20:43:24,710 INFO Progress | batches=2483 | indexed=4,966,000/25,558,768 (19.4%) | failed=0 | rate=344/s | ETA=16:39:04
2026-03-19 20:43:39,714 INFO Progress | batches=2486 | indexed=4,972,000/25,558,768 (19.5%) | failed=0 | rate=344/s | ETA=16:38:36
2026-03-19 20:43:54,720 INFO Progress | batches=2488 | indexed=4,976,000/25,558,768 (19.5%) | failed=0 | rate=344/s | ETA=16:38:39
2026-03-19 20:44:09,725 INFO Progress | batches=2491 | indexed=4,982,000/25,558,768 (19.5%) | failed=0 | rate=344/s | ETA=16:38:11
2026-03-19 20:44:24,730 INFO Progress | batches=2493 | indexed=4,986,000/25,558,768 (19.5%) | failed=0 | rate=343/s | ETA=16:38:13
2026-03-19 20:44:39,738 INFO Progress | batches=2496 | indexed=4,992,000/25,558,768 (19.5%) | failed=0 | rate=344/s | ETA=16:37:46
2026-03-19 20:44:54,751 INFO Progress | batches=2500 | indexed=5,000,000/25,558,768 (19.6%) | failed=0 | rate=344/s | ETA=16:36:48
2026-03-19 20:45:09,757 INFO Progress | batches=2502 | indexed=5,004,000/25,558,768 (19.6%) | failed=0 | rate=344/s | ETA=16:36:51
2026-03-19 20:45:24,760 INFO Progress | batches=2504 | indexed=5,008,000/25,558,768 (19.6%) | failed=0 | rate=344/s | ETA=16:36:53
2026-03-19 20:45:39,766 INFO Progress | batches=2506 | indexed=5,012,000/25,558,768 (19.6%) | failed=0 | rate=344/s | ETA=16:36:55
2026-03-19 20:45:54,770 INFO Progress | batches=2509 | indexed=5,018,000/25,558,768 (19.6%) | failed=0 | rate=344/s | ETA=16:36:27
2026-03-19 20:46:09,776 INFO Progress | batches=2512 | indexed=5,024,000/25,558,768 (19.7%) | failed=0 | rate=344/s | ETA=16:36:00
2026-03-19 20:46:24,785 INFO Progress | batches=2516 | indexed=5,032,000/25,558,768 (19.7%) | failed=0 | rate=344/s | ETA=16:35:03
2026-03-19 20:46:39,788 INFO Progress | batches=2518 | indexed=5,036,000/25,558,768 (19.7%) | failed=0 | rate=344/s | ETA=16:35:05
2026-03-19 20:46:54,796 INFO Progress | batches=2521 | indexed=5,042,000/25,558,768 (19.7%) | failed=0 | rate=344/s | ETA=16:34:38
2026-03-19 20:47:09,811 INFO Progress | batches=2524 | indexed=5,048,000/25,558,768 (19.8%) | failed=0 | rate=344/s | ETA=16:34:10
2026-03-19 20:47:24,814 INFO Progress | batches=2527 | indexed=5,054,000/25,558,768 (19.8%) | failed=0 | rate=344/s | ETA=16:33:43
2026-03-19 20:47:39,821 INFO Progress | batches=2531 | indexed=5,062,000/25,558,768 (19.8%) | failed=0 | rate=344/s | ETA=16:32:46
2026-03-19 20:47:54,826 INFO Progress | batches=2532 | indexed=5,064,000/25,558,768 (19.8%) | failed=0 | rate=344/s | ETA=16:33:18
2026-03-19 20:48:09,831 INFO Progress | batches=2537 | indexed=5,074,000/25,558,768 (19.9%) | failed=0 | rate=344/s | ETA=16:31:52
2026-03-19 20:48:24,834 INFO Progress | batches=2538 | indexed=5,076,000/25,558,768 (19.9%) | failed=0 | rate=344/s | ETA=16:32:23
2026-03-19 20:48:39,841 INFO Progress | batches=2541 | indexed=5,082,000/25,558,768 (19.9%) | failed=0 | rate=344/s | ETA=16:31:56
2026-03-19 20:48:54,846 INFO Progress | batches=2544 | indexed=5,088,000/25,558,768 (19.9%) | failed=0 | rate=344/s | ETA=16:31:28
2026-03-19 20:49:09,849 INFO Progress | batches=2546 | indexed=5,092,000/25,558,768 (19.9%) | failed=0 | rate=344/s | ETA=16:31:30
2026-03-19 20:49:24,855 INFO Progress | batches=2549 | indexed=5,098,000/25,558,768 (19.9%) | failed=0 | rate=344/s | ETA=16:31:03
2026-03-19 20:49:39,859 INFO Progress | batches=2551 | indexed=5,102,000/25,558,768 (20.0%) | failed=0 | rate=344/s | ETA=16:31:05
2026-03-19 20:49:54,865 INFO Progress | batches=2555 | indexed=5,110,000/25,558,768 (20.0%) | failed=0 | rate=344/s | ETA=16:30:09
2026-03-19 20:50:09,868 INFO Progress | batches=2557 | indexed=5,114,000/25,558,768 (20.0%) | failed=0 | rate=344/s | ETA=16:30:11
2026-03-19 20:50:24,874 INFO Progress | batches=2560 | indexed=5,120,000/25,558,768 (20.0%) | failed=0 | rate=344/s | ETA=16:29:44
2026-03-19 20:50:39,885 INFO Progress | batches=2563 | indexed=5,126,000/25,558,768 (20.1%) | failed=0 | rate=344/s | ETA=16:29:16
2026-03-19 20:50:54,892 INFO Progress | batches=2566 | indexed=5,132,000/25,558,768 (20.1%) | failed=0 | rate=344/s | ETA=16:28:49
2026-03-19 20:51:09,898 INFO Progress | batches=2567 | indexed=5,134,000/25,558,768 (20.1%) | failed=0 | rate=344/s | ETA=16:29:20
2026-03-19 20:51:24,942 INFO Progress | batches=2570 | indexed=5,140,000/25,558,768 (20.1%) | failed=0 | rate=344/s | ETA=16:28:53
2026-03-19 20:51:39,954 INFO Progress | batches=2573 | indexed=5,146,000/25,558,768 (20.1%) | failed=0 | rate=344/s | ETA=16:28:26
2026-03-19 20:51:54,972 INFO Progress | batches=2577 | indexed=5,154,000/25,558,768 (20.2%) | failed=0 | rate=344/s | ETA=16:27:30
2026-03-19 20:52:09,979 INFO Progress | batches=2579 | indexed=5,158,000/25,558,768 (20.2%) | failed=0 | rate=344/s | ETA=16:27:32
2026-03-19 20:52:24,987 INFO Progress | batches=2583 | indexed=5,166,000/25,558,768 (20.2%) | failed=0 | rate=344/s | ETA=16:26:36
2026-03-19 20:52:40,005 INFO Progress | batches=2585 | indexed=5,170,000/25,558,768 (20.2%) | failed=0 | rate=344/s | ETA=16:26:38
2026-03-19 20:52:55,007 INFO Progress | batches=2588 | indexed=5,176,000/25,558,768 (20.3%) | failed=0 | rate=344/s | ETA=16:26:11
2026-03-19 20:53:10,012 INFO Progress | batches=2591 | indexed=5,182,000/25,558,768 (20.3%) | failed=0 | rate=345/s | ETA=16:25:44
2026-03-19 20:53:25,018 INFO Progress | batches=2594 | indexed=5,188,000/25,558,768 (20.3%) | failed=0 | rate=345/s | ETA=16:25:18
2026-03-19 20:53:40,024 INFO Progress | batches=2596 | indexed=5,192,000/25,558,768 (20.3%) | failed=0 | rate=344/s | ETA=16:25:19
2026-03-19 20:53:55,027 INFO Progress | batches=2600 | indexed=5,200,000/25,558,768 (20.3%) | failed=0 | rate=345/s | ETA=16:24:24
2026-03-19 20:54:10,032 INFO Progress | batches=2602 | indexed=5,204,000/25,558,768 (20.4%) | failed=0 | rate=345/s | ETA=16:24:26
2026-03-19 20:54:25,038 INFO Progress | batches=2605 | indexed=5,210,000/25,558,768 (20.4%) | failed=0 | rate=345/s | ETA=16:23:59
2026-03-19 20:54:40,043 INFO Progress | batches=2607 | indexed=5,214,000/25,558,768 (20.4%) | failed=0 | rate=345/s | ETA=16:24:00
2026-03-19 20:54:55,049 INFO Progress | batches=2609 | indexed=5,218,000/25,558,768 (20.4%) | failed=0 | rate=345/s | ETA=16:24:02
2026-03-19 20:55:10,051 INFO Progress | batches=2611 | indexed=5,222,000/25,558,768 (20.4%) | failed=0 | rate=344/s | ETA=16:24:04
2026-03-19 20:55:25,056 INFO Progress | batches=2615 | indexed=5,230,000/25,558,768 (20.5%) | failed=0 | rate=345/s | ETA=16:23:09
2026-03-19 20:55:40,062 INFO Progress | batches=2618 | indexed=5,236,000/25,558,768 (20.5%) | failed=0 | rate=345/s | ETA=16:22:42
2026-03-19 20:55:55,069 INFO Progress | batches=2621 | indexed=5,242,000/25,558,768 (20.5%) | failed=0 | rate=345/s | ETA=16:22:15
2026-03-19 20:56:10,075 INFO Progress | batches=2624 | indexed=5,248,000/25,558,768 (20.5%) | failed=0 | rate=345/s | ETA=16:21:48
2026-03-19 20:56:25,079 INFO Progress | batches=2627 | indexed=5,254,000/25,558,768 (20.6%) | failed=0 | rate=345/s | ETA=16:21:22
2026-03-19 20:56:40,083 INFO Progress | batches=2630 | indexed=5,260,000/25,558,768 (20.6%) | failed=0 | rate=345/s | ETA=16:20:55
2026-03-19 20:56:55,089 INFO Progress | batches=2634 | indexed=5,268,000/25,558,768 (20.6%) | failed=0 | rate=345/s | ETA=16:20:00
2026-03-19 20:57:10,095 INFO Progress | batches=2635 | indexed=5,270,000/25,558,768 (20.6%) | failed=0 | rate=345/s | ETA=16:20:30
2026-03-19 20:57:25,101 INFO Progress | batches=2637 | indexed=5,274,000/25,558,768 (20.6%) | failed=0 | rate=345/s | ETA=16:20:31
2026-03-19 20:57:40,106 INFO Progress | batches=2640 | indexed=5,280,000/25,558,768 (20.7%) | failed=0 | rate=345/s | ETA=16:20:05
2026-03-19 20:57:55,113 INFO Progress | batches=2644 | indexed=5,288,000/25,558,768 (20.7%) | failed=0 | rate=345/s | ETA=16:19:10
2026-03-19 20:58:10,115 INFO Progress | batches=2646 | indexed=5,292,000/25,558,768 (20.7%) | failed=0 | rate=345/s | ETA=16:19:12
2026-03-19 20:58:25,120 INFO Progress | batches=2649 | indexed=5,298,000/25,558,768 (20.7%) | failed=0 | rate=345/s | ETA=16:18:45
2026-03-19 20:58:40,125 INFO Progress | batches=2652 | indexed=5,304,000/25,558,768 (20.8%) | failed=0 | rate=345/s | ETA=16:18:19
2026-03-19 20:58:55,128 INFO Progress | batches=2654 | indexed=5,308,000/25,558,768 (20.8%) | failed=0 | rate=345/s | ETA=16:18:20
2026-03-19 20:59:10,133 INFO Progress | batches=2659 | indexed=5,318,000/25,558,768 (20.8%) | failed=0 | rate=345/s | ETA=16:16:58
2026-03-19 20:59:25,139 INFO Progress | batches=2661 | indexed=5,322,000/25,558,768 (20.8%) | failed=0 | rate=345/s | ETA=16:16:59
2026-03-19 20:59:40,143 INFO Progress | batches=2664 | indexed=5,328,000/25,558,768 (20.8%) | failed=0 | rate=345/s | ETA=16:16:33
2026-03-19 20:59:55,144 INFO Progress | batches=2668 | indexed=5,336,000/25,558,768 (20.9%) | failed=0 | rate=345/s | ETA=16:15:39
2026-03-19 21:00:10,150 INFO Progress | batches=2670 | indexed=5,340,000/25,558,768 (20.9%) | failed=0 | rate=345/s | ETA=16:15:40
2026-03-19 21:00:25,159 INFO Progress | batches=2672 | indexed=5,344,000/25,558,768 (20.9%) | failed=0 | rate=345/s | ETA=16:15:42
2026-03-19 21:00:40,166 INFO Progress | batches=2677 | indexed=5,354,000/25,558,768 (20.9%) | failed=0 | rate=346/s | ETA=16:14:20
2026-03-19 21:00:55,170 INFO Progress | batches=2680 | indexed=5,360,000/25,558,768 (21.0%) | failed=0 | rate=346/s | ETA=16:13:54
2026-03-19 21:01:10,173 INFO Progress | batches=2682 | indexed=5,364,000/25,558,768 (21.0%) | failed=0 | rate=346/s | ETA=16:13:55
2026-03-19 21:01:25,181 INFO Progress | batches=2682 | indexed=5,364,000/25,558,768 (21.0%) | failed=0 | rate=345/s | ETA=16:14:52
2026-03-19 21:01:40,189 INFO Progress | batches=2682 | indexed=5,364,000/25,558,768 (21.0%) | failed=0 | rate=345/s | ETA=16:15:48
2026-03-19 21:01:55,195 INFO Progress | batches=2682 | indexed=5,364,000/25,558,768 (21.0%) | failed=0 | rate=345/s | ETA=16:16:45
2026-03-19 21:02:10,202 INFO Progress | batches=2682 | indexed=5,364,000/25,558,768 (21.0%) | failed=0 | rate=344/s | ETA=16:17:41
2026-03-19 21:02:25,208 INFO Progress | batches=2682 | indexed=5,364,000/25,558,768 (21.0%) | failed=0 | rate=344/s | ETA=16:18:38
2026-03-19 21:02:40,214 INFO Progress | batches=2682 | indexed=5,364,000/25,558,768 (21.0%) | failed=0 | rate=344/s | ETA=16:19:34
2026-03-19 21:02:55,222 INFO Progress | batches=2682 | indexed=5,364,000/25,558,768 (21.0%) | failed=0 | rate=343/s | ETA=16:20:31
2026-03-19 21:03:10,228 INFO Progress | batches=2682 | indexed=5,364,000/25,558,768 (21.0%) | failed=0 | rate=343/s | ETA=16:21:27
2026-03-19 21:03:25,235 INFO Progress | batches=2682 | indexed=5,364,000/25,558,768 (21.0%) | failed=0 | rate=343/s | ETA=16:22:24
2026-03-19 21:03:40,242 INFO Progress | batches=2682 | indexed=5,364,000/25,558,768 (21.0%) | failed=0 | rate=342/s | ETA=16:23:20
2026-03-19 21:03:55,249 INFO Progress | batches=2682 | indexed=5,364,000/25,558,768 (21.0%) | failed=0 | rate=342/s | ETA=16:24:17
2026-03-19 21:04:10,251 INFO Progress | batches=2682 | indexed=5,364,000/25,558,768 (21.0%) | failed=0 | rate=342/s | ETA=16:25:13
2026-03-19 21:04:25,257 INFO Progress | batches=2682 | indexed=5,364,000/25,558,768 (21.0%) | failed=0 | rate=341/s | ETA=16:26:10
2026-03-19 21:04:40,261 INFO Progress | batches=2682 | indexed=5,364,000/25,558,768 (21.0%) | failed=0 | rate=341/s | ETA=16:27:06
2026-03-19 21:04:55,263 INFO Progress | batches=2682 | indexed=5,364,000/25,558,768 (21.0%) | failed=0 | rate=341/s | ETA=16:28:03
2026-03-19 21:05:03,086 WARNING Network error DELETE http://52.241.5.104:9200/_search/scroll (<urlopen error timed out>) — retry 1/6 in 5s
2026-03-19 21:05:05,419 WARNING Network error DELETE http://52.241.5.104:9200/_search/scroll (<urlopen error timed out>) — retry 1/6 in 5s
2026-03-19 21:05:05,516 WARNING Network error DELETE http://52.241.5.104:9200/_search/scroll (<urlopen error timed out>) — retry 1/6 in 5s
2026-03-19 21:05:05,587 WARNING Network error DELETE http://52.241.5.104:9200/_search/scroll (<urlopen error timed out>) — retry 1/6 in 5s
2026-03-19 21:05:10,275 INFO Progress | batches=2682 | indexed=5,364,000/25,558,768 (21.0%) | failed=0 | rate=340/s | ETA=16:28:59
2026-03-19 21:05:25,287 INFO Progress | batches=2682 | indexed=5,364,000/25,558,768 (21.0%) | failed=0 | rate=340/s | ETA=16:29:56
2026-03-19 21:05:40,296 INFO Progress | batches=2682 | indexed=5,364,000/25,558,768 (21.0%) | failed=0 | rate=340/s | ETA=16:30:52
2026-03-19 21:05:55,304 INFO Progress | batches=2682 | indexed=5,364,000/25,558,768 (21.0%) | failed=0 | rate=339/s | ETA=16:31:49
2026-03-19 21:06:08,106 WARNING Network error DELETE http://52.241.5.104:9200/_search/scroll (<urlopen error timed out>) — retry 2/6 in 15s
2026-03-19 21:06:10,312 INFO Progress | batches=2682 | indexed=5,364,000/25,558,768 (21.0%) | failed=0 | rate=339/s | ETA=16:32:45
2026-03-19 21:06:10,425 WARNING Network error DELETE http://52.241.5.104:9200/_search/scroll (<urlopen error timed out>) — retry 2/6 in 15s
2026-03-19 21:06:10,523 WARNING Network error DELETE http://52.241.5.104:9200/_search/scroll (<urlopen error timed out>) — retry 2/6 in 15s
2026-03-19 21:06:10,593 WARNING Network error DELETE http://52.241.5.104:9200/_search/scroll (<urlopen error timed out>) — retry 2/6 in 15s
2026-03-19 21:06:25,313 INFO Progress | batches=2682 | indexed=5,364,000/25,558,768 (21.0%) | failed=0 | rate=339/s | ETA=16:33:42
2026-03-19 21:06:40,319 INFO Progress | batches=2682 | indexed=5,364,000/25,558,768 (21.0%) | failed=0 | rate=338/s | ETA=16:34:38
2026-03-19 21:06:55,331 INFO Progress | batches=2682 | indexed=5,364,000/25,558,768 (21.0%) | failed=0 | rate=338/s | ETA=16:35:35
2026-03-19 21:07:10,337 INFO Progress | batches=2682 | indexed=5,364,000/25,558,768 (21.0%) | failed=0 | rate=338/s | ETA=16:36:31
2026-03-19 21:07:23,117 WARNING Network error DELETE http://52.241.5.104:9200/_search/scroll (<urlopen error timed out>) — retry 3/6 in 30s
2026-03-19 21:07:25,342 INFO Progress | batches=2682 | indexed=5,364,000/25,558,768 (21.0%) | failed=0 | rate=337/s | ETA=16:37:28
2026-03-19 21:07:25,435 WARNING Network error DELETE http://52.241.5.104:9200/_search/scroll (<urlopen error timed out>) — retry 3/6 in 30s
2026-03-19 21:07:25,529 WARNING Network error DELETE http://52.241.5.104:9200/_search/scroll (<urlopen error timed out>) — retry 3/6 in 30s
2026-03-19 21:07:25,603 WARNING Network error DELETE http://52.241.5.104:9200/_search/scroll (<urlopen error timed out>) — retry 3/6 in 30s
2026-03-19 21:07:40,349 INFO Progress | batches=2682 | indexed=5,364,000/25,558,768 (21.0%) | failed=0 | rate=337/s | ETA=16:38:24
2026-03-19 21:07:55,352 INFO Progress | batches=2682 | indexed=5,364,000/25,558,768 (21.0%) | failed=0 | rate=337/s | ETA=16:39:21
2026-03-19 21:08:10,358 INFO Progress | batches=2682 | indexed=5,364,000/25,558,768 (21.0%) | failed=0 | rate=336/s | ETA=16:40:17
2026-03-19 21:08:25,363 INFO Progress | batches=2682 | indexed=5,364,000/25,558,768 (21.0%) | failed=0 | rate=336/s | ETA=16:41:14
2026-03-19 21:08:40,371 INFO Progress | batches=2682 | indexed=5,364,000/25,558,768 (21.0%) | failed=0 | rate=336/s | ETA=16:42:10
2026-03-19 21:08:53,132 WARNING Network error DELETE http://52.241.5.104:9200/_search/scroll (<urlopen error timed out>) — retry 4/6 in 60s
2026-03-19 21:08:55,377 INFO Progress | batches=2682 | indexed=5,364,000/25,558,768 (21.0%) | failed=0 | rate=336/s | ETA=16:43:07
2026-03-19 21:08:55,448 WARNING Network error DELETE http://52.241.5.104:9200/_search/scroll (<urlopen error timed out>) — retry 4/6 in 60s
2026-03-19 21:08:55,544 WARNING Network error DELETE http://52.241.5.104:9200/_search/scroll (<urlopen error timed out>) — retry 4/6 in 60s
2026-03-19 21:08:55,619 WARNING Network error DELETE http://52.241.5.104:9200/_search/scroll (<urlopen error timed out>) — retry 4/6 in 60s
2026-03-19 21:09:10,383 INFO Progress | batches=2682 | indexed=5,364,000/25,558,768 (21.0%) | failed=0 | rate=335/s | ETA=16:44:03
2026-03-19 21:09:25,389 INFO Progress | batches=2682 | indexed=5,364,000/25,558,768 (21.0%) | failed=0 | rate=335/s | ETA=16:45:00
2026-03-19 21:09:40,395 INFO Progress | batches=2682 | indexed=5,364,000/25,558,768 (21.0%) | failed=0 | rate=335/s | ETA=16:45:56
2026-03-19 21:09:55,401 INFO Progress | batches=2682 | indexed=5,364,000/25,558,768 (21.0%) | failed=0 | rate=334/s | ETA=16:46:52
2026-03-19 21:10:10,407 INFO Progress | batches=2682 | indexed=5,364,000/25,558,768 (21.0%) | failed=0 | rate=334/s | ETA=16:47:49
2026-03-19 21:10:25,413 INFO Progress | batches=2682 | indexed=5,364,000/25,558,768 (21.0%) | failed=0 | rate=334/s | ETA=16:48:45
2026-03-19 21:10:40,416 INFO Progress | batches=2682 | indexed=5,364,000/25,558,768 (21.0%) | failed=0 | rate=333/s | ETA=16:49:42
2026-03-19 21:10:53,151 WARNING Network error DELETE http://52.241.5.104:9200/_search/scroll (<urlopen error timed out>) — retry 5/6 in 120s
2026-03-19 21:10:55,418 INFO Progress | batches=2682 | indexed=5,364,000/25,558,768 (21.0%) | failed=0 | rate=333/s | ETA=16:50:38
2026-03-19 21:10:55,457 WARNING Network error DELETE http://52.241.5.104:9200/_search/scroll (<urlopen error timed out>) — retry 5/6 in 120s
2026-03-19 21:10:55,554 WARNING Network error DELETE http://52.241.5.104:9200/_search/scroll (<urlopen error timed out>) — retry 5/6 in 120s
2026-03-19 21:10:55,627 WARNING Network error DELETE http://52.241.5.104:9200/_search/scroll (<urlopen error timed out>) — retry 5/6 in 120s
2026-03-19 21:11:10,420 INFO Progress | batches=2682 | indexed=5,364,000/25,558,768 (21.0%) | failed=0 | rate=333/s | ETA=16:51:35
2026-03-19 21:11:25,427 INFO Progress | batches=2682 | indexed=5,364,000/25,558,768 (21.0%) | failed=0 | rate=332/s | ETA=16:52:31
2026-03-19 21:11:40,433 INFO Progress | batches=2682 | indexed=5,364,000/25,558,768 (21.0%) | failed=0 | rate=332/s | ETA=16:53:28
2026-03-19 21:11:55,437 INFO Progress | batches=2682 | indexed=5,364,000/25,558,768 (21.0%) | failed=0 | rate=332/s | ETA=16:54:24
2026-03-19 21:12:10,444 INFO Progress | batches=2682 | indexed=5,364,000/25,558,768 (21.0%) | failed=0 | rate=331/s | ETA=16:55:21
2026-03-19 21:12:25,445 INFO Progress | batches=2682 | indexed=5,364,000/25,558,768 (21.0%) | failed=0 | rate=331/s | ETA=16:56:17
2026-03-19 21:12:40,452 INFO Progress | batches=2682 | indexed=5,364,000/25,558,768 (21.0%) | failed=0 | rate=331/s | ETA=16:57:14
2026-03-19 21:12:55,458 INFO Progress | batches=2682 | indexed=5,364,000/25,558,768 (21.0%) | failed=0 | rate=331/s | ETA=16:58:10
2026-03-19 21:13:10,461 INFO Progress | batches=2682 | indexed=5,364,000/25,558,768 (21.0%) | failed=0 | rate=330/s | ETA=16:59:07
2026-03-19 21:13:25,468 INFO Progress | batches=2682 | indexed=5,364,000/25,558,768 (21.0%) | failed=0 | rate=330/s | ETA=17:00:03
2026-03-19 21:13:40,475 INFO Progress | batches=2682 | indexed=5,364,000/25,558,768 (21.0%) | failed=0 | rate=330/s | ETA=17:01:00
2026-03-19 21:13:53,160 WARNING Network error DELETE http://52.241.5.104:9200/_search/scroll (<urlopen error timed out>) — retry 6/6 in 120s
2026-03-19 21:13:55,466 WARNING Network error DELETE http://52.241.5.104:9200/_search/scroll (<urlopen error timed out>) — retry 6/6 in 120s
2026-03-19 21:13:55,480 INFO Progress | batches=2682 | indexed=5,364,000/25,558,768 (21.0%) | failed=0 | rate=329/s | ETA=17:01:56
2026-03-19 21:13:55,563 WARNING Network error DELETE http://52.241.5.104:9200/_search/scroll (<urlopen error timed out>) — retry 6/6 in 120s
2026-03-19 21:13:55,635 WARNING Network error DELETE http://52.241.5.104:9200/_search/scroll (<urlopen error timed out>) — retry 6/6 in 120s
2026-03-19 21:14:10,482 INFO Progress | batches=2682 | indexed=5,364,000/25,558,768 (21.0%) | failed=0 | rate=329/s | ETA=17:02:53
2026-03-19 21:14:25,493 INFO Progress | batches=2682 | indexed=5,364,000/25,558,768 (21.0%) | failed=0 | rate=329/s | ETA=17:03:49
2026-03-19 21:14:40,507 INFO Progress | batches=2682 | indexed=5,364,000/25,558,768 (21.0%) | failed=0 | rate=328/s | ETA=17:04:46
2026-03-19 21:14:55,510 INFO Progress | batches=2682 | indexed=5,364,000/25,558,768 (21.0%) | failed=0 | rate=328/s | ETA=17:05:42
2026-03-19 21:15:10,522 INFO Progress | batches=2682 | indexed=5,364,000/25,558,768 (21.0%) | failed=0 | rate=328/s | ETA=17:06:39
2026-03-19 21:15:25,529 INFO Progress | batches=2682 | indexed=5,364,000/25,558,768 (21.0%) | failed=0 | rate=328/s | ETA=17:07:35
2026-03-19 21:15:40,539 INFO Progress | batches=2682 | indexed=5,364,000/25,558,768 (21.0%) | failed=0 | rate=327/s | ETA=17:08:32
2026-03-19 21:15:55,553 INFO Progress | batches=2682 | indexed=5,364,000/25,558,768 (21.0%) | failed=0 | rate=327/s | ETA=17:09:28
2026-03-19 21:16:10,559 INFO Progress | batches=2682 | indexed=5,364,000/25,558,768 (21.0%) | failed=0 | rate=327/s | ETA=17:10:25
2026-03-19 21:16:25,563 INFO Progress | batches=2682 | indexed=5,364,000/25,558,768 (21.0%) | failed=0 | rate=326/s | ETA=17:11:21
2026-03-19 21:16:40,571 INFO Progress | batches=2682 | indexed=5,364,000/25,558,768 (21.0%) | failed=0 | rate=326/s | ETA=17:12:18
2026-03-19 21:16:53,177 WARNING Worker 3 error (attempt 2/3), retrying in 15s from wikipedia_id=1698377: timed out
2026-03-19 21:16:55,474 WARNING Worker 2 error (attempt 2/3), retrying in 15s from wikipedia_id=1684469: timed out
2026-03-19 21:16:55,572 WARNING Worker 1 error (attempt 2/3), retrying in 15s from wikipedia_id=1692061: timed out
2026-03-19 21:16:55,577 INFO Progress | batches=2682 | indexed=5,364,000/25,558,768 (21.0%) | failed=0 | rate=326/s | ETA=17:13:14
2026-03-19 21:16:55,640 WARNING Worker 0 error (attempt 2/3), retrying in 15s from wikipedia_id=1695789: timed out
2026-03-19 21:17:10,585 INFO Progress | batches=2682 | indexed=5,364,000/25,558,768 (21.0%) | failed=0 | rate=325/s | ETA=17:14:11
2026-03-19 21:17:25,591 INFO Progress | batches=2682 | indexed=5,364,000/25,558,768 (21.0%) | failed=0 | rate=325/s | ETA=17:15:07
2026-03-19 21:17:40,598 INFO Progress | batches=2682 | indexed=5,364,000/25,558,768 (21.0%) | failed=0 | rate=325/s | ETA=17:16:04
2026-03-19 21:17:55,602 INFO Progress | batches=2682 | indexed=5,364,000/25,558,768 (21.0%) | failed=0 | rate=325/s | ETA=17:17:00
2026-03-19 21:18:10,611 INFO Progress | batches=2682 | indexed=5,364,000/25,558,768 (21.0%) | failed=0 | rate=324/s | ETA=17:17:57
2026-03-19 21:18:23,187 WARNING Network error POST http://52.241.5.104:9200/wiki_full_l/_search?scroll=10m&size=2000 (<urlopen error [Errno 60] Operation timed out>) — retry 1/6 in 5s
2026-03-19 21:18:25,489 WARNING Network error POST http://52.241.5.104:9200/wiki_full_l/_search?scroll=10m&size=2000 (<urlopen error [Errno 60] Operation timed out>) — retry 1/6 in 5s
2026-03-19 21:18:25,584 WARNING Network error POST http://52.241.5.104:9200/wiki_full_l/_search?scroll=10m&size=2000 (<urlopen error [Errno 60] Operation timed out>) — retry 1/6 in 5s
2026-03-19 21:18:25,617 INFO Progress | batches=2682 | indexed=5,364,000/25,558,768 (21.0%) | failed=0 | rate=324/s | ETA=17:18:53
2026-03-19 21:18:25,653 WARNING Network error POST http://52.241.5.104:9200/wiki_full_l/_search?scroll=10m&size=2000 (<urlopen error [Errno 60] Operation timed out>) — retry 1/6 in 5s
2026-03-19 21:18:40,627 INFO Progress | batches=2682 | indexed=5,364,000/25,558,768 (21.0%) | failed=0 | rate=324/s | ETA=17:19:50
2026-03-19 21:18:55,628 INFO Progress | batches=2682 | indexed=5,364,000/25,558,768 (21.0%) | failed=0 | rate=323/s | ETA=17:20:46
2026-03-19 21:19:10,631 INFO Progress | batches=2682 | indexed=5,364,000/25,558,768 (21.0%) | failed=0 | rate=323/s | ETA=17:21:43
2026-03-19 21:19:25,633 INFO Progress | batches=2682 | indexed=5,364,000/25,558,768 (21.0%) | failed=0 | rate=323/s | ETA=17:22:39
2026-03-19 21:19:40,644 INFO Progress | batches=2682 | indexed=5,364,000/25,558,768 (21.0%) | failed=0 | rate=323/s | ETA=17:23:36
2026-03-19 21:19:43,194 WARNING Network error POST http://52.241.5.104:9200/wiki_full_l/_search?scroll=10m&size=2000 (<urlopen error [Errno 60] Operation timed out>) — retry 2/6 in 15s
2026-03-19 21:19:45,503 WARNING Network error POST http://52.241.5.104:9200/wiki_full_l/_search?scroll=10m&size=2000 (<urlopen error [Errno 60] Operation timed out>) — retry 2/6 in 15s
2026-03-19 21:19:45,591 WARNING Network error POST http://52.241.5.104:9200/wiki_full_l/_search?scroll=10m&size=2000 (<urlopen error [Errno 60] Operation timed out>) — retry 2/6 in 15s
2026-03-19 21:19:45,658 WARNING Network error POST http://52.241.5.104:9200/wiki_full_l/_search?scroll=10m&size=2000 (<urlopen error [Errno 60] Operation timed out>) — retry 2/6 in 15s
2026-03-19 21:19:55,653 INFO Progress | batches=2682 | indexed=5,364,000/25,558,768 (21.0%) | failed=0 | rate=322/s | ETA=17:24:32
2026-03-19 21:20:10,664 INFO Progress | batches=2682 | indexed=5,364,000/25,558,768 (21.0%) | failed=0 | rate=322/s | ETA=17:25:29
2026-03-19 21:20:25,672 INFO Progress | batches=2682 | indexed=5,364,000/25,558,768 (21.0%) | failed=0 | rate=322/s | ETA=17:26:25
2026-03-19 21:20:40,678 INFO Progress | batches=2682 | indexed=5,364,000/25,558,768 (21.0%) | failed=0 | rate=321/s | ETA=17:27:22
2026-03-19 21:20:55,687 INFO Progress | batches=2682 | indexed=5,364,000/25,558,768 (21.0%) | failed=0 | rate=321/s | ETA=17:28:18
2026-03-19 21:21:10,691 INFO Progress | batches=2682 | indexed=5,364,000/25,558,768 (21.0%) | failed=0 | rate=321/s | ETA=17:29:15
2026-03-19 21:21:13,204 WARNING Network error POST http://52.241.5.104:9200/wiki_full_l/_search?scroll=10m&size=2000 (<urlopen error [Errno 60] Operation timed out>) — retry 3/6 in 30s
2026-03-19 21:21:15,511 WARNING Network error POST http://52.241.5.104:9200/wiki_full_l/_search?scroll=10m&size=2000 (<urlopen error [Errno 60] Operation timed out>) — retry 3/6 in 30s
2026-03-19 21:21:15,597 WARNING Network error POST http://52.241.5.104:9200/wiki_full_l/_search?scroll=10m&size=2000 (<urlopen error [Errno 60] Operation timed out>) — retry 3/6 in 30s
2026-03-19 21:21:15,667 WARNING Network error POST http://52.241.5.104:9200/wiki_full_l/_search?scroll=10m&size=2000 (<urlopen error [Errno 60] Operation timed out>) — retry 3/6 in 30s
2026-03-19 21:21:25,703 INFO Progress | batches=2682 | indexed=5,364,000/25,558,768 (21.0%) | failed=0 | rate=320/s | ETA=17:30:11
2026-03-19 21:21:40,711 INFO Progress | batches=2682 | indexed=5,364,000/25,558,768 (21.0%) | failed=0 | rate=320/s | ETA=17:31:08
2026-03-19 21:21:55,720 INFO Progress | batches=2682 | indexed=5,364,000/25,558,768 (21.0%) | failed=0 | rate=320/s | ETA=17:32:04
2026-03-19 21:22:10,731 INFO Progress | batches=2682 | indexed=5,364,000/25,558,768 (21.0%) | failed=0 | rate=320/s | ETA=17:33:01
2026-03-19 21:22:25,738 INFO Progress | batches=2682 | indexed=5,364,000/25,558,768 (21.0%) | failed=0 | rate=319/s | ETA=17:33:57
2026-03-19 21:22:40,739 INFO Progress | batches=2682 | indexed=5,364,000/25,558,768 (21.0%) | failed=0 | rate=319/s | ETA=17:34:54
2026-03-19 21:22:55,743 INFO Progress | batches=2682 | indexed=5,364,000/25,558,768 (21.0%) | failed=0 | rate=319/s | ETA=17:35:50
2026-03-19 21:22:58,220 WARNING Network error POST http://52.241.5.104:9200/wiki_full_l/_search?scroll=10m&size=2000 (<urlopen error [Errno 60] Operation timed out>) — retry 4/6 in 60s
2026-03-19 21:23:00,517 WARNING Network error POST http://52.241.5.104:9200/wiki_full_l/_search?scroll=10m&size=2000 (<urlopen error [Errno 60] Operation timed out>) — retry 4/6 in 60s
2026-03-19 21:23:00,608 WARNING Network error POST http://52.241.5.104:9200/wiki_full_l/_search?scroll=10m&size=2000 (<urlopen error [Errno 60] Operation timed out>) — retry 4/6 in 60s
2026-03-19 21:23:00,675 WARNING Network error POST http://52.241.5.104:9200/wiki_full_l/_search?scroll=10m&size=2000 (<urlopen error [Errno 60] Operation timed out>) — retry 4/6 in 60s
2026-03-19 21:23:10,755 INFO Progress | batches=2682 | indexed=5,364,000/25,558,768 (21.0%) | failed=0 | rate=318/s | ETA=17:36:47
2026-03-19 21:23:25,766 INFO Progress | batches=2682 | indexed=5,364,000/25,558,768 (21.0%) | failed=0 | rate=318/s | ETA=17:37:43
2026-03-19 21:23:40,770 INFO Progress | batches=2682 | indexed=5,364,000/25,558,768 (21.0%) | failed=0 | rate=318/s | ETA=17:38:40
2026-03-19 21:23:55,782 INFO Progress | batches=2682 | indexed=5,364,000/25,558,768 (21.0%) | failed=0 | rate=318/s | ETA=17:39:36
2026-03-19 21:24:10,792 INFO Progress | batches=2682 | indexed=5,364,000/25,558,768 (21.0%) | failed=0 | rate=317/s | ETA=17:40:33
2026-03-19 21:24:25,802 INFO Progress | batches=2682 | indexed=5,364,000/25,558,768 (21.0%) | failed=0 | rate=317/s | ETA=17:41:29
2026-03-19 21:24:40,811 INFO Progress | batches=2682 | indexed=5,364,000/25,558,768 (21.0%) | failed=0 | rate=317/s | ETA=17:42:26
2026-03-19 21:24:55,820 INFO Progress | batches=2682 | indexed=5,364,000/25,558,768 (21.0%) | failed=0 | rate=317/s | ETA=17:43:22
2026-03-19 21:25:10,829 INFO Progress | batches=2682 | indexed=5,364,000/25,558,768 (21.0%) | failed=0 | rate=316/s | ETA=17:44:19
2026-03-19 21:25:13,228 WARNING Network error POST http://52.241.5.104:9200/wiki_full_l/_search?scroll=10m&size=2000 (<urlopen error [Errno 60] Operation timed out>) — retry 5/6 in 120s
2026-03-19 21:25:15,526 WARNING Network error POST http://52.241.5.104:9200/wiki_full_l/_search?scroll=10m&size=2000 (<urlopen error [Errno 60] Operation timed out>) — retry 5/6 in 120s
2026-03-19 21:25:15,616 WARNING Network error POST http://52.241.5.104:9200/wiki_full_l/_search?scroll=10m&size=2000 (<urlopen error [Errno 60] Operation timed out>) — retry 5/6 in 120s
2026-03-19 21:25:15,689 WARNING Network error POST http://52.241.5.104:9200/wiki_full_l/_search?scroll=10m&size=2000 (<urlopen error [Errno 60] Operation timed out>) — retry 5/6 in 120s
2026-03-19 21:25:25,831 INFO Progress | batches=2682 | indexed=5,364,000/25,558,768 (21.0%) | failed=0 | rate=316/s | ETA=17:45:15
2026-03-19 21:25:40,842 INFO Progress | batches=2682 | indexed=5,364,000/25,558,768 (21.0%) | failed=0 | rate=316/s | ETA=17:46:12
2026-03-19 21:25:55,852 INFO Progress | batches=2682 | indexed=5,364,000/25,558,768 (21.0%) | failed=0 | rate=315/s | ETA=17:47:08
2026-03-19 21:26:10,856 INFO Progress | batches=2682 | indexed=5,364,000/25,558,768 (21.0%) | failed=0 | rate=315/s | ETA=17:48:05
2026-03-19 21:26:25,867 INFO Progress | batches=2682 | indexed=5,364,000/25,558,768 (21.0%) | failed=0 | rate=315/s | ETA=17:49:01
2026-03-19 21:26:40,872 INFO Progress | batches=2682 | indexed=5,364,000/25,558,768 (21.0%) | failed=0 | rate=315/s | ETA=17:49:58
2026-03-19 21:26:55,878 INFO Progress | batches=2682 | indexed=5,364,000/25,558,768 (21.0%) | failed=0 | rate=314/s | ETA=17:50:54
2026-03-19 21:27:10,889 INFO Progress | batches=2682 | indexed=5,364,000/25,558,768 (21.0%) | failed=0 | rate=314/s | ETA=17:51:51
2026-03-19 21:27:25,901 INFO Progress | batches=2682 | indexed=5,364,000/25,558,768 (21.0%) | failed=0 | rate=314/s | ETA=17:52:47
2026-03-19 21:27:40,911 INFO Progress | batches=2682 | indexed=5,364,000/25,558,768 (21.0%) | failed=0 | rate=313/s | ETA=17:53:44
2026-03-19 21:27:55,918 INFO Progress | batches=2682 | indexed=5,364,000/25,558,768 (21.0%) | failed=0 | rate=313/s | ETA=17:54:40
2026-03-19 21:28:10,930 INFO Progress | batches=2682 | indexed=5,364,000/25,558,768 (21.0%) | failed=0 | rate=313/s | ETA=17:55:37
2026-03-19 21:28:25,935 INFO Progress | batches=2682 | indexed=5,364,000/25,558,768 (21.0%) | failed=0 | rate=313/s | ETA=17:56:34
2026-03-19 21:28:28,236 WARNING Network error POST http://52.241.5.104:9200/wiki_full_l/_search?scroll=10m&size=2000 (<urlopen error [Errno 60] Operation timed out>) — retry 6/6 in 120s
2026-03-19 21:28:30,531 WARNING Network error POST http://52.241.5.104:9200/wiki_full_l/_search?scroll=10m&size=2000 (<urlopen error [Errno 60] Operation timed out>) — retry 6/6 in 120s
2026-03-19 21:28:30,621 WARNING Network error POST http://52.241.5.104:9200/wiki_full_l/_search?scroll=10m&size=2000 (<urlopen error [Errno 60] Operation timed out>) — retry 6/6 in 120s
2026-03-19 21:28:30,700 WARNING Network error POST http://52.241.5.104:9200/wiki_full_l/_search?scroll=10m&size=2000 (<urlopen error [Errno 60] Operation timed out>) — retry 6/6 in 120s
2026-03-19 21:28:40,939 INFO Progress | batches=2682 | indexed=5,364,000/25,558,768 (21.0%) | failed=0 | rate=312/s | ETA=17:57:30
2026-03-19 21:28:55,951 INFO Progress | batches=2682 | indexed=5,364,000/25,558,768 (21.0%) | failed=0 | rate=312/s | ETA=17:58:27
2026-03-19 21:29:10,962 INFO Progress | batches=2682 | indexed=5,364,000/25,558,768 (21.0%) | failed=0 | rate=312/s | ETA=17:59:23
2026-03-19 21:29:25,974 INFO Progress | batches=2682 | indexed=5,364,000/25,558,768 (21.0%) | failed=0 | rate=312/s | ETA=18:00:20
2026-03-19 21:29:40,985 INFO Progress | batches=2682 | indexed=5,364,000/25,558,768 (21.0%) | failed=0 | rate=311/s | ETA=18:01:16
2026-03-19 21:29:55,994 INFO Progress | batches=2682 | indexed=5,364,000/25,558,768 (21.0%) | failed=0 | rate=311/s | ETA=18:02:13
2026-03-19 21:30:11,006 INFO Progress | batches=2682 | indexed=5,364,000/25,558,768 (21.0%) | failed=0 | rate=311/s | ETA=18:03:09
2026-03-19 21:30:26,008 INFO Progress | batches=2682 | indexed=5,364,000/25,558,768 (21.0%) | failed=0 | rate=310/s | ETA=18:04:06
2026-03-19 21:30:41,009 INFO Progress | batches=2682 | indexed=5,364,000/25,558,768 (21.0%) | failed=0 | rate=310/s | ETA=18:05:02
2026-03-19 21:30:56,020 INFO Progress | batches=2682 | indexed=5,364,000/25,558,768 (21.0%) | failed=0 | rate=310/s | ETA=18:05:59
2026-03-19 21:31:11,027 INFO Progress | batches=2682 | indexed=5,364,000/25,558,768 (21.0%) | failed=0 | rate=310/s | ETA=18:06:55
2026-03-19 21:31:26,030 INFO Progress | batches=2682 | indexed=5,364,000/25,558,768 (21.0%) | failed=0 | rate=309/s | ETA=18:07:52
2026-03-19 21:31:41,036 INFO Progress | batches=2682 | indexed=5,364,000/25,558,768 (21.0%) | failed=0 | rate=309/s | ETA=18:08:48
2026-03-19 21:31:43,251 WARNING Worker 3 error (attempt 3/3), retrying in 30s from wikipedia_id=1698377: Network error after 6 retries — POST http://52.241.5.104:9200/wiki_full_l/_search?scroll=10m&size=2000: <urlopen error [Errno 60] Operation timed out>
2026-03-19 21:31:45,544 WARNING Worker 2 error (attempt 3/3), retrying in 30s from wikipedia_id=1684469: Network error after 6 retries — POST http://52.241.5.104:9200/wiki_full_l/_search?scroll=10m&size=2000: <urlopen error [Errno 60] Operation timed out>
2026-03-19 21:31:45,631 WARNING Worker 1 error (attempt 3/3), retrying in 30s from wikipedia_id=1692061: Network error after 6 retries — POST http://52.241.5.104:9200/wiki_full_l/_search?scroll=10m&size=2000: <urlopen error [Errno 60] Operation timed out>
2026-03-19 21:31:45,716 WARNING Worker 0 error (attempt 3/3), retrying in 30s from wikipedia_id=1695789: Network error after 6 retries — POST http://52.241.5.104:9200/wiki_full_l/_search?scroll=10m&size=2000: <urlopen error [Errno 60] Operation timed out>
2026-03-19 21:31:56,045 INFO Progress | batches=2682 | indexed=5,364,000/25,558,768 (21.0%) | failed=0 | rate=309/s | ETA=18:09:45
2026-03-19 21:32:11,057 INFO Progress | batches=2682 | indexed=5,364,000/25,558,768 (21.0%) | failed=0 | rate=309/s | ETA=18:10:41
2026-03-19 21:32:26,068 INFO Progress | batches=2682 | indexed=5,364,000/25,558,768 (21.0%) | failed=0 | rate=308/s | ETA=18:11:38
2026-03-19 21:32:41,079 INFO Progress | batches=2682 | indexed=5,364,000/25,558,768 (21.0%) | failed=0 | rate=308/s | ETA=18:12:34
2026-03-19 21:32:56,081 INFO Progress | batches=2682 | indexed=5,364,000/25,558,768 (21.0%) | failed=0 | rate=308/s | ETA=18:13:31
2026-03-19 21:33:11,087 INFO Progress | batches=2682 | indexed=5,364,000/25,558,768 (21.0%) | failed=0 | rate=308/s | ETA=18:14:27
2026-03-19 21:33:26,089 INFO Progress | batches=2682 | indexed=5,364,000/25,558,768 (21.0%) | failed=0 | rate=307/s | ETA=18:15:24
2026-03-19 21:33:28,264 WARNING Network error POST http://52.241.5.104:9200/wiki_full_l/_search?scroll=10m&size=2000 (<urlopen error [Errno 60] Operation timed out>) — retry 1/6 in 5s
2026-03-19 21:33:30,559 WARNING Network error POST http://52.241.5.104:9200/wiki_full_l/_search?scroll=10m&size=2000 (<urlopen error [Errno 60] Operation timed out>) — retry 1/6 in 5s
2026-03-19 21:33:30,637 WARNING Network error POST http://52.241.5.104:9200/wiki_full_l/_search?scroll=10m&size=2000 (<urlopen error [Errno 60] Operation timed out>) — retry 1/6 in 5s
2026-03-19 21:33:30,722 WARNING Network error POST http://52.241.5.104:9200/wiki_full_l/_search?scroll=10m&size=2000 (<urlopen error [Errno 60] Operation timed out>) — retry 1/6 in 5s
2026-03-19 21:33:41,097 INFO Progress | batches=2682 | indexed=5,364,000/25,558,768 (21.0%) | failed=0 | rate=307/s | ETA=18:16:20
2026-03-19 21:33:56,101 INFO Progress | batches=2682 | indexed=5,364,000/25,558,768 (21.0%) | failed=0 | rate=307/s | ETA=18:17:17
2026-03-19 21:34:11,111 INFO Progress | batches=2682 | indexed=5,364,000/25,558,768 (21.0%) | failed=0 | rate=306/s | ETA=18:18:13
2026-03-19 21:34:26,114 INFO Progress | batches=2682 | indexed=5,364,000/25,558,768 (21.0%) | failed=0 | rate=306/s | ETA=18:19:10
2026-03-19 21:34:41,122 INFO Progress | batches=2682 | indexed=5,364,000/25,558,768 (21.0%) | failed=0 | rate=306/s | ETA=18:20:06
2026-03-19 21:34:48,275 WARNING Network error POST http://52.241.5.104:9200/wiki_full_l/_search?scroll=10m&size=2000 (<urlopen error [Errno 60] Operation timed out>) — retry 2/6 in 15s
2026-03-19 21:34:50,575 WARNING Network error POST http://52.241.5.104:9200/wiki_full_l/_search?scroll=10m&size=2000 (<urlopen error [Errno 60] Operation timed out>) — retry 2/6 in 15s
2026-03-19 21:34:50,652 WARNING Network error POST http://52.241.5.104:9200/wiki_full_l/_search?scroll=10m&size=2000 (<urlopen error [Errno 60] Operation timed out>) — retry 2/6 in 15s
2026-03-19 21:34:50,735 WARNING Network error POST http://52.241.5.104:9200/wiki_full_l/_search?scroll=10m&size=2000 (<urlopen error [Errno 60] Operation timed out>) — retry 2/6 in 15s
2026-03-19 21:34:56,134 INFO Progress | batches=2682 | indexed=5,364,000/25,558,768 (21.0%) | failed=0 | rate=306/s | ETA=18:21:03
2026-03-19 21:35:11,137 INFO Progress | batches=2682 | indexed=5,364,000/25,558,768 (21.0%) | failed=0 | rate=305/s | ETA=18:21:59
2026-03-19 21:35:26,144 INFO Progress | batches=2682 | indexed=5,364,000/25,558,768 (21.0%) | failed=0 | rate=305/s | ETA=18:22:56
2026-03-19 21:35:41,164 INFO Progress | batches=2682 | indexed=5,364,000/25,558,768 (21.0%) | failed=0 | rate=305/s | ETA=18:23:52
2026-03-19 21:35:56,178 INFO Progress | batches=2682 | indexed=5,364,000/25,558,768 (21.0%) | failed=0 | rate=305/s | ETA=18:24:49
2026-03-19 21:36:11,186 INFO Progress | batches=2682 | indexed=5,364,000/25,558,768 (21.0%) | failed=0 | rate=304/s | ETA=18:25:45
2026-03-19 21:36:18,293 WARNING Network error POST http://52.241.5.104:9200/wiki_full_l/_search?scroll=10m&size=2000 (<urlopen error [Errno 60] Operation timed out>) — retry 3/6 in 30s
2026-03-19 21:36:20,587 WARNING Network error POST http://52.241.5.104:9200/wiki_full_l/_search?scroll=10m&size=2000 (<urlopen error [Errno 60] Operation timed out>) — retry 3/6 in 30s
2026-03-19 21:36:20,658 WARNING Network error POST http://52.241.5.104:9200/wiki_full_l/_search?scroll=10m&size=2000 (<urlopen error [Errno 60] Operation timed out>) — retry 3/6 in 30s
2026-03-19 21:36:20,750 WARNING Network error POST http://52.241.5.104:9200/wiki_full_l/_search?scroll=10m&size=2000 (<urlopen error [Errno 60] Operation timed out>) — retry 3/6 in 30s
2026-03-19 21:36:26,189 INFO Progress | batches=2682 | indexed=5,364,000/25,558,768 (21.0%) | failed=0 | rate=304/s | ETA=18:26:42
2026-03-19 21:36:41,195 INFO Progress | batches=2682 | indexed=5,364,000/25,558,768 (21.0%) | failed=0 | rate=304/s | ETA=18:27:38
2026-03-19 21:36:56,200 INFO Progress | batches=2682 | indexed=5,364,000/25,558,768 (21.0%) | failed=0 | rate=304/s | ETA=18:28:35
2026-03-19 21:37:11,202 INFO Progress | batches=2682 | indexed=5,364,000/25,558,768 (21.0%) | failed=0 | rate=303/s | ETA=18:29:31
2026-03-19 21:37:26,207 INFO Progress | batches=2682 | indexed=5,364,000/25,558,768 (21.0%) | failed=0 | rate=303/s | ETA=18:30:28
2026-03-19 21:37:41,210 INFO Progress | batches=2682 | indexed=5,364,000/25,558,768 (21.0%) | failed=0 | rate=303/s | ETA=18:31:24
2026-03-19 21:37:56,219 INFO Progress | batches=2682 | indexed=5,364,000/25,558,768 (21.0%) | failed=0 | rate=303/s | ETA=18:32:21
2026-03-19 21:38:03,309 WARNING Network error POST http://52.241.5.104:9200/wiki_full_l/_search?scroll=10m&size=2000 (<urlopen error [Errno 60] Operation timed out>) — retry 4/6 in 60s
2026-03-19 21:38:05,594 WARNING Network error POST http://52.241.5.104:9200/wiki_full_l/_search?scroll=10m&size=2000 (<urlopen error [Errno 60] Operation timed out>) — retry 4/6 in 60s
2026-03-19 21:38:05,665 WARNING Network error POST http://52.241.5.104:9200/wiki_full_l/_search?scroll=10m&size=2000 (<urlopen error [Errno 60] Operation timed out>) — retry 4/6 in 60s
2026-03-19 21:38:05,756 WARNING Network error POST http://52.241.5.104:9200/wiki_full_l/_search?scroll=10m&size=2000 (<urlopen error [Errno 60] Operation timed out>) — retry 4/6 in 60s
2026-03-19 21:38:11,223 INFO Progress | batches=2682 | indexed=5,364,000/25,558,768 (21.0%) | failed=0 | rate=302/s | ETA=18:33:17
2026-03-19 21:38:26,231 INFO Progress | batches=2682 | indexed=5,364,000/25,558,768 (21.0%) | failed=0 | rate=302/s | ETA=18:34:14
2026-03-19 21:38:41,242 INFO Progress | batches=2682 | indexed=5,364,000/25,558,768 (21.0%) | failed=0 | rate=302/s | ETA=18:35:10
2026-03-19 21:38:56,251 INFO Progress | batches=2682 | indexed=5,364,000/25,558,768 (21.0%) | failed=0 | rate=302/s | ETA=18:36:07
2026-03-19 21:39:11,257 INFO Progress | batches=2682 | indexed=5,364,000/25,558,768 (21.0%) | failed=0 | rate=301/s | ETA=18:37:03
2026-03-19 21:39:26,260 INFO Progress | batches=2682 | indexed=5,364,000/25,558,768 (21.0%) | failed=0 | rate=301/s | ETA=18:38:00
2026-03-19 21:39:41,269 INFO Progress | batches=2682 | indexed=5,364,000/25,558,768 (21.0%) | failed=0 | rate=301/s | ETA=18:38:56
2026-03-19 21:39:56,278 INFO Progress | batches=2682 | indexed=5,364,000/25,558,768 (21.0%) | failed=0 | rate=301/s | ETA=18:39:53
2026-03-19 21:40:11,294 INFO Progress | batches=2682 | indexed=5,364,000/25,558,768 (21.0%) | failed=0 | rate=300/s | ETA=18:40:49
2026-03-19 21:40:18,323 WARNING Network error POST http://52.241.5.104:9200/wiki_full_l/_search?scroll=10m&size=2000 (<urlopen error [Errno 60] Operation timed out>) — retry 5/6 in 120s
2026-03-19 21:40:20,607 WARNING Network error POST http://52.241.5.104:9200/wiki_full_l/_search?scroll=10m&size=2000 (<urlopen error [Errno 60] Operation timed out>) — retry 5/6 in 120s
2026-03-19 21:40:20,670 WARNING Network error POST http://52.241.5.104:9200/wiki_full_l/_search?scroll=10m&size=2000 (<urlopen error [Errno 60] Operation timed out>) — retry 5/6 in 120s
2026-03-19 21:40:20,760 WARNING Network error POST http://52.241.5.104:9200/wiki_full_l/_search?scroll=10m&size=2000 (<urlopen error [Errno 60] Operation timed out>) — retry 5/6 in 120s
2026-03-19 21:40:26,306 INFO Progress | batches=2682 | indexed=5,364,000/25,558,768 (21.0%) | failed=0 | rate=300/s | ETA=18:41:46
2026-03-19 21:40:41,319 INFO Progress | batches=2682 | indexed=5,364,000/25,558,768 (21.0%) | failed=0 | rate=300/s | ETA=18:42:42
2026-03-19 21:40:56,326 INFO Progress | batches=2682 | indexed=5,364,000/25,558,768 (21.0%) | failed=0 | rate=300/s | ETA=18:43:39
2026-03-19 21:41:11,337 INFO Progress | batches=2682 | indexed=5,364,000/25,558,768 (21.0%) | failed=0 | rate=299/s | ETA=18:44:35
2026-03-19 21:41:26,343 INFO Progress | batches=2682 | indexed=5,364,000/25,558,768 (21.0%) | failed=0 | rate=299/s | ETA=18:45:32
2026-03-19 21:41:41,351 INFO Progress | batches=2682 | indexed=5,364,000/25,558,768 (21.0%) | failed=0 | rate=299/s | ETA=18:46:28
2026-03-19 21:41:56,363 INFO Progress | batches=2682 | indexed=5,364,000/25,558,768 (21.0%) | failed=0 | rate=299/s | ETA=18:47:25
2026-03-19 21:42:11,374 INFO Progress | batches=2682 | indexed=5,364,000/25,558,768 (21.0%) | failed=0 | rate=298/s | ETA=18:48:21
2026-03-19 21:42:26,385 INFO Progress | batches=2682 | indexed=5,364,000/25,558,768 (21.0%) | failed=0 | rate=298/s | ETA=18:49:18
2026-03-19 21:42:41,398 INFO Progress | batches=2682 | indexed=5,364,000/25,558,768 (21.0%) | failed=0 | rate=298/s | ETA=18:50:14
2026-03-19 21:42:56,405 INFO Progress | batches=2682 | indexed=5,364,000/25,558,768 (21.0%) | failed=0 | rate=298/s | ETA=18:51:11
2026-03-19 21:43:11,409 INFO Progress | batches=2682 | indexed=5,364,000/25,558,768 (21.0%) | failed=0 | rate=297/s | ETA=18:52:07
2026-03-19 21:43:26,417 INFO Progress | batches=2682 | indexed=5,364,000/25,558,768 (21.0%) | failed=0 | rate=297/s | ETA=18:53:04
2026-03-19 21:43:33,341 WARNING Network error POST http://52.241.5.104:9200/wiki_full_l/_search?scroll=10m&size=2000 (<urlopen error [Errno 60] Operation timed out>) — retry 6/6 in 120s
2026-03-19 21:43:35,617 WARNING Network error POST http://52.241.5.104:9200/wiki_full_l/_search?scroll=10m&size=2000 (<urlopen error [Errno 60] Operation timed out>) — retry 6/6 in 120s
2026-03-19 21:43:35,682 WARNING Network error POST http://52.241.5.104:9200/wiki_full_l/_search?scroll=10m&size=2000 (<urlopen error [Errno 60] Operation timed out>) — retry 6/6 in 120s
2026-03-19 21:43:35,776 WARNING Network error POST http://52.241.5.104:9200/wiki_full_l/_search?scroll=10m&size=2000 (<urlopen error [Errno 60] Operation timed out>) — retry 6/6 in 120s
2026-03-19 21:43:41,426 INFO Progress | batches=2682 | indexed=5,364,000/25,558,768 (21.0%) | failed=0 | rate=297/s | ETA=18:54:00
2026-03-19 21:43:56,433 INFO Progress | batches=2682 | indexed=5,364,000/25,558,768 (21.0%) | failed=0 | rate=297/s | ETA=18:54:57
2026-03-19 21:44:11,445 INFO Progress | batches=2682 | indexed=5,364,000/25,558,768 (21.0%) | failed=0 | rate=296/s | ETA=18:55:53
2026-03-19 21:44:26,456 INFO Progress | batches=2682 | indexed=5,364,000/25,558,768 (21.0%) | failed=0 | rate=296/s | ETA=18:56:50
2026-03-19 21:44:41,466 INFO Progress | batches=2682 | indexed=5,364,000/25,558,768 (21.0%) | failed=0 | rate=296/s | ETA=18:57:46
2026-03-19 21:44:56,477 INFO Progress | batches=2682 | indexed=5,364,000/25,558,768 (21.0%) | failed=0 | rate=296/s | ETA=18:58:43
2026-03-19 21:45:11,480 INFO Progress | batches=2682 | indexed=5,364,000/25,558,768 (21.0%) | failed=0 | rate=295/s | ETA=18:59:39
2026-03-19 21:45:26,484 INFO Progress | batches=2682 | indexed=5,364,000/25,558,768 (21.0%) | failed=0 | rate=295/s | ETA=19:00:36
2026-03-19 21:45:41,493 INFO Progress | batches=2682 | indexed=5,364,000/25,558,768 (21.0%) | failed=0 | rate=295/s | ETA=19:01:32
2026-03-19 21:45:56,500 INFO Progress | batches=2682 | indexed=5,364,000/25,558,768 (21.0%) | failed=0 | rate=295/s | ETA=19:02:29
2026-03-19 21:46:11,511 INFO Progress | batches=2682 | indexed=5,364,000/25,558,768 (21.0%) | failed=0 | rate=294/s | ETA=19:03:25
2026-03-19 21:46:26,524 INFO Progress | batches=2682 | indexed=5,364,000/25,558,768 (21.0%) | failed=0 | rate=294/s | ETA=19:04:22
2026-03-19 21:46:41,535 INFO Progress | batches=2682 | indexed=5,364,000/25,558,768 (21.0%) | failed=0 | rate=294/s | ETA=19:05:18
2026-03-19 21:46:48,353 ERROR Worker 3 failed after 3 retries: Network error after 6 retries — POST http://52.241.5.104:9200/wiki_full_l/_search?scroll=10m&size=2000: <urlopen error [Errno 60] Operation timed out>
2026-03-19 21:46:48,357 ERROR Worker 3 raised: Network error after 6 retries — POST http://52.241.5.104:9200/wiki_full_l/_search?scroll=10m&size=2000: <urlopen error [Errno 60] Operation timed out>
2026-03-19 21:46:50,629 INFO Worker 2 stopping due to global stop_event.
2026-03-19 21:46:51,361 INFO Worker 0 stopping due to global stop_event.
2026-03-19 21:46:51,361 INFO Worker 1 stopping due to global stop_event.
2026-03-19 21:46:51,565 INFO Transfer complete. local=5,364,000/25,558,768 | failed=0 | time=5:04:22
2026-03-19 21:46:51,565 WARNING 20194768 docs missing. Re-run to resume from checkpoint.
2026-03-20 11:01:02,826 INFO Index wiki_full_l already exists — resuming.
2026-03-20 11:02:02,830 WARNING Network error GET http://52.241.5.104:9200/wiki_full_l/_count (<urlopen error timed out>) — retry 1/6 in 5s
2026-03-20 11:03:07,840 WARNING Network error GET http://52.241.5.104:9200/wiki_full_l/_count (<urlopen error timed out>) — retry 2/6 in 15s
2026-03-20 11:04:22,849 WARNING Network error GET http://52.241.5.104:9200/wiki_full_l/_count (<urlopen error timed out>) — retry 3/6 in 30s
2026-03-20 11:05:52,863 WARNING Network error GET http://52.241.5.104:9200/wiki_full_l/_count (<urlopen error timed out>) — retry 4/6 in 60s
2026-03-20 11:07:52,875 WARNING Network error GET http://52.241.5.104:9200/wiki_full_l/_count (<urlopen error timed out>) — retry 5/6 in 120s
2026-03-20 11:09:15,681 INFO Index wiki_full_l already exists — resuming.
2026-03-20 11:09:16,944 WARNING HTTP 503 GET http://52.241.5.104:9200/wiki_full_l/_count — retry 1/6 in 5s
2026-03-20 11:09:22,356 WARNING HTTP 503 GET http://52.241.5.104:9200/wiki_full_l/_count — retry 2/6 in 15s
2026-03-20 11:09:37,789 INFO Remote has 25,558,768 docs. Starting transfer with 4 workers.
2026-03-20 11:09:37,792 INFO Checkpoint found: safe_resume_id=1679183
2026-03-20 11:09:39,075 INFO Deleted 20,985 local docs with wikipedia_id >= 1679183 (safe resume cleanup)
2026-03-20 11:09:54,079 INFO Progress | batches=0 | indexed=0/25,558,768 (0.0%) | failed=0 | rate=0/s | ETA=0:00:00
2026-03-20 11:10:09,085 INFO Progress | batches=0 | indexed=0/25,558,768 (0.0%) | failed=0 | rate=0/s | ETA=0:00:00
2026-03-20 11:10:12,951 INFO Worker 3 scroll opened (slice 3/4, attempt 1, resume_from=1679183).
2026-03-20 11:10:16,274 INFO Worker 1 scroll opened (slice 1/4, attempt 1, resume_from=1679183).
2026-03-20 11:10:17,158 INFO Worker 2 scroll opened (slice 2/4, attempt 1, resume_from=1679183).
2026-03-20 11:10:24,092 INFO Progress | batches=3 | indexed=6,000/25,558,768 (0.0%) | failed=0 | rate=133/s | ETA=2 days, 5:15:13
2026-03-20 11:10:25,306 INFO Worker 0 scroll opened (slice 0/4, attempt 1, resume_from=1679183).
2026-03-20 11:10:39,098 INFO Progress | batches=5 | indexed=10,000/25,558,768 (0.0%) | failed=0 | rate=167/s | ETA=1 day, 18:35:48
2026-03-20 11:10:54,101 INFO Progress | batches=8 | indexed=16,000/25,558,768 (0.1%) | failed=0 | rate=213/s | ETA=1 day, 9:16:12
2026-03-20 11:11:09,108 INFO Progress | batches=10 | indexed=20,000/25,558,768 (0.1%) | failed=0 | rate=222/s | ETA=1 day, 7:56:05
2026-03-20 11:11:24,111 INFO Progress | batches=12 | indexed=24,000/25,558,768 (0.1%) | failed=0 | rate=228/s | ETA=1 day, 7:02:31
2026-03-20 11:11:39,118 INFO Progress | batches=13 | indexed=26,000/25,558,768 (0.1%) | failed=0 | rate=217/s | ETA=1 day, 8:44:45
2026-03-20 11:11:54,122 INFO Progress | batches=15 | indexed=30,000/25,558,768 (0.1%) | failed=0 | rate=222/s | ETA=1 day, 7:55:19
2026-03-20 11:12:09,135 INFO Progress | batches=18 | indexed=36,000/25,558,768 (0.1%) | failed=0 | rate=240/s | ETA=1 day, 5:33:06
2026-03-20 11:12:24,147 INFO Progress | batches=22 | indexed=44,000/25,558,768 (0.2%) | failed=0 | rate=267/s | ETA=1 day, 2:35:21
2026-03-20 11:12:39,153 INFO Progress | batches=23 | indexed=46,000/25,558,768 (0.2%) | failed=0 | rate=255/s | ETA=1 day, 3:44:35
2026-03-20 11:12:54,159 INFO Progress | batches=27 | indexed=54,000/25,558,768 (0.2%) | failed=0 | rate=277/s | ETA=1 day, 1:35:39
2026-03-20 11:13:09,163 INFO Progress | batches=29 | indexed=58,000/25,558,768 (0.2%) | failed=0 | rate=276/s | ETA=1 day, 1:39:28
2026-03-20 11:13:24,167 INFO Progress | batches=33 | indexed=66,000/25,558,768 (0.3%) | failed=0 | rate=293/s | ETA=1 day, 0:09:02
2026-03-20 11:13:39,179 INFO Progress | batches=35 | indexed=70,000/25,558,768 (0.3%) | failed=0 | rate=292/s | ETA=1 day, 0:17:07
2026-03-20 11:13:54,196 INFO Progress | batches=39 | indexed=78,000/25,558,768 (0.3%) | failed=0 | rate=306/s | ETA=23:09:01
2026-03-20 11:14:09,203 INFO Progress | batches=43 | indexed=86,000/25,558,768 (0.3%) | failed=0 | rate=318/s | ETA=22:13:30
2026-03-20 11:14:24,209 INFO Progress | batches=46 | indexed=92,000/25,558,768 (0.4%) | failed=0 | rate=323/s | ETA=21:55:28
2026-03-20 11:14:39,215 INFO Progress | batches=50 | indexed=100,000/25,558,768 (0.4%) | failed=0 | rate=333/s | ETA=21:13:31
2026-03-20 11:14:54,217 INFO Progress | batches=52 | indexed=104,000/25,558,768 (0.4%) | failed=0 | rate=330/s | ETA=21:25:33
2026-03-20 11:15:09,226 INFO Progress | batches=53 | indexed=106,000/25,558,768 (0.4%) | failed=0 | rate=321/s | ETA=22:01:15
2026-03-20 11:15:24,238 INFO Progress | batches=58 | indexed=116,000/25,558,768 (0.5%) | failed=0 | rate=336/s | ETA=21:01:45
2026-03-20 11:15:39,243 INFO Progress | batches=60 | indexed=120,000/25,558,768 (0.5%) | failed=0 | rate=333/s | ETA=21:12:31
2026-03-20 11:15:54,252 INFO Progress | batches=65 | indexed=130,000/25,558,768 (0.5%) | failed=0 | rate=347/s | ETA=20:23:06
2026-03-20 11:16:09,256 INFO Progress | batches=66 | indexed=132,000/25,558,768 (0.5%) | failed=0 | rate=338/s | ETA=20:52:39
2026-03-20 11:16:24,259 INFO Progress | batches=70 | indexed=140,000/25,558,768 (0.5%) | failed=0 | rate=346/s | ETA=20:26:06
2026-03-20 11:16:39,260 INFO Progress | batches=73 | indexed=146,000/25,558,768 (0.6%) | failed=0 | rate=347/s | ETA=20:18:57
2026-03-20 11:16:54,284 INFO Progress | batches=76 | indexed=152,000/25,558,768 (0.6%) | failed=0 | rate=349/s | ETA=20:12:24
2026-03-20 11:17:09,302 INFO Progress | batches=79 | indexed=158,000/25,558,768 (0.6%) | failed=0 | rate=351/s | ETA=20:06:20
2026-03-20 11:17:24,304 INFO Progress | batches=81 | indexed=162,000/25,558,768 (0.6%) | failed=0 | rate=348/s | ETA=20:15:33
2026-03-20 11:17:39,305 INFO Progress | batches=85 | indexed=170,000/25,558,768 (0.7%) | failed=0 | rate=354/s | ETA=19:55:20
2026-03-20 11:17:54,309 INFO Progress | batches=88 | indexed=176,000/25,558,768 (0.7%) | failed=0 | rate=355/s | ETA=19:50:22
2026-03-20 11:18:09,309 INFO Progress | batches=92 | indexed=184,000/25,558,768 (0.7%) | failed=0 | rate=361/s | ETA=19:32:44
2026-03-20 11:18:24,313 INFO Progress | batches=94 | indexed=188,000/25,558,768 (0.7%) | failed=0 | rate=358/s | ETA=19:41:21
2026-03-20 11:18:39,325 INFO Progress | batches=97 | indexed=194,000/25,558,768 (0.8%) | failed=0 | rate=359/s | ETA=19:37:15
2026-03-20 11:18:54,341 INFO Progress | batches=102 | indexed=204,000/25,558,768 (0.8%) | failed=0 | rate=367/s | ETA=19:10:12
2026-03-20 11:19:09,347 INFO Progress | batches=103 | indexed=206,000/25,558,768 (0.8%) | failed=0 | rate=361/s | ETA=19:29:44
2026-03-20 11:19:24,358 INFO Progress | batches=105 | indexed=210,000/25,558,768 (0.8%) | failed=0 | rate=359/s | ETA=19:37:28
2026-03-20 11:47:21,421 INFO Index wiki_full_l already exists — resuming.
2026-03-20 11:47:21,874 INFO Remote has 25,558,768 docs. Starting transfer with 4 workers.
2026-03-20 11:47:21,876 INFO Checkpoint found: safe_resume_id=1805298
2026-03-20 11:47:22,660 INFO Deleted 30,757 local docs with wikipedia_id >= 1805298 (safe resume cleanup)
2026-03-20 11:47:37,661 INFO Progress | batches=0 | indexed=0/25,558,768 (0.0%) | failed=0 | rate=0/s | ETA=0:00:00
2026-03-20 11:47:40,421 INFO Worker 0 scroll opened (slice 0/4, attempt 1, resume_from=1805298).
2026-03-20 11:47:52,664 INFO Progress | batches=2 | indexed=4,000/25,558,768 (0.0%) | failed=0 | rate=133/s | ETA=2 days, 5:14:47
2026-03-20 11:48:03,747 INFO Worker 1 scroll opened (slice 1/4, attempt 1, resume_from=1805298).
2026-03-20 11:48:07,670 INFO Progress | batches=4 | indexed=8,000/25,558,768 (0.0%) | failed=0 | rate=178/s | ETA=1 day, 15:55:54
2026-03-20 11:48:16,934 INFO Worker 3 scroll opened (slice 3/4, attempt 1, resume_from=1805298).
2026-03-20 11:48:22,672 INFO Progress | batches=6 | indexed=12,000/25,558,768 (0.0%) | failed=0 | rate=200/s | ETA=1 day, 11:29:18
2026-03-20 11:48:23,493 INFO Worker 2 scroll opened (slice 2/4, attempt 1, resume_from=1805298).
2026-03-20 11:48:37,673 INFO Progress | batches=10 | indexed=20,000/25,558,768 (0.1%) | failed=0 | rate=267/s | ETA=1 day, 2:36:26
2026-03-20 11:48:52,680 INFO Progress | batches=12 | indexed=24,000/25,558,768 (0.1%) | failed=0 | rate=267/s | ETA=1 day, 2:36:16
2026-03-20 11:49:07,683 INFO Progress | batches=14 | indexed=28,000/25,558,768 (0.1%) | failed=0 | rate=267/s | ETA=1 day, 2:36:00
2026-03-20 11:49:22,686 INFO Progress | batches=18 | indexed=36,000/25,558,768 (0.1%) | failed=0 | rate=300/s | ETA=23:38:14
2026-03-20 11:49:37,694 INFO Progress | batches=20 | indexed=40,000/25,558,768 (0.2%) | failed=0 | rate=296/s | ETA=23:55:46
2026-03-20 11:49:52,700 INFO Progress | batches=25 | indexed=50,000/25,558,768 (0.2%) | failed=0 | rate=333/s | ETA=21:15:46
2026-03-20 11:50:07,707 INFO Progress | batches=26 | indexed=52,000/25,558,768 (0.2%) | failed=0 | rate=315/s | ETA=22:29:18
2026-03-20 11:50:22,721 INFO Progress | batches=30 | indexed=60,000/25,558,768 (0.2%) | failed=0 | rate=333/s | ETA=21:15:21
2026-03-20 11:50:37,731 INFO Progress | batches=33 | indexed=66,000/25,558,768 (0.3%) | failed=0 | rate=338/s | ETA=20:55:47
2026-03-20 11:50:52,746 INFO Progress | batches=36 | indexed=72,000/25,558,768 (0.3%) | failed=0 | rate=343/s | ETA=20:39:26
2026-03-20 11:51:07,751 INFO Progress | batches=37 | indexed=74,000/25,558,768 (0.3%) | failed=0 | rate=329/s | ETA=21:31:58
2026-03-20 11:51:22,760 INFO Progress | batches=40 | indexed=80,000/25,558,768 (0.3%) | failed=0 | rate=333/s | ETA=21:14:28
2026-03-20 11:51:37,810 INFO Progress | batches=44 | indexed=88,000/25,558,768 (0.3%) | failed=0 | rate=345/s | ETA=20:30:50
2026-03-20 11:51:52,833 INFO Progress | batches=47 | indexed=94,000/25,558,768 (0.4%) | failed=0 | rate=348/s | ETA=20:19:50
2026-03-20 11:52:07,846 INFO Progress | batches=50 | indexed=100,000/25,558,768 (0.4%) | failed=0 | rate=351/s | ETA=20:10:04
2026-03-20 11:52:22,851 INFO Progress | batches=53 | indexed=106,000/25,558,768 (0.4%) | failed=0 | rate=353/s | ETA=20:01:22
2026-03-20 11:52:37,857 INFO Progress | batches=56 | indexed=112,000/25,558,768 (0.4%) | failed=0 | rate=355/s | ETA=19:53:33
2026-03-20 11:52:52,859 INFO Progress | batches=59 | indexed=118,000/25,558,768 (0.5%) | failed=0 | rate=357/s | ETA=19:46:30
2026-03-20 11:53:07,862 INFO Progress | batches=63 | indexed=126,000/25,558,768 (0.5%) | failed=0 | rate=365/s | ETA=19:21:18
2026-03-20 11:53:22,868 INFO Progress | batches=64 | indexed=128,000/25,558,768 (0.5%) | failed=0 | rate=355/s | ETA=19:52:45
2026-03-20 11:53:37,872 INFO Progress | batches=68 | indexed=136,000/25,558,768 (0.5%) | failed=0 | rate=362/s | ETA=19:28:59
2026-03-20 11:53:52,873 INFO Progress | batches=71 | indexed=142,000/25,558,768 (0.6%) | failed=0 | rate=364/s | ETA=19:24:04
2026-03-20 11:54:07,877 INFO Progress | batches=74 | indexed=148,000/25,558,768 (0.6%) | failed=0 | rate=365/s | ETA=19:19:33
2026-03-20 11:54:22,879 INFO Progress | batches=75 | indexed=150,000/25,558,768 (0.6%) | failed=0 | rate=357/s | ETA=19:46:21
2026-03-20 11:54:38,170 INFO Progress | batches=77 | indexed=154,000/25,558,768 (0.6%) | failed=0 | rate=354/s | ETA=19:57:24
2026-03-20 11:54:53,179 INFO Progress | batches=82 | indexed=164,000/25,558,768 (0.6%) | failed=0 | rate=364/s | ETA=19:22:41
2026-03-20 11:55:08,182 INFO Progress | batches=84 | indexed=168,000/25,558,768 (0.7%) | failed=0 | rate=361/s | ETA=19:32:36
2026-03-20 11:55:23,183 INFO Progress | batches=85 | indexed=170,000/25,558,768 (0.7%) | failed=0 | rate=354/s | ETA=19:56:04
2026-03-20 11:55:38,188 INFO Progress | batches=90 | indexed=180,000/25,558,768 (0.7%) | failed=0 | rate=363/s | ETA=19:24:26
2026-03-20 11:55:53,191 INFO Progress | batches=92 | indexed=184,000/25,558,768 (0.7%) | failed=0 | rate=360/s | ETA=19:33:25
2026-03-20 11:56:08,203 INFO Progress | batches=96 | indexed=192,000/25,558,768 (0.8%) | failed=0 | rate=365/s | ETA=19:17:13
2026-03-20 11:56:23,215 INFO Progress | batches=98 | indexed=196,000/25,558,768 (0.8%) | failed=0 | rate=363/s | ETA=19:25:48
2026-03-20 11:56:38,243 INFO Progress | batches=100 | indexed=200,000/25,558,768 (0.8%) | failed=0 | rate=360/s | ETA=19:34:04
2026-03-20 11:56:53,249 INFO Progress | batches=104 | indexed=208,000/25,558,768 (0.8%) | failed=0 | rate=365/s | ETA=19:19:02
2026-03-20 11:57:08,251 INFO Progress | batches=106 | indexed=212,000/25,558,768 (0.8%) | failed=0 | rate=362/s | ETA=19:26:53
2026-03-20 11:57:23,258 INFO Progress | batches=110 | indexed=220,000/25,558,768 (0.9%) | failed=0 | rate=366/s | ETA=19:12:54
2026-03-20 11:57:38,267 INFO Progress | batches=112 | indexed=224,000/25,558,768 (0.9%) | failed=0 | rate=364/s | ETA=19:20:26
2026-03-20 11:57:53,274 INFO Progress | batches=116 | indexed=232,000/25,558,768 (0.9%) | failed=0 | rate=368/s | ETA=19:07:22
2026-03-20 11:58:08,277 INFO Progress | batches=118 | indexed=236,000/25,558,768 (0.9%) | failed=0 | rate=366/s | ETA=19:14:34
2026-03-20 11:58:23,280 INFO Progress | batches=123 | indexed=246,000/25,558,768 (1.0%) | failed=0 | rate=372/s | ETA=18:52:56
2026-03-20 11:58:38,282 INFO Progress | batches=125 | indexed=250,000/25,558,768 (1.0%) | failed=0 | rate=370/s | ETA=18:59:56
2026-03-20 11:58:53,288 INFO Progress | batches=127 | indexed=254,000/25,558,768 (1.0%) | failed=0 | rate=368/s | ETA=19:06:43
2026-03-20 11:59:08,290 INFO Progress | batches=131 | indexed=262,000/25,558,768 (1.0%) | failed=0 | rate=371/s | ETA=18:55:30
2026-03-20 11:59:23,297 INFO Progress | batches=134 | indexed=268,000/25,558,768 (1.0%) | failed=0 | rate=372/s | ETA=18:53:25
2026-03-20 11:59:38,299 INFO Progress | batches=136 | indexed=272,000/25,558,768 (1.1%) | failed=0 | rate=370/s | ETA=18:59:49
2026-03-20 11:59:53,307 INFO Progress | batches=138 | indexed=276,000/25,558,768 (1.1%) | failed=0 | rate=368/s | ETA=19:06:02
2026-03-20 12:00:08,310 INFO Progress | batches=141 | indexed=282,000/25,558,768 (1.1%) | failed=0 | rate=368/s | ETA=19:03:48
2026-03-20 12:00:23,318 INFO Progress | batches=144 | indexed=288,000/25,558,768 (1.1%) | failed=0 | rate=369/s | ETA=19:01:39
2026-03-20 12:00:38,327 INFO Progress | batches=148 | indexed=296,000/25,558,768 (1.2%) | failed=0 | rate=372/s | ETA=18:51:47
2026-03-20 12:00:53,338 INFO Progress | batches=150 | indexed=300,000/25,558,768 (1.2%) | failed=0 | rate=370/s | ETA=18:57:35
2026-03-20 12:01:08,339 INFO Progress | batches=152 | indexed=304,000/25,558,768 (1.2%) | failed=0 | rate=368/s | ETA=19:03:13
2026-03-20 12:01:23,343 INFO Progress | batches=155 | indexed=310,000/25,558,768 (1.2%) | failed=0 | rate=369/s | ETA=19:01:11
2026-03-20 12:01:38,346 INFO Progress | batches=159 | indexed=318,000/25,558,768 (1.2%) | failed=0 | rate=372/s | ETA=18:51:58
2026-03-20 12:01:53,357 INFO Progress | batches=162 | indexed=324,000/25,558,768 (1.3%) | failed=0 | rate=372/s | ETA=18:50:14
2026-03-20 12:02:08,360 INFO Progress | batches=165 | indexed=330,000/25,558,768 (1.3%) | failed=0 | rate=373/s | ETA=18:48:32
2026-03-20 12:02:23,362 INFO Progress | batches=166 | indexed=332,000/25,558,768 (1.3%) | failed=0 | rate=369/s | ETA=19:00:39
2026-03-20 12:02:38,364 INFO Progress | batches=169 | indexed=338,000/25,558,768 (1.3%) | failed=0 | rate=369/s | ETA=18:58:47
2026-03-20 12:02:53,371 INFO Progress | batches=172 | indexed=344,000/25,558,768 (1.3%) | failed=0 | rate=370/s | ETA=18:56:59
2026-03-20 12:03:08,380 INFO Progress | batches=175 | indexed=350,000/25,558,768 (1.4%) | failed=0 | rate=370/s | ETA=18:55:15
2026-03-20 12:03:23,391 INFO Progress | batches=178 | indexed=356,000/25,558,768 (1.4%) | failed=0 | rate=371/s | ETA=18:53:34
2026-03-20 12:03:38,399 INFO Progress | batches=181 | indexed=362,000/25,558,768 (1.4%) | failed=0 | rate=371/s | ETA=18:51:55
2026-03-20 12:03:53,411 INFO Progress | batches=184 | indexed=368,000/25,558,768 (1.4%) | failed=0 | rate=371/s | ETA=18:50:20
2026-03-20 12:04:08,415 INFO Progress | batches=187 | indexed=374,000/25,558,768 (1.5%) | failed=0 | rate=372/s | ETA=18:48:46
2026-03-20 12:04:23,416 INFO Progress | batches=191 | indexed=382,000/25,558,768 (1.5%) | failed=0 | rate=374/s | ETA=18:41:15
2026-03-20 12:04:38,418 INFO Progress | batches=193 | indexed=386,000/25,558,768 (1.5%) | failed=0 | rate=373/s | ETA=18:45:46
2026-03-20 12:04:53,429 INFO Progress | batches=196 | indexed=392,000/25,558,768 (1.5%) | failed=0 | rate=373/s | ETA=18:44:20
2026-03-20 12:05:08,432 INFO Progress | batches=199 | indexed=398,000/25,558,768 (1.6%) | failed=0 | rate=373/s | ETA=18:42:55
2026-03-20 12:05:23,435 INFO Progress | batches=200 | indexed=400,000/25,558,768 (1.6%) | failed=0 | rate=370/s | ETA=18:52:57
2026-03-20 12:05:38,441 INFO Progress | batches=205 | indexed=410,000/25,558,768 (1.6%) | failed=0 | rate=374/s | ETA=18:40:13
2026-03-20 12:05:53,446 INFO Progress | batches=208 | indexed=416,000/25,558,768 (1.6%) | failed=0 | rate=375/s | ETA=18:38:55
2026-03-20 12:06:08,448 INFO Progress | batches=211 | indexed=422,000/25,558,768 (1.7%) | failed=0 | rate=375/s | ETA=18:37:38
2026-03-20 12:06:23,454 INFO Progress | batches=214 | indexed=428,000/25,558,768 (1.7%) | failed=0 | rate=375/s | ETA=18:36:23
2026-03-20 12:06:38,456 INFO Progress | batches=216 | indexed=432,000/25,558,768 (1.7%) | failed=0 | rate=374/s | ETA=18:40:25
2026-03-20 12:06:53,464 INFO Progress | batches=220 | indexed=440,000/25,558,768 (1.7%) | failed=0 | rate=376/s | ETA=18:33:58
2026-03-20 12:07:08,465 INFO Progress | batches=222 | indexed=444,000/25,558,768 (1.7%) | failed=0 | rate=374/s | ETA=18:37:54
2026-03-20 12:07:23,476 INFO Progress | batches=226 | indexed=452,000/25,558,768 (1.8%) | failed=0 | rate=376/s | ETA=18:31:40
2026-03-20 12:07:38,488 INFO Progress | batches=228 | indexed=456,000/25,558,768 (1.8%) | failed=0 | rate=375/s | ETA=18:35:31
2026-03-20 12:07:53,506 INFO Progress | batches=230 | indexed=460,000/25,558,768 (1.8%) | failed=0 | rate=374/s | ETA=18:39:18
2026-03-20 12:08:08,507 INFO Progress | batches=235 | indexed=470,000/25,558,768 (1.8%) | failed=0 | rate=377/s | ETA=18:28:23
2026-03-20 12:08:23,518 INFO Progress | batches=237 | indexed=474,000/25,558,768 (1.9%) | failed=0 | rate=376/s | ETA=18:32:06
2026-03-20 12:08:38,526 INFO Progress | batches=241 | indexed=482,000/25,558,768 (1.9%) | failed=0 | rate=378/s | ETA=18:26:18
2026-03-20 12:08:53,536 INFO Progress | batches=243 | indexed=486,000/25,558,768 (1.9%) | failed=0 | rate=376/s | ETA=18:29:56
2026-03-20 12:09:08,546 INFO Progress | batches=248 | indexed=496,000/25,558,768 (1.9%) | failed=0 | rate=380/s | ETA=18:19:46
2026-03-20 12:09:23,549 INFO Progress | batches=250 | indexed=500,000/25,558,768 (2.0%) | failed=0 | rate=379/s | ETA=18:23:19
2026-03-20 12:09:38,554 INFO Progress | batches=252 | indexed=504,000/25,558,768 (2.0%) | failed=0 | rate=377/s | ETA=18:26:49
2026-03-20 12:09:53,559 INFO Progress | batches=254 | indexed=508,000/25,558,768 (2.0%) | failed=0 | rate=376/s | ETA=18:30:16
2026-03-20 12:10:08,564 INFO Progress | batches=258 | indexed=516,000/25,558,768 (2.0%) | failed=0 | rate=378/s | ETA=18:24:50
2026-03-20 12:10:23,575 INFO Progress | batches=261 | indexed=522,000/25,558,768 (2.0%) | failed=0 | rate=378/s | ETA=18:23:53
2026-03-20 12:10:38,586 INFO Progress | batches=263 | indexed=526,000/25,558,768 (2.1%) | failed=0 | rate=377/s | ETA=18:27:13
2026-03-20 12:10:53,597 INFO Progress | batches=266 | indexed=532,000/25,558,768 (2.1%) | failed=0 | rate=377/s | ETA=18:26:14
2026-03-20 12:11:08,601 INFO Progress | batches=269 | indexed=538,000/25,558,768 (2.1%) | failed=0 | rate=377/s | ETA=18:25:16
2026-03-20 12:11:23,610 INFO Progress | batches=272 | indexed=544,000/25,558,768 (2.1%) | failed=0 | rate=378/s | ETA=18:24:19
2026-03-20 12:11:38,615 INFO Progress | batches=276 | indexed=552,000/25,558,768 (2.2%) | failed=0 | rate=379/s | ETA=18:19:17
2026-03-20 12:11:53,626 INFO Progress | batches=279 | indexed=558,000/25,558,768 (2.2%) | failed=0 | rate=379/s | ETA=18:18:25
2026-03-20 12:12:08,633 INFO Progress | batches=281 | indexed=562,000/25,558,768 (2.2%) | failed=0 | rate=378/s | ETA=18:21:33
2026-03-20 12:12:23,645 INFO Progress | batches=283 | indexed=566,000/25,558,768 (2.2%) | failed=0 | rate=377/s | ETA=18:24:38
2026-03-20 12:12:38,647 INFO Progress | batches=287 | indexed=574,000/25,558,768 (2.2%) | failed=0 | rate=379/s | ETA=18:19:47
2026-03-20 12:12:53,656 INFO Progress | batches=288 | indexed=576,000/25,558,768 (2.3%) | failed=0 | rate=376/s | ETA=18:26:43
2026-03-20 12:13:08,658 INFO Progress | batches=292 | indexed=584,000/25,558,768 (2.3%) | failed=0 | rate=378/s | ETA=18:21:54
2026-03-20 12:13:23,660 INFO Progress | batches=294 | indexed=588,000/25,558,768 (2.3%) | failed=0 | rate=377/s | ETA=18:24:51
2026-03-20 12:13:38,661 INFO Progress | batches=296 | indexed=592,000/25,558,768 (2.3%) | failed=0 | rate=376/s | ETA=18:27:45
2026-03-20 12:13:53,672 INFO Progress | batches=300 | indexed=600,000/25,558,768 (2.3%) | failed=0 | rate=377/s | ETA=18:23:02
2026-03-20 12:14:08,675 INFO Progress | batches=303 | indexed=606,000/25,558,768 (2.4%) | failed=0 | rate=377/s | ETA=18:22:09
2026-03-20 12:14:23,686 INFO Progress | batches=306 | indexed=612,000/25,558,768 (2.4%) | failed=0 | rate=378/s | ETA=18:21:17
2026-03-20 12:14:38,690 INFO Progress | batches=308 | indexed=616,000/25,558,768 (2.4%) | failed=0 | rate=377/s | ETA=18:24:05
2026-03-20 12:14:53,693 INFO Progress | batches=312 | indexed=624,000/25,558,768 (2.4%) | failed=0 | rate=378/s | ETA=18:19:34
2026-03-20 12:15:08,701 INFO Progress | batches=314 | indexed=628,000/25,558,768 (2.5%) | failed=0 | rate=377/s | ETA=18:22:19
2026-03-20 12:15:23,704 INFO Progress | batches=317 | indexed=634,000/25,558,768 (2.5%) | failed=0 | rate=377/s | ETA=18:21:27
2026-03-20 12:15:38,708 INFO Progress | batches=320 | indexed=640,000/25,558,768 (2.5%) | failed=0 | rate=377/s | ETA=18:20:36
2026-03-20 12:15:53,713 INFO Progress | batches=322 | indexed=644,000/25,558,768 (2.5%) | failed=0 | rate=376/s | ETA=18:23:16
2026-03-20 12:16:08,717 INFO Progress | batches=325 | indexed=650,000/25,558,768 (2.5%) | failed=0 | rate=377/s | ETA=18:22:24
2026-03-20 12:16:23,723 INFO Progress | batches=329 | indexed=658,000/25,558,768 (2.6%) | failed=0 | rate=378/s | ETA=18:18:07
2026-03-20 12:16:38,731 INFO Progress | batches=331 | indexed=662,000/25,558,768 (2.6%) | failed=0 | rate=377/s | ETA=18:20:43
2026-03-20 12:16:53,741 INFO Progress | batches=334 | indexed=668,000/25,558,768 (2.6%) | failed=0 | rate=377/s | ETA=18:19:53
2026-03-20 12:17:08,743 INFO Progress | batches=337 | indexed=674,000/25,558,768 (2.6%) | failed=0 | rate=377/s | ETA=18:19:03
2026-03-20 12:17:23,744 INFO Progress | batches=340 | indexed=680,000/25,558,768 (2.7%) | failed=0 | rate=378/s | ETA=18:18:15
2026-03-20 12:17:38,755 INFO Progress | batches=343 | indexed=686,000/25,558,768 (2.7%) | failed=0 | rate=378/s | ETA=18:17:27
2026-03-20 12:17:53,767 INFO Progress | batches=346 | indexed=692,000/25,558,768 (2.7%) | failed=0 | rate=378/s | ETA=18:16:40
2026-03-20 12:18:08,770 INFO Progress | batches=348 | indexed=696,000/25,558,768 (2.7%) | failed=0 | rate=377/s | ETA=18:19:07
2026-03-20 12:18:23,795 INFO Progress | batches=350 | indexed=700,000/25,558,768 (2.7%) | failed=0 | rate=376/s | ETA=18:21:33
2026-03-20 12:18:38,836 INFO Progress | batches=354 | indexed=708,000/25,558,768 (2.8%) | failed=0 | rate=377/s | ETA=18:17:33
2026-03-20 12:18:53,845 INFO Progress | batches=357 | indexed=714,000/25,558,768 (2.8%) | failed=0 | rate=378/s | ETA=18:16:46
2026-03-20 12:19:08,855 INFO Progress | batches=358 | indexed=716,000/25,558,768 (2.8%) | failed=0 | rate=376/s | ETA=18:22:18
2026-03-20 12:19:23,863 INFO Progress | batches=362 | indexed=724,000/25,558,768 (2.8%) | failed=0 | rate=377/s | ETA=18:18:21
2026-03-20 12:19:38,874 INFO Progress | batches=365 | indexed=730,000/25,558,768 (2.9%) | failed=0 | rate=377/s | ETA=18:17:34
2026-03-20 12:19:53,880 INFO Progress | batches=369 | indexed=738,000/25,558,768 (2.9%) | failed=0 | rate=378/s | ETA=18:13:44
2026-03-20 12:20:08,883 INFO Progress | batches=370 | indexed=740,000/25,558,768 (2.9%) | failed=0 | rate=376/s | ETA=18:19:04
2026-03-20 12:20:23,895 INFO Progress | batches=375 | indexed=750,000/25,558,768 (2.9%) | failed=0 | rate=379/s | ETA=18:12:15
2026-03-20 12:20:38,906 INFO Progress | batches=377 | indexed=754,000/25,558,768 (3.0%) | failed=0 | rate=378/s | ETA=18:14:31
2026-03-20 12:20:53,912 INFO Progress | batches=379 | indexed=758,000/25,558,768 (3.0%) | failed=0 | rate=377/s | ETA=18:16:45
2026-03-20 12:21:08,923 INFO Progress | batches=384 | indexed=768,000/25,558,768 (3.0%) | failed=0 | rate=379/s | ETA=18:10:07
2026-03-20 12:21:23,932 INFO Progress | batches=385 | indexed=770,000/25,558,768 (3.0%) | failed=0 | rate=377/s | ETA=18:15:15
2026-03-20 12:21:38,936 INFO Progress | batches=388 | indexed=776,000/25,558,768 (3.0%) | failed=0 | rate=377/s | ETA=18:14:30
2026-03-20 12:21:53,941 INFO Progress | batches=391 | indexed=782,000/25,558,768 (3.1%) | failed=0 | rate=378/s | ETA=18:13:46
2026-03-20 12:22:08,952 INFO Progress | batches=394 | indexed=788,000/25,558,768 (3.1%) | failed=0 | rate=378/s | ETA=18:13:02
2026-03-20 12:22:23,963 INFO Progress | batches=397 | indexed=794,000/25,558,768 (3.1%) | failed=0 | rate=378/s | ETA=18:12:19
2026-03-20 12:22:38,987 INFO Progress | batches=401 | indexed=802,000/25,558,768 (3.1%) | failed=0 | rate=379/s | ETA=18:08:48
2026-03-20 12:22:53,989 INFO Progress | batches=402 | indexed=804,000/25,558,768 (3.1%) | failed=0 | rate=377/s | ETA=18:13:42
2026-03-20 12:23:08,992 INFO Progress | batches=406 | indexed=812,000/25,558,768 (3.2%) | failed=0 | rate=378/s | ETA=18:10:12
2026-03-20 12:23:23,996 INFO Progress | batches=409 | indexed=818,000/25,558,768 (3.2%) | failed=0 | rate=378/s | ETA=18:09:30
2026-03-20 12:23:38,999 INFO Progress | batches=411 | indexed=822,000/25,558,768 (3.2%) | failed=0 | rate=378/s | ETA=18:11:33
2026-03-20 12:23:54,006 INFO Progress | batches=415 | indexed=830,000/25,558,768 (3.2%) | failed=0 | rate=379/s | ETA=18:08:08
2026-03-20 12:24:09,017 INFO Progress | batches=418 | indexed=836,000/25,558,768 (3.3%) | failed=0 | rate=379/s | ETA=18:07:27
2026-03-20 12:24:24,022 INFO Progress | batches=422 | indexed=844,000/25,558,768 (3.3%) | failed=0 | rate=380/s | ETA=18:04:07
2026-03-20 12:24:39,025 INFO Progress | batches=424 | indexed=848,000/25,558,768 (3.3%) | failed=0 | rate=379/s | ETA=18:06:07
2026-03-20 12:24:54,033 INFO Progress | batches=427 | indexed=854,000/25,558,768 (3.3%) | failed=0 | rate=379/s | ETA=18:05:28
2026-03-20 12:25:09,045 INFO Progress | batches=429 | indexed=858,000/25,558,768 (3.4%) | failed=0 | rate=379/s | ETA=18:07:26
2026-03-20 12:25:24,071 INFO Progress | batches=433 | indexed=866,000/25,558,768 (3.4%) | failed=0 | rate=380/s | ETA=18:04:11
2026-03-20 12:25:39,082 INFO Progress | batches=437 | indexed=874,000/25,558,768 (3.4%) | failed=0 | rate=381/s | ETA=18:00:58
2026-03-20 12:25:54,093 INFO Progress | batches=440 | indexed=880,000/25,558,768 (3.4%) | failed=0 | rate=381/s | ETA=18:00:21
2026-03-20 12:26:09,095 INFO Progress | batches=443 | indexed=886,000/25,558,768 (3.5%) | failed=0 | rate=381/s | ETA=17:59:45
2026-03-20 12:26:24,100 INFO Progress | batches=445 | indexed=890,000/25,558,768 (3.5%) | failed=0 | rate=380/s | ETA=18:01:39
2026-03-20 12:26:39,103 INFO Progress | batches=447 | indexed=894,000/25,558,768 (3.5%) | failed=0 | rate=379/s | ETA=18:03:32
2026-03-20 12:26:54,114 INFO Progress | batches=451 | indexed=902,000/25,558,768 (3.5%) | failed=0 | rate=380/s | ETA=18:00:25
2026-03-20 12:27:09,118 INFO Progress | batches=454 | indexed=908,000/25,558,768 (3.6%) | failed=0 | rate=380/s | ETA=17:59:48
2026-03-20 12:27:24,122 INFO Progress | batches=455 | indexed=910,000/25,558,768 (3.6%) | failed=0 | rate=379/s | ETA=18:04:07
2026-03-20 12:27:39,130 INFO Progress | batches=460 | indexed=920,000/25,558,768 (3.6%) | failed=0 | rate=381/s | ETA=17:58:36
2026-03-20 12:27:54,133 INFO Progress | batches=462 | indexed=924,000/25,558,768 (3.6%) | failed=0 | rate=380/s | ETA=18:00:25
2026-03-20 12:28:09,141 INFO Progress | batches=465 | indexed=930,000/25,558,768 (3.6%) | failed=0 | rate=380/s | ETA=17:59:49
2026-03-20 12:28:24,148 INFO Progress | batches=467 | indexed=934,000/25,558,768 (3.7%) | failed=0 | rate=379/s | ETA=18:01:36
2026-03-20 12:28:39,155 INFO Progress | batches=470 | indexed=940,000/25,558,768 (3.7%) | failed=0 | rate=380/s | ETA=18:00:59
2026-03-20 12:28:54,166 INFO Progress | batches=472 | indexed=944,000/25,558,768 (3.7%) | failed=0 | rate=379/s | ETA=18:02:45
2026-03-20 12:29:09,171 INFO Progress | batches=475 | indexed=950,000/25,558,768 (3.7%) | failed=0 | rate=379/s | ETA=18:02:08
2026-03-20 12:29:24,184 INFO Progress | batches=478 | indexed=956,000/25,558,768 (3.7%) | failed=0 | rate=379/s | ETA=18:01:31
2026-03-20 12:29:39,201 INFO Progress | batches=481 | indexed=962,000/25,558,768 (3.8%) | failed=0 | rate=379/s | ETA=18:00:55
2026-03-20 12:29:54,211 INFO Progress | batches=484 | indexed=968,000/25,558,768 (3.8%) | failed=0 | rate=379/s | ETA=18:00:18
2026-03-20 12:30:09,216 INFO Progress | batches=487 | indexed=974,000/25,558,768 (3.8%) | failed=0 | rate=379/s | ETA=17:59:42
2026-03-20 12:30:24,227 INFO Progress | batches=490 | indexed=980,000/25,558,768 (3.8%) | failed=0 | rate=380/s | ETA=17:59:06
2026-03-20 12:30:39,234 INFO Progress | batches=493 | indexed=986,000/25,558,768 (3.9%) | failed=0 | rate=380/s | ETA=17:58:30
2026-03-20 12:30:54,245 INFO Progress | batches=496 | indexed=992,000/25,558,768 (3.9%) | failed=0 | rate=380/s | ETA=17:57:55
2026-03-20 12:31:09,283 INFO Progress | batches=499 | indexed=998,000/25,558,768 (3.9%) | failed=0 | rate=380/s | ETA=17:57:21
2026-03-20 12:31:24,293 INFO Progress | batches=503 | indexed=1,006,000/25,558,768 (3.9%) | failed=0 | rate=381/s | ETA=17:54:32
2026-03-20 12:31:39,310 INFO Progress | batches=506 | indexed=1,012,000/25,558,768 (4.0%) | failed=0 | rate=381/s | ETA=17:53:58
2026-03-20 12:31:54,321 INFO Progress | batches=507 | indexed=1,014,000/25,558,768 (4.0%) | failed=0 | rate=380/s | ETA=17:57:49
2026-03-20 12:32:09,333 INFO Progress | batches=511 | indexed=1,022,000/25,558,768 (4.0%) | failed=0 | rate=380/s | ETA=17:55:03
2026-03-20 12:32:24,336 INFO Progress | batches=514 | indexed=1,028,000/25,558,768 (4.0%) | failed=0 | rate=381/s | ETA=17:54:29
2026-03-20 12:32:39,343 INFO Progress | batches=516 | indexed=1,032,000/25,558,768 (4.0%) | failed=0 | rate=380/s | ETA=17:56:05
2026-03-20 12:32:54,353 INFO Progress | batches=519 | indexed=1,038,000/25,558,768 (4.1%) | failed=0 | rate=380/s | ETA=17:55:31
2026-03-20 12:33:09,361 INFO Progress | batches=522 | indexed=1,044,000/25,558,768 (4.1%) | failed=0 | rate=380/s | ETA=17:54:56
2026-03-20 12:33:24,365 INFO Progress | batches=525 | indexed=1,050,000/25,558,768 (4.1%) | failed=0 | rate=380/s | ETA=17:54:22
2026-03-20 12:33:39,376 INFO Progress | batches=527 | indexed=1,054,000/25,558,768 (4.1%) | failed=0 | rate=380/s | ETA=17:55:56
2026-03-20 12:33:54,388 INFO Progress | batches=531 | indexed=1,062,000/25,558,768 (4.2%) | failed=0 | rate=380/s | ETA=17:53:15
2026-03-20 12:34:09,399 INFO Progress | batches=533 | indexed=1,066,000/25,558,768 (4.2%) | failed=0 | rate=380/s | ETA=17:54:48
2026-03-20 12:34:24,405 INFO Progress | batches=536 | indexed=1,072,000/25,558,768 (4.2%) | failed=0 | rate=380/s | ETA=17:54:14
2026-03-20 12:34:39,414 INFO Progress | batches=539 | indexed=1,078,000/25,558,768 (4.2%) | failed=0 | rate=380/s | ETA=17:53:41
2026-03-20 12:34:54,420 INFO Progress | batches=543 | indexed=1,086,000/25,558,768 (4.2%) | failed=0 | rate=381/s | ETA=17:51:03
2026-03-20 12:35:09,429 INFO Progress | batches=546 | indexed=1,092,000/25,558,768 (4.3%) | failed=0 | rate=381/s | ETA=17:50:31
2026-03-20 12:35:24,441 INFO Progress | batches=550 | indexed=1,100,000/25,558,768 (4.3%) | failed=0 | rate=382/s | ETA=17:47:57
2026-03-20 12:35:39,443 INFO Progress | batches=552 | indexed=1,104,000/25,558,768 (4.3%) | failed=0 | rate=381/s | ETA=17:49:26
2026-03-20 12:35:54,447 INFO Progress | batches=557 | indexed=1,114,000/25,558,768 (4.4%) | failed=0 | rate=383/s | ETA=17:44:54
2026-03-20 12:36:09,458 INFO Progress | batches=558 | indexed=1,116,000/25,558,768 (4.4%) | failed=0 | rate=381/s | ETA=17:48:23
2026-03-20 12:36:24,460 INFO Progress | batches=562 | indexed=1,124,000/25,558,768 (4.4%) | failed=0 | rate=382/s | ETA=17:45:52
2026-03-20 12:36:39,464 INFO Progress | batches=564 | indexed=1,128,000/25,558,768 (4.4%) | failed=0 | rate=381/s | ETA=17:47:19
2026-03-20 12:36:54,469 INFO Progress | batches=567 | indexed=1,134,000/25,558,768 (4.4%) | failed=0 | rate=382/s | ETA=17:46:48
2026-03-20 12:37:09,494 INFO Progress | batches=570 | indexed=1,140,000/25,558,768 (4.5%) | failed=0 | rate=382/s | ETA=17:46:17
2026-03-20 12:37:24,518 INFO Progress | batches=573 | indexed=1,146,000/25,558,768 (4.5%) | failed=0 | rate=382/s | ETA=17:45:47
2026-03-20 12:37:39,521 INFO Progress | batches=578 | indexed=1,156,000/25,558,768 (4.5%) | failed=0 | rate=383/s | ETA=17:41:24
2026-03-20 12:37:54,529 INFO Progress | batches=580 | indexed=1,160,000/25,558,768 (4.5%) | failed=0 | rate=383/s | ETA=17:42:50
2026-03-20 12:38:09,537 INFO Progress | batches=581 | indexed=1,162,000/25,558,768 (4.5%) | failed=0 | rate=381/s | ETA=17:46:10
2026-03-20 12:38:24,546 INFO Progress | batches=586 | indexed=1,172,000/25,558,768 (4.6%) | failed=0 | rate=383/s | ETA=17:41:51
2026-03-20 12:38:39,548 INFO Progress | batches=589 | indexed=1,178,000/25,558,768 (4.6%) | failed=0 | rate=383/s | ETA=17:41:21
2026-03-20 12:38:54,551 INFO Progress | batches=592 | indexed=1,184,000/25,558,768 (4.6%) | failed=0 | rate=383/s | ETA=17:40:52
2026-03-20 12:39:09,557 INFO Progress | batches=594 | indexed=1,188,000/25,558,768 (4.6%) | failed=0 | rate=382/s | ETA=17:42:15
2026-03-20 12:39:24,575 INFO Progress | batches=598 | indexed=1,196,000/25,558,768 (4.7%) | failed=0 | rate=383/s | ETA=17:39:54
2026-03-20 12:39:39,582 INFO Progress | batches=601 | indexed=1,202,000/25,558,768 (4.7%) | failed=0 | rate=383/s | ETA=17:39:25
2026-03-20 12:39:54,595 INFO Progress | batches=603 | indexed=1,206,000/25,558,768 (4.7%) | failed=0 | rate=383/s | ETA=17:40:47
2026-03-20 12:40:09,604 INFO Progress | batches=607 | indexed=1,214,000/25,558,768 (4.7%) | failed=0 | rate=383/s | ETA=17:38:27
2026-03-20 12:40:24,611 INFO Progress | batches=608 | indexed=1,216,000/25,558,768 (4.8%) | failed=0 | rate=382/s | ETA=17:41:38
2026-03-20 12:40:39,617 INFO Progress | batches=612 | indexed=1,224,000/25,558,768 (4.8%) | failed=0 | rate=383/s | ETA=17:39:19
2026-03-20 12:40:54,622 INFO Progress | batches=616 | indexed=1,232,000/25,558,768 (4.8%) | failed=0 | rate=384/s | ETA=17:37:02
2026-03-20 12:41:09,627 INFO Progress | batches=619 | indexed=1,238,000/25,558,768 (4.8%) | failed=0 | rate=384/s | ETA=17:36:34
2026-03-20 12:41:24,630 INFO Progress | batches=623 | indexed=1,246,000/25,558,768 (4.9%) | failed=0 | rate=384/s | ETA=17:34:19
2026-03-20 12:41:39,642 INFO Progress | batches=626 | indexed=1,252,000/25,558,768 (4.9%) | failed=0 | rate=384/s | ETA=17:33:52
2026-03-20 12:41:54,654 INFO Progress | batches=629 | indexed=1,258,000/25,558,768 (4.9%) | failed=0 | rate=384/s | ETA=17:33:25
2026-03-20 12:42:09,662 INFO Progress | batches=631 | indexed=1,262,000/25,558,768 (4.9%) | failed=0 | rate=384/s | ETA=17:34:43
2026-03-20 12:42:24,669 INFO Progress | batches=634 | indexed=1,268,000/25,558,768 (5.0%) | failed=0 | rate=384/s | ETA=17:34:15
2026-03-20 12:42:39,678 INFO Progress | batches=639 | indexed=1,278,000/25,558,768 (5.0%) | failed=0 | rate=385/s | ETA=17:30:20
2026-03-20 12:42:54,685 INFO Progress | batches=641 | indexed=1,282,000/25,558,768 (5.0%) | failed=0 | rate=385/s | ETA=17:31:37
2026-03-20 12:43:09,691 INFO Progress | batches=645 | indexed=1,290,000/25,558,768 (5.0%) | failed=0 | rate=385/s | ETA=17:29:27
2026-03-20 12:43:24,701 INFO Progress | batches=649 | indexed=1,298,000/25,558,768 (5.1%) | failed=0 | rate=386/s | ETA=17:27:19
2026-03-20 12:43:39,705 INFO Progress | batches=651 | indexed=1,302,000/25,558,768 (5.1%) | failed=0 | rate=386/s | ETA=17:28:35
2026-03-20 12:43:54,722 INFO Progress | batches=654 | indexed=1,308,000/25,558,768 (5.1%) | failed=0 | rate=386/s | ETA=17:28:09
2026-03-20 12:44:09,731 INFO Progress | batches=657 | indexed=1,314,000/25,558,768 (5.1%) | failed=0 | rate=386/s | ETA=17:27:44
2026-03-20 12:44:24,889 INFO Progress | batches=661 | indexed=1,322,000/25,558,768 (5.2%) | failed=0 | rate=386/s | ETA=17:25:41
2026-03-20 12:44:40,177 INFO Progress | batches=663 | indexed=1,326,000/25,558,768 (5.2%) | failed=0 | rate=386/s | ETA=17:27:00
2026-03-20 12:44:55,200 INFO Progress | batches=667 | indexed=1,334,000/25,558,768 (5.2%) | failed=0 | rate=386/s | ETA=17:24:56
2026-03-20 12:45:10,204 INFO Progress | batches=669 | indexed=1,338,000/25,558,768 (5.2%) | failed=0 | rate=386/s | ETA=17:26:10
2026-03-20 12:45:25,207 INFO Progress | batches=672 | indexed=1,344,000/25,558,768 (5.3%) | failed=0 | rate=386/s | ETA=17:25:44
2026-03-20 12:45:40,218 INFO Progress | batches=675 | indexed=1,350,000/25,558,768 (5.3%) | failed=0 | rate=386/s | ETA=17:25:19
2026-03-20 12:45:55,224 INFO Progress | batches=678 | indexed=1,356,000/25,558,768 (5.3%) | failed=0 | rate=386/s | ETA=17:24:54
2026-03-20 12:46:10,255 INFO Progress | batches=680 | indexed=1,360,000/25,558,768 (5.3%) | failed=0 | rate=386/s | ETA=17:26:07
2026-03-20 12:46:25,263 INFO Progress | batches=682 | indexed=1,364,000/25,558,768 (5.3%) | failed=0 | rate=385/s | ETA=17:27:19
2026-03-20 12:46:40,276 INFO Progress | batches=685 | indexed=1,370,000/25,558,768 (5.4%) | failed=0 | rate=385/s | ETA=17:26:53
2026-03-20 12:46:55,277 INFO Progress | batches=687 | indexed=1,374,000/25,558,768 (5.4%) | failed=0 | rate=385/s | ETA=17:28:04
2026-03-20 12:47:10,288 INFO Progress | batches=692 | indexed=1,384,000/25,558,768 (5.4%) | failed=0 | rate=386/s | ETA=17:24:26
2026-03-20 12:47:25,294 INFO Progress | batches=695 | indexed=1,390,000/25,558,768 (5.4%) | failed=0 | rate=386/s | ETA=17:24:01
2026-03-20 12:47:40,308 INFO Progress | batches=697 | indexed=1,394,000/25,558,768 (5.5%) | failed=0 | rate=385/s | ETA=17:25:11
2026-03-20 12:47:55,320 INFO Progress | batches=701 | indexed=1,402,000/25,558,768 (5.5%) | failed=0 | rate=386/s | ETA=17:23:11
2026-03-20 12:48:10,328 INFO Progress | batches=703 | indexed=1,406,000/25,558,768 (5.5%) | failed=0 | rate=385/s | ETA=17:24:20
2026-03-20 12:48:25,334 INFO Progress | batches=707 | indexed=1,414,000/25,558,768 (5.5%) | failed=0 | rate=386/s | ETA=17:22:22
2026-03-20 12:48:40,338 INFO Progress | batches=710 | indexed=1,420,000/25,558,768 (5.6%) | failed=0 | rate=386/s | ETA=17:21:57
2026-03-20 12:48:55,347 INFO Progress | batches=713 | indexed=1,426,000/25,558,768 (5.6%) | failed=0 | rate=386/s | ETA=17:21:32
2026-03-20 12:49:10,524 INFO Progress | batches=715 | indexed=1,430,000/25,558,768 (5.6%) | failed=0 | rate=386/s | ETA=17:22:43
2026-03-20 12:49:25,549 INFO Progress | batches=718 | indexed=1,436,000/25,558,768 (5.6%) | failed=0 | rate=386/s | ETA=17:22:19
2026-03-20 12:49:40,571 INFO Progress | batches=722 | indexed=1,444,000/25,558,768 (5.6%) | failed=0 | rate=386/s | ETA=17:20:23
2026-03-20 12:49:55,579 INFO Progress | batches=724 | indexed=1,448,000/25,558,768 (5.7%) | failed=0 | rate=386/s | ETA=17:21:30
2026-03-20 12:50:10,591 INFO Progress | batches=727 | indexed=1,454,000/25,558,768 (5.7%) | failed=0 | rate=386/s | ETA=17:21:05
2026-03-20 12:50:25,602 INFO Progress | batches=730 | indexed=1,460,000/25,558,768 (5.7%) | failed=0 | rate=386/s | ETA=17:20:41
2026-03-20 12:50:40,611 INFO Progress | batches=733 | indexed=1,466,000/25,558,768 (5.7%) | failed=0 | rate=386/s | ETA=17:20:16
2026-03-20 12:50:55,613 INFO Progress | batches=736 | indexed=1,472,000/25,558,768 (5.8%) | failed=0 | rate=386/s | ETA=17:19:52
2026-03-20 12:51:10,629 INFO Progress | batches=738 | indexed=1,476,000/25,558,768 (5.8%) | failed=0 | rate=386/s | ETA=17:20:58
2026-03-20 12:51:25,645 INFO Progress | batches=741 | indexed=1,482,000/25,558,768 (5.8%) | failed=0 | rate=386/s | ETA=17:20:33
2026-03-20 12:51:40,655 INFO Progress | batches=744 | indexed=1,488,000/25,558,768 (5.8%) | failed=0 | rate=386/s | ETA=17:20:09
2026-03-20 12:51:55,662 INFO Progress | batches=746 | indexed=1,492,000/25,558,768 (5.8%) | failed=0 | rate=385/s | ETA=17:21:13
2026-03-20 12:52:10,667 INFO Progress | batches=749 | indexed=1,498,000/25,558,768 (5.9%) | failed=0 | rate=385/s | ETA=17:20:48
2026-03-20 12:52:25,674 INFO Progress | batches=752 | indexed=1,504,000/25,558,768 (5.9%) | failed=0 | rate=385/s | ETA=17:20:24
2026-03-20 12:52:40,683 INFO Progress | batches=755 | indexed=1,510,000/25,558,768 (5.9%) | failed=0 | rate=385/s | ETA=17:19:59
2026-03-20 12:52:55,691 INFO Progress | batches=757 | indexed=1,514,000/25,558,768 (5.9%) | failed=0 | rate=385/s | ETA=17:21:02
2026-03-20 12:53:10,699 INFO Progress | batches=760 | indexed=1,520,000/25,558,768 (5.9%) | failed=0 | rate=385/s | ETA=17:20:38
2026-03-20 12:53:25,706 INFO Progress | batches=762 | indexed=1,524,000/25,558,768 (6.0%) | failed=0 | rate=385/s | ETA=17:21:40
2026-03-20 12:53:40,710 INFO Progress | batches=766 | indexed=1,532,000/25,558,768 (6.0%) | failed=0 | rate=385/s | ETA=17:19:48
2026-03-20 12:53:55,836 INFO Progress | batches=769 | indexed=1,538,000/25,558,768 (6.0%) | failed=0 | rate=385/s | ETA=17:19:26
2026-03-20 12:54:10,888 INFO Progress | batches=771 | indexed=1,542,000/25,558,768 (6.0%) | failed=0 | rate=385/s | ETA=17:20:28
2026-03-20 12:54:25,893 INFO Progress | batches=774 | indexed=1,548,000/25,558,768 (6.1%) | failed=0 | rate=385/s | ETA=17:20:03
2026-03-20 12:54:40,921 INFO Progress | batches=777 | indexed=1,554,000/25,558,768 (6.1%) | failed=0 | rate=385/s | ETA=17:19:39
2026-03-20 12:54:55,922 INFO Progress | batches=781 | indexed=1,562,000/25,558,768 (6.1%) | failed=0 | rate=385/s | ETA=17:17:49
2026-03-20 12:55:10,930 INFO Progress | batches=782 | indexed=1,564,000/25,558,768 (6.1%) | failed=0 | rate=384/s | ETA=17:20:15
2026-03-20 12:55:25,941 INFO Progress | batches=786 | indexed=1,572,000/25,558,768 (6.2%) | failed=0 | rate=385/s | ETA=17:18:25
2026-03-20 12:55:40,947 INFO Progress | batches=788 | indexed=1,576,000/25,558,768 (6.2%) | failed=0 | rate=385/s | ETA=17:19:25
2026-03-20 12:55:55,959 INFO Progress | batches=791 | indexed=1,582,000/25,558,768 (6.2%) | failed=0 | rate=385/s | ETA=17:19:01
2026-03-20 12:56:10,971 INFO Progress | batches=793 | indexed=1,586,000/25,558,768 (6.2%) | failed=0 | rate=384/s | ETA=17:20:00
2026-03-20 12:56:25,982 INFO Progress | batches=796 | indexed=1,592,000/25,558,768 (6.2%) | failed=0 | rate=384/s | ETA=17:19:35
2026-03-20 12:56:40,994 INFO Progress | batches=798 | indexed=1,596,000/25,558,768 (6.2%) | failed=0 | rate=384/s | ETA=17:20:34
2026-03-20 12:56:56,003 INFO Progress | batches=801 | indexed=1,602,000/25,558,768 (6.3%) | failed=0 | rate=384/s | ETA=17:20:09
2026-03-20 12:57:11,035 INFO Progress | batches=805 | indexed=1,610,000/25,558,768 (6.3%) | failed=0 | rate=384/s | ETA=17:18:22
2026-03-20 12:57:26,036 INFO Progress | batches=807 | indexed=1,614,000/25,558,768 (6.3%) | failed=0 | rate=384/s | ETA=17:19:19
2026-03-20 12:57:41,046 INFO Progress | batches=812 | indexed=1,624,000/25,558,768 (6.4%) | failed=0 | rate=385/s | ETA=17:16:11
2026-03-20 12:57:56,053 INFO Progress | batches=815 | indexed=1,630,000/25,558,768 (6.4%) | failed=0 | rate=385/s | ETA=17:15:47
2026-03-20 12:58:11,067 INFO Progress | batches=816 | indexed=1,632,000/25,558,768 (6.4%) | failed=0 | rate=384/s | ETA=17:18:05
2026-03-20 12:58:26,083 INFO Progress | batches=821 | indexed=1,642,000/25,558,768 (6.4%) | failed=0 | rate=385/s | ETA=17:14:59
2026-03-20 12:58:41,091 INFO Progress | batches=823 | indexed=1,646,000/25,558,768 (6.4%) | failed=0 | rate=385/s | ETA=17:15:56
2026-03-20 12:58:56,105 INFO Progress | batches=825 | indexed=1,650,000/25,558,768 (6.5%) | failed=0 | rate=384/s | ETA=17:16:52
2026-03-20 12:59:11,130 INFO Progress | batches=829 | indexed=1,658,000/25,558,768 (6.5%) | failed=0 | rate=385/s | ETA=17:15:08
2026-03-20 12:59:26,148 INFO Progress | batches=832 | indexed=1,664,000/25,558,768 (6.5%) | failed=0 | rate=385/s | ETA=17:14:44
2026-03-20 12:59:41,166 INFO Progress | batches=834 | indexed=1,668,000/25,558,768 (6.5%) | failed=0 | rate=384/s | ETA=17:15:40
2026-03-20 12:59:56,177 INFO Progress | batches=836 | indexed=1,672,000/25,558,768 (6.5%) | failed=0 | rate=384/s | ETA=17:16:35
2026-03-20 13:00:11,185 INFO Progress | batches=840 | indexed=1,680,000/25,558,768 (6.6%) | failed=0 | rate=385/s | ETA=17:14:52
2026-03-20 13:00:26,192 INFO Progress | batches=841 | indexed=1,682,000/25,558,768 (6.6%) | failed=0 | rate=384/s | ETA=17:17:06
2026-03-20 13:00:41,198 INFO Progress | batches=844 | indexed=1,688,000/25,558,768 (6.6%) | failed=0 | rate=384/s | ETA=17:16:41
2026-03-20 13:00:56,203 INFO Progress | batches=848 | indexed=1,696,000/25,558,768 (6.6%) | failed=0 | rate=384/s | ETA=17:14:58
2026-03-20 13:01:11,208 INFO Progress | batches=852 | indexed=1,704,000/25,558,768 (6.7%) | failed=0 | rate=385/s | ETA=17:13:16
2026-03-20 13:01:26,341 INFO Progress | batches=854 | indexed=1,708,000/25,558,768 (6.7%) | failed=0 | rate=384/s | ETA=17:14:12
2026-03-20 13:01:41,394 INFO Progress | batches=856 | indexed=1,712,000/25,558,768 (6.7%) | failed=0 | rate=384/s | ETA=17:15:06
2026-03-20 13:01:56,403 INFO Progress | batches=861 | indexed=1,722,000/25,558,768 (6.7%) | failed=0 | rate=385/s | ETA=17:12:07
2026-03-20 13:02:11,406 INFO Progress | batches=864 | indexed=1,728,000/25,558,768 (6.8%) | failed=0 | rate=385/s | ETA=17:11:44
2026-03-20 13:02:26,426 INFO Progress | batches=867 | indexed=1,734,000/25,558,768 (6.8%) | failed=0 | rate=385/s | ETA=17:11:20
2026-03-20 13:02:41,429 INFO Progress | batches=871 | indexed=1,742,000/25,558,768 (6.8%) | failed=0 | rate=386/s | ETA=17:09:40
2026-03-20 13:02:56,436 INFO Progress | batches=874 | indexed=1,748,000/25,558,768 (6.8%) | failed=0 | rate=386/s | ETA=17:09:17
2026-03-20 13:03:11,439 INFO Progress | batches=877 | indexed=1,754,000/25,558,768 (6.9%) | failed=0 | rate=386/s | ETA=17:08:54
2026-03-20 13:03:26,442 INFO Progress | batches=880 | indexed=1,760,000/25,558,768 (6.9%) | failed=0 | rate=386/s | ETA=17:08:31
2026-03-20 13:03:41,451 INFO Progress | batches=883 | indexed=1,766,000/25,558,768 (6.9%) | failed=0 | rate=386/s | ETA=17:08:08
2026-03-20 13:03:56,460 INFO Progress | batches=885 | indexed=1,770,000/25,558,768 (6.9%) | failed=0 | rate=385/s | ETA=17:09:00
2026-03-20 13:04:11,468 INFO Progress | batches=888 | indexed=1,776,000/25,558,768 (6.9%) | failed=0 | rate=385/s | ETA=17:08:37
2026-03-20 13:04:26,474 INFO Progress | batches=891 | indexed=1,782,000/25,558,768 (7.0%) | failed=0 | rate=385/s | ETA=17:08:14
2026-03-20 13:04:41,479 INFO Progress | batches=894 | indexed=1,788,000/25,558,768 (7.0%) | failed=0 | rate=385/s | ETA=17:07:51
2026-03-20 13:04:56,484 INFO Progress | batches=896 | indexed=1,792,000/25,558,768 (7.0%) | failed=0 | rate=385/s | ETA=17:08:42
2026-03-20 13:05:11,493 INFO Progress | batches=900 | indexed=1,800,000/25,558,768 (7.0%) | failed=0 | rate=386/s | ETA=17:07:05
2026-03-20 13:05:26,503 INFO Progress | batches=903 | indexed=1,806,000/25,558,768 (7.1%) | failed=0 | rate=386/s | ETA=17:06:42
2026-03-20 13:05:41,514 INFO Progress | batches=908 | indexed=1,816,000/25,558,768 (7.1%) | failed=0 | rate=386/s | ETA=17:03:53
2026-03-20 13:05:56,520 INFO Progress | batches=910 | indexed=1,820,000/25,558,768 (7.1%) | failed=0 | rate=386/s | ETA=17:04:44
2026-03-20 13:06:11,527 INFO Progress | batches=914 | indexed=1,828,000/25,558,768 (7.2%) | failed=0 | rate=387/s | ETA=17:03:09
2026-03-20 13:06:26,532 INFO Progress | batches=917 | indexed=1,834,000/25,558,768 (7.2%) | failed=0 | rate=387/s | ETA=17:02:47
2026-03-20 13:06:41,544 INFO Progress | batches=919 | indexed=1,838,000/25,558,768 (7.2%) | failed=0 | rate=386/s | ETA=17:03:36
2026-03-20 13:06:56,562 INFO Progress | batches=923 | indexed=1,846,000/25,558,768 (7.2%) | failed=0 | rate=387/s | ETA=17:02:03
2026-03-20 13:07:11,565 INFO Progress | batches=927 | indexed=1,854,000/25,558,768 (7.3%) | failed=0 | rate=387/s | ETA=17:00:29
2026-03-20 13:07:26,782 INFO Progress | batches=929 | indexed=1,858,000/25,558,768 (7.3%) | failed=0 | rate=387/s | ETA=17:01:21
2026-03-20 13:07:41,800 INFO Progress | batches=932 | indexed=1,864,000/25,558,768 (7.3%) | failed=0 | rate=387/s | ETA=17:00:59
2026-03-20 13:07:56,811 INFO Progress | batches=934 | indexed=1,868,000/25,558,768 (7.3%) | failed=0 | rate=386/s | ETA=17:01:48
2026-03-20 13:08:11,814 INFO Progress | batches=937 | indexed=1,874,000/25,558,768 (7.3%) | failed=0 | rate=386/s | ETA=17:01:26
2026-03-20 13:08:26,821 INFO Progress | batches=940 | indexed=1,880,000/25,558,768 (7.4%) | failed=0 | rate=387/s | ETA=17:01:04
2026-03-20 13:08:41,826 INFO Progress | batches=943 | indexed=1,886,000/25,558,768 (7.4%) | failed=0 | rate=387/s | ETA=17:00:42
2026-03-20 13:08:56,845 INFO Progress | batches=946 | indexed=1,892,000/25,558,768 (7.4%) | failed=0 | rate=387/s | ETA=17:00:20
2026-03-20 13:09:12,098 INFO Progress | batches=949 | indexed=1,898,000/25,558,768 (7.4%) | failed=0 | rate=387/s | ETA=17:00:01
2026-03-20 13:09:27,108 INFO Progress | batches=951 | indexed=1,902,000/25,558,768 (7.4%) | failed=0 | rate=386/s | ETA=17:00:49
2026-03-20 13:09:42,118 INFO Progress | batches=956 | indexed=1,912,000/25,558,768 (7.5%) | failed=0 | rate=387/s | ETA=16:58:09
2026-03-20 13:09:57,283 INFO Progress | batches=958 | indexed=1,916,000/25,558,768 (7.5%) | failed=0 | rate=387/s | ETA=16:58:58
2026-03-20 13:10:12,298 INFO Progress | batches=961 | indexed=1,922,000/25,558,768 (7.5%) | failed=0 | rate=387/s | ETA=16:58:36
2026-03-20 13:10:27,310 INFO Progress | batches=965 | indexed=1,930,000/25,558,768 (7.6%) | failed=0 | rate=387/s | ETA=16:57:06
2026-03-20 13:10:42,318 INFO Progress | batches=967 | indexed=1,934,000/25,558,768 (7.6%) | failed=0 | rate=387/s | ETA=16:57:53
2026-03-20 13:10:57,321 INFO Progress | batches=970 | indexed=1,940,000/25,558,768 (7.6%) | failed=0 | rate=387/s | ETA=16:57:31
2026-03-20 13:11:12,332 INFO Progress | batches=973 | indexed=1,946,000/25,558,768 (7.6%) | failed=0 | rate=387/s | ETA=16:57:10
2026-03-20 13:11:27,347 INFO Progress | batches=976 | indexed=1,952,000/25,558,768 (7.6%) | failed=0 | rate=387/s | ETA=16:56:48
2026-03-20 13:11:42,370 INFO Progress | batches=980 | indexed=1,960,000/25,558,768 (7.7%) | failed=0 | rate=387/s | ETA=16:55:19
2026-03-20 13:11:57,388 INFO Progress | batches=983 | indexed=1,966,000/25,558,768 (7.7%) | failed=0 | rate=387/s | ETA=16:54:58
2026-03-20 13:12:12,398 INFO Progress | batches=986 | indexed=1,972,000/25,558,768 (7.7%) | failed=0 | rate=387/s | ETA=16:54:37
2026-03-20 13:12:27,405 INFO Progress | batches=989 | indexed=1,978,000/25,558,768 (7.7%) | failed=0 | rate=387/s | ETA=16:54:16
2026-03-20 13:12:42,410 INFO Progress | batches=992 | indexed=1,984,000/25,558,768 (7.8%) | failed=0 | rate=388/s | ETA=16:53:55
2026-03-20 13:12:57,416 INFO Progress | batches=994 | indexed=1,988,000/25,558,768 (7.8%) | failed=0 | rate=387/s | ETA=16:54:40
2026-03-20 13:13:12,427 INFO Progress | batches=998 | indexed=1,996,000/25,558,768 (7.8%) | failed=0 | rate=388/s | ETA=16:53:12
2026-03-20 13:13:27,435 INFO Progress | batches=1001 | indexed=2,002,000/25,558,768 (7.8%) | failed=0 | rate=388/s | ETA=16:52:51
2026-03-20 13:13:42,439 INFO Progress | batches=1003 | indexed=2,006,000/25,558,768 (7.8%) | failed=0 | rate=387/s | ETA=16:53:36
2026-03-20 13:13:57,455 INFO Progress | batches=1005 | indexed=2,010,000/25,558,768 (7.9%) | failed=0 | rate=387/s | ETA=16:54:21
2026-03-20 13:14:12,457 INFO Progress | batches=1006 | indexed=2,012,000/25,558,768 (7.9%) | failed=0 | rate=386/s | ETA=16:56:11
2026-03-20 13:14:27,470 INFO Progress | batches=1006 | indexed=2,012,000/25,558,768 (7.9%) | failed=0 | rate=385/s | ETA=16:59:06
2026-03-20 13:14:42,477 INFO Progress | batches=1011 | indexed=2,022,000/25,558,768 (7.9%) | failed=0 | rate=386/s | ETA=16:56:33
2026-03-20 13:14:57,480 INFO Progress | batches=1014 | indexed=2,028,000/25,558,768 (7.9%) | failed=0 | rate=386/s | ETA=16:56:11
2026-03-20 13:15:12,491 INFO Progress | batches=1016 | indexed=2,032,000/25,558,768 (8.0%) | failed=0 | rate=386/s | ETA=16:56:54
2026-03-20 13:15:27,499 INFO Progress | batches=1021 | indexed=2,042,000/25,558,768 (8.0%) | failed=0 | rate=386/s | ETA=16:54:23
2026-03-20 13:15:42,511 INFO Progress | batches=1023 | indexed=2,046,000/25,558,768 (8.0%) | failed=0 | rate=386/s | ETA=16:55:06
2026-03-20 13:15:57,542 INFO Progress | batches=1026 | indexed=2,052,000/25,558,768 (8.0%) | failed=0 | rate=386/s | ETA=16:54:44
2026-03-20 13:16:12,544 INFO Progress | batches=1030 | indexed=2,060,000/25,558,768 (8.1%) | failed=0 | rate=386/s | ETA=16:53:18
2026-03-20 13:16:27,547 INFO Progress | batches=1033 | indexed=2,066,000/25,558,768 (8.1%) | failed=0 | rate=387/s | ETA=16:52:57
2026-03-20 13:16:42,555 INFO Progress | batches=1036 | indexed=2,072,000/25,558,768 (8.1%) | failed=0 | rate=387/s | ETA=16:52:36
2026-03-20 13:16:57,565 INFO Progress | batches=1039 | indexed=2,078,000/25,558,768 (8.1%) | failed=0 | rate=387/s | ETA=16:52:14
2026-03-20 13:17:12,568 INFO Progress | batches=1042 | indexed=2,084,000/25,558,768 (8.2%) | failed=0 | rate=387/s | ETA=16:51:53
2026-03-20 13:17:27,577 INFO Progress | batches=1046 | indexed=2,092,000/25,558,768 (8.2%) | failed=0 | rate=387/s | ETA=16:50:29
2026-03-20 13:17:42,587 INFO Progress | batches=1048 | indexed=2,096,000/25,558,768 (8.2%) | failed=0 | rate=387/s | ETA=16:51:11
2026-03-20 13:17:57,597 INFO Progress | batches=1052 | indexed=2,104,000/25,558,768 (8.2%) | failed=0 | rate=387/s | ETA=16:49:47
2026-03-20 13:18:12,608 INFO Progress | batches=1054 | indexed=2,108,000/25,558,768 (8.2%) | failed=0 | rate=387/s | ETA=16:50:28
2026-03-20 13:18:27,617 INFO Progress | batches=1058 | indexed=2,116,000/25,558,768 (8.3%) | failed=0 | rate=387/s | ETA=16:49:05
2026-03-20 13:18:42,623 INFO Progress | batches=1060 | indexed=2,120,000/25,558,768 (8.3%) | failed=0 | rate=387/s | ETA=16:49:46
2026-03-20 13:18:57,627 INFO Progress | batches=1062 | indexed=2,124,000/25,558,768 (8.3%) | failed=0 | rate=387/s | ETA=16:50:27
2026-03-20 13:19:12,637 INFO Progress | batches=1065 | indexed=2,130,000/25,558,768 (8.3%) | failed=0 | rate=387/s | ETA=16:50:06
2026-03-20 13:19:27,648 INFO Progress | batches=1068 | indexed=2,136,000/25,558,768 (8.4%) | failed=0 | rate=387/s | ETA=16:49:45
2026-03-20 13:19:42,665 INFO Progress | batches=1072 | indexed=2,144,000/25,558,768 (8.4%) | failed=0 | rate=387/s | ETA=16:48:22
2026-03-20 13:19:57,669 INFO Progress | batches=1075 | indexed=2,150,000/25,558,768 (8.4%) | failed=0 | rate=387/s | ETA=16:48:01
2026-03-20 13:20:12,677 INFO Progress | batches=1076 | indexed=2,152,000/25,558,768 (8.4%) | failed=0 | rate=386/s | ETA=16:49:43
2026-03-20 13:20:27,687 INFO Progress | batches=1080 | indexed=2,160,000/25,558,768 (8.5%) | failed=0 | rate=387/s | ETA=16:48:21
2026-03-20 13:20:42,692 INFO Progress | batches=1083 | indexed=2,166,000/25,558,768 (8.5%) | failed=0 | rate=387/s | ETA=16:48:00
2026-03-20 13:20:57,698 INFO Progress | batches=1085 | indexed=2,170,000/25,558,768 (8.5%) | failed=0 | rate=386/s | ETA=16:48:40
2026-03-20 13:21:12,709 INFO Progress | batches=1089 | indexed=2,178,000/25,558,768 (8.5%) | failed=0 | rate=387/s | ETA=16:47:18
2026-03-20 13:21:27,714 INFO Progress | batches=1093 | indexed=2,186,000/25,558,768 (8.6%) | failed=0 | rate=387/s | ETA=16:45:57
2026-03-20 13:21:42,726 INFO Progress | batches=1096 | indexed=2,192,000/25,558,768 (8.6%) | failed=0 | rate=387/s | ETA=16:45:36
2026-03-20 13:21:57,736 INFO Progress | batches=1098 | indexed=2,196,000/25,558,768 (8.6%) | failed=0 | rate=387/s | ETA=16:46:15
2026-03-20 13:22:12,740 INFO Progress | batches=1102 | indexed=2,204,000/25,558,768 (8.6%) | failed=0 | rate=387/s | ETA=16:44:55
2026-03-20 13:22:27,749 INFO Progress | batches=1103 | indexed=2,206,000/25,558,768 (8.6%) | failed=0 | rate=387/s | ETA=16:46:34
2026-03-20 13:22:42,750 INFO Progress | batches=1105 | indexed=2,210,000/25,558,768 (8.6%) | failed=0 | rate=386/s | ETA=16:47:13
2026-03-20 13:22:57,752 INFO Progress | batches=1108 | indexed=2,216,000/25,558,768 (8.7%) | failed=0 | rate=386/s | ETA=16:46:51
2026-03-20 13:23:12,758 INFO Progress | batches=1111 | indexed=2,222,000/25,558,768 (8.7%) | failed=0 | rate=386/s | ETA=16:46:30
2026-03-20 13:23:27,776 INFO Progress | batches=1114 | indexed=2,228,000/25,558,768 (8.7%) | failed=0 | rate=386/s | ETA=16:46:10
2026-03-20 13:23:42,785 INFO Progress | batches=1116 | indexed=2,232,000/25,558,768 (8.7%) | failed=0 | rate=386/s | ETA=16:46:48
2026-03-20 13:23:57,787 INFO Progress | batches=1120 | indexed=2,240,000/25,558,768 (8.8%) | failed=0 | rate=387/s | ETA=16:45:28
2026-03-20 13:24:12,790 INFO Progress | batches=1122 | indexed=2,244,000/25,558,768 (8.8%) | failed=0 | rate=386/s | ETA=16:46:06
2026-03-20 13:24:27,800 INFO Progress | batches=1126 | indexed=2,252,000/25,558,768 (8.8%) | failed=0 | rate=387/s | ETA=16:44:46
2026-03-20 13:24:42,811 INFO Progress | batches=1128 | indexed=2,256,000/25,558,768 (8.8%) | failed=0 | rate=386/s | ETA=16:45:24
2026-03-20 13:24:57,824 INFO Progress | batches=1131 | indexed=2,262,000/25,558,768 (8.9%) | failed=0 | rate=386/s | ETA=16:45:03
2026-03-20 13:25:12,860 INFO Progress | batches=1135 | indexed=2,270,000/25,558,768 (8.9%) | failed=0 | rate=387/s | ETA=16:43:44
2026-03-20 13:25:27,862 INFO Progress | batches=1137 | indexed=2,274,000/25,558,768 (8.9%) | failed=0 | rate=386/s | ETA=16:44:21
2026-03-20 13:25:42,868 INFO Progress | batches=1141 | indexed=2,282,000/25,558,768 (8.9%) | failed=0 | rate=387/s | ETA=16:43:03
2026-03-20 13:25:57,875 INFO Progress | batches=1143 | indexed=2,286,000/25,558,768 (8.9%) | failed=0 | rate=386/s | ETA=16:43:40
2026-03-20 13:26:12,879 INFO Progress | batches=1146 | indexed=2,292,000/25,558,768 (9.0%) | failed=0 | rate=386/s | ETA=16:43:19
2026-03-20 13:26:27,885 INFO Progress | batches=1150 | indexed=2,300,000/25,558,768 (9.0%) | failed=0 | rate=387/s | ETA=16:42:01
2026-03-20 13:26:42,895 INFO Progress | batches=1153 | indexed=2,306,000/25,558,768 (9.0%) | failed=0 | rate=387/s | ETA=16:41:40
2026-03-20 13:26:57,902 INFO Progress | batches=1155 | indexed=2,310,000/25,558,768 (9.0%) | failed=0 | rate=387/s | ETA=16:42:17
2026-03-20 13:27:12,910 INFO Progress | batches=1158 | indexed=2,316,000/25,558,768 (9.1%) | failed=0 | rate=387/s | ETA=16:41:56
2026-03-20 13:27:27,957 INFO Progress | batches=1160 | indexed=2,320,000/25,558,768 (9.1%) | failed=0 | rate=386/s | ETA=16:42:33
2026-03-20 13:27:42,967 INFO Progress | batches=1164 | indexed=2,328,000/25,558,768 (9.1%) | failed=0 | rate=387/s | ETA=16:41:15
2026-03-20 13:27:57,978 INFO Progress | batches=1168 | indexed=2,336,000/25,558,768 (9.1%) | failed=0 | rate=387/s | ETA=16:39:58
2026-03-20 13:28:13,167 INFO Progress | batches=1171 | indexed=2,342,000/25,558,768 (9.2%) | failed=0 | rate=387/s | ETA=16:39:40
2026-03-20 13:28:28,225 INFO Progress | batches=1174 | indexed=2,348,000/25,558,768 (9.2%) | failed=0 | rate=387/s | ETA=16:39:20
2026-03-20 13:28:43,226 INFO Progress | batches=1177 | indexed=2,354,000/25,558,768 (9.2%) | failed=0 | rate=387/s | ETA=16:38:59
2026-03-20 13:28:58,250 INFO Progress | batches=1179 | indexed=2,358,000/25,558,768 (9.2%) | failed=0 | rate=387/s | ETA=16:39:35
2026-03-20 13:29:13,259 INFO Progress | batches=1181 | indexed=2,362,000/25,558,768 (9.2%) | failed=0 | rate=387/s | ETA=16:40:11
2026-03-20 13:29:28,268 INFO Progress | batches=1182 | indexed=2,364,000/25,558,768 (9.2%) | failed=0 | rate=386/s | ETA=16:41:42
2026-03-20 13:29:43,278 INFO Progress | batches=1187 | indexed=2,374,000/25,558,768 (9.3%) | failed=0 | rate=387/s | ETA=16:39:30
2026-03-20 13:29:58,282 INFO Progress | batches=1189 | indexed=2,378,000/25,558,768 (9.3%) | failed=0 | rate=386/s | ETA=16:40:05
2026-03-20 13:30:13,284 INFO Progress | batches=1192 | indexed=2,384,000/25,558,768 (9.3%) | failed=0 | rate=386/s | ETA=16:39:44
2026-03-20 13:30:28,289 INFO Progress | batches=1195 | indexed=2,390,000/25,558,768 (9.4%) | failed=0 | rate=386/s | ETA=16:39:23
2026-03-20 13:30:43,293 INFO Progress | batches=1198 | indexed=2,396,000/25,558,768 (9.4%) | failed=0 | rate=386/s | ETA=16:39:03
2026-03-20 13:30:58,301 INFO Progress | batches=1200 | indexed=2,400,000/25,558,768 (9.4%) | failed=0 | rate=386/s | ETA=16:39:37
2026-03-20 13:31:13,307 INFO Progress | batches=1205 | indexed=2,410,000/25,558,768 (9.4%) | failed=0 | rate=387/s | ETA=16:37:27
2026-03-20 13:31:28,318 INFO Progress | batches=1207 | indexed=2,414,000/25,558,768 (9.4%) | failed=0 | rate=387/s | ETA=16:38:01
2026-03-20 13:31:43,326 INFO Progress | batches=1209 | indexed=2,418,000/25,558,768 (9.5%) | failed=0 | rate=386/s | ETA=16:38:35
2026-03-20 13:31:58,328 INFO Progress | batches=1212 | indexed=2,424,000/25,558,768 (9.5%) | failed=0 | rate=386/s | ETA=16:38:15
2026-03-20 13:32:13,335 INFO Progress | batches=1215 | indexed=2,430,000/25,558,768 (9.5%) | failed=0 | rate=386/s | ETA=16:37:54
2026-03-20 13:32:28,343 INFO Progress | batches=1218 | indexed=2,436,000/25,558,768 (9.5%) | failed=0 | rate=386/s | ETA=16:37:34
2026-03-20 13:32:43,346 INFO Progress | batches=1222 | indexed=2,444,000/25,558,768 (9.6%) | failed=0 | rate=387/s | ETA=16:36:19
2026-03-20 13:32:58,353 INFO Progress | batches=1224 | indexed=2,448,000/25,558,768 (9.6%) | failed=0 | rate=386/s | ETA=16:36:53
2026-03-20 13:33:13,361 INFO Progress | batches=1228 | indexed=2,456,000/25,558,768 (9.6%) | failed=0 | rate=387/s | ETA=16:35:38
2026-03-20 13:33:28,377 INFO Progress | batches=1232 | indexed=2,464,000/25,558,768 (9.6%) | failed=0 | rate=387/s | ETA=16:34:25
2026-03-20 13:33:43,402 INFO Progress | batches=1235 | indexed=2,470,000/25,558,768 (9.7%) | failed=0 | rate=387/s | ETA=16:34:05
2026-03-20 13:33:58,403 INFO Progress | batches=1237 | indexed=2,474,000/25,558,768 (9.7%) | failed=0 | rate=387/s | ETA=16:34:38
2026-03-20 13:34:13,553 INFO Progress | batches=1241 | indexed=2,482,000/25,558,768 (9.7%) | failed=0 | rate=387/s | ETA=16:33:26
2026-03-20 13:34:28,609 INFO Progress | batches=1244 | indexed=2,488,000/25,558,768 (9.7%) | failed=0 | rate=387/s | ETA=16:33:06
2026-03-20 13:34:43,777 INFO Progress | batches=1247 | indexed=2,494,000/25,558,768 (9.8%) | failed=0 | rate=387/s | ETA=16:32:48
2026-03-20 13:34:58,803 INFO Progress | batches=1250 | indexed=2,500,000/25,558,768 (9.8%) | failed=0 | rate=387/s | ETA=16:32:28
2026-03-20 13:35:13,807 INFO Progress | batches=1253 | indexed=2,506,000/25,558,768 (9.8%) | failed=0 | rate=387/s | ETA=16:32:08
2026-03-20 13:35:28,809 INFO Progress | batches=1256 | indexed=2,512,000/25,558,768 (9.8%) | failed=0 | rate=387/s | ETA=16:31:48
2026-03-20 13:35:43,814 INFO Progress | batches=1259 | indexed=2,518,000/25,558,768 (9.9%) | failed=0 | rate=387/s | ETA=16:31:28
2026-03-20 13:35:58,833 INFO Progress | batches=1262 | indexed=2,524,000/25,558,768 (9.9%) | failed=0 | rate=387/s | ETA=16:31:08
2026-03-20 13:36:13,839 INFO Progress | batches=1265 | indexed=2,530,000/25,558,768 (9.9%) | failed=0 | rate=387/s | ETA=16:30:48
2026-03-20 13:36:28,847 INFO Progress | batches=1269 | indexed=2,538,000/25,558,768 (9.9%) | failed=0 | rate=388/s | ETA=16:29:36
2026-03-20 13:36:43,850 INFO Progress | batches=1272 | indexed=2,544,000/25,558,768 (10.0%) | failed=0 | rate=388/s | ETA=16:29:17
2026-03-20 13:36:58,861 INFO Progress | batches=1274 | indexed=2,548,000/25,558,768 (10.0%) | failed=0 | rate=387/s | ETA=16:29:49
2026-03-20 13:37:13,867 INFO Progress | batches=1277 | indexed=2,554,000/25,558,768 (10.0%) | failed=0 | rate=387/s | ETA=16:29:29
2026-03-20 13:37:28,886 INFO Progress | batches=1278 | indexed=2,556,000/25,558,768 (10.0%) | failed=0 | rate=387/s | ETA=16:30:52
2026-03-20 13:37:43,897 INFO Progress | batches=1283 | indexed=2,566,000/25,558,768 (10.0%) | failed=0 | rate=388/s | ETA=16:28:49
2026-03-20 13:37:58,900 INFO Progress | batches=1286 | indexed=2,572,000/25,558,768 (10.1%) | failed=0 | rate=388/s | ETA=16:28:30
2026-03-20 13:38:13,912 INFO Progress | batches=1287 | indexed=2,574,000/25,558,768 (10.1%) | failed=0 | rate=387/s | ETA=16:29:52
2026-03-20 13:38:28,922 INFO Progress | batches=1292 | indexed=2,584,000/25,558,768 (10.1%) | failed=0 | rate=388/s | ETA=16:27:50
2026-03-20 13:38:43,933 INFO Progress | batches=1296 | indexed=2,592,000/25,558,768 (10.1%) | failed=0 | rate=388/s | ETA=16:26:40
2026-03-20 13:38:58,944 INFO Progress | batches=1298 | indexed=2,596,000/25,558,768 (10.2%) | failed=0 | rate=388/s | ETA=16:27:11
2026-03-20 13:39:13,947 INFO Progress | batches=1301 | indexed=2,602,000/25,558,768 (10.2%) | failed=0 | rate=388/s | ETA=16:26:51
2026-03-20 13:39:28,954 INFO Progress | batches=1304 | indexed=2,608,000/25,558,768 (10.2%) | failed=0 | rate=388/s | ETA=16:26:32
2026-03-20 13:39:43,965 INFO Progress | batches=1306 | indexed=2,612,000/25,558,768 (10.2%) | failed=0 | rate=387/s | ETA=16:27:03
2026-03-20 13:39:58,976 INFO Progress | batches=1309 | indexed=2,618,000/25,558,768 (10.2%) | failed=0 | rate=387/s | ETA=16:26:43
2026-03-20 13:40:13,981 INFO Progress | batches=1313 | indexed=2,626,000/25,558,768 (10.3%) | failed=0 | rate=388/s | ETA=16:25:33
2026-03-20 13:40:28,983 INFO Progress | batches=1314 | indexed=2,628,000/25,558,768 (10.3%) | failed=0 | rate=387/s | ETA=16:26:54
2026-03-20 13:40:43,994 INFO Progress | batches=1319 | indexed=2,638,000/25,558,768 (10.3%) | failed=0 | rate=388/s | ETA=16:24:54
2026-03-20 13:40:58,996 INFO Progress | batches=1322 | indexed=2,644,000/25,558,768 (10.3%) | failed=0 | rate=388/s | ETA=16:24:35
2026-03-20 13:41:13,999 INFO Progress | batches=1325 | indexed=2,650,000/25,558,768 (10.4%) | failed=0 | rate=388/s | ETA=16:24:15
2026-03-20 13:41:29,009 INFO Progress | batches=1329 | indexed=2,658,000/25,558,768 (10.4%) | failed=0 | rate=388/s | ETA=16:23:06
2026-03-20 13:41:44,012 INFO Progress | batches=1331 | indexed=2,662,000/25,558,768 (10.4%) | failed=0 | rate=388/s | ETA=16:23:36
2026-03-20 13:41:59,018 INFO Progress | batches=1334 | indexed=2,668,000/25,558,768 (10.4%) | failed=0 | rate=388/s | ETA=16:23:17
2026-03-20 13:42:14,030 INFO Progress | batches=1337 | indexed=2,674,000/25,558,768 (10.5%) | failed=0 | rate=388/s | ETA=16:22:58
2026-03-20 13:42:29,045 INFO Progress | batches=1340 | indexed=2,680,000/25,558,768 (10.5%) | failed=0 | rate=388/s | ETA=16:22:38
2026-03-20 13:42:44,051 INFO Progress | batches=1343 | indexed=2,686,000/25,558,768 (10.5%) | failed=0 | rate=388/s | ETA=16:22:19
2026-03-20 13:42:59,054 INFO Progress | batches=1345 | indexed=2,690,000/25,558,768 (10.5%) | failed=0 | rate=388/s | ETA=16:22:49
2026-03-20 13:43:14,057 INFO Progress | batches=1349 | indexed=2,698,000/25,558,768 (10.6%) | failed=0 | rate=388/s | ETA=16:21:40
2026-03-20 13:43:29,062 INFO Progress | batches=1352 | indexed=2,704,000/25,558,768 (10.6%) | failed=0 | rate=388/s | ETA=16:21:21
2026-03-20 13:43:44,072 INFO Progress | batches=1355 | indexed=2,710,000/25,558,768 (10.6%) | failed=0 | rate=388/s | ETA=16:21:02
2026-03-20 13:43:59,083 INFO Progress | batches=1358 | indexed=2,716,000/25,558,768 (10.6%) | failed=0 | rate=388/s | ETA=16:20:43
2026-03-20 13:44:14,088 INFO Progress | batches=1361 | indexed=2,722,000/25,558,768 (10.6%) | failed=0 | rate=388/s | ETA=16:20:23
2026-03-20 13:44:29,093 INFO Progress | batches=1363 | indexed=2,726,000/25,558,768 (10.7%) | failed=0 | rate=388/s | ETA=16:20:52
2026-03-20 13:44:44,101 INFO Progress | batches=1367 | indexed=2,734,000/25,558,768 (10.7%) | failed=0 | rate=388/s | ETA=16:19:45
2026-03-20 13:44:59,105 INFO Progress | batches=1369 | indexed=2,738,000/25,558,768 (10.7%) | failed=0 | rate=388/s | ETA=16:20:14
2026-03-20 13:45:14,115 INFO Progress | batches=1372 | indexed=2,744,000/25,558,768 (10.7%) | failed=0 | rate=388/s | ETA=16:19:55
2026-03-20 13:45:29,119 INFO Progress | batches=1375 | indexed=2,750,000/25,558,768 (10.8%) | failed=0 | rate=388/s | ETA=16:19:35
2026-03-20 13:45:44,120 INFO Progress | batches=1378 | indexed=2,756,000/25,558,768 (10.8%) | failed=0 | rate=388/s | ETA=16:19:16
2026-03-20 13:45:59,131 INFO Progress | batches=1382 | indexed=2,764,000/25,558,768 (10.8%) | failed=0 | rate=388/s | ETA=16:18:09
2026-03-20 13:46:14,136 INFO Progress | batches=1384 | indexed=2,768,000/25,558,768 (10.8%) | failed=0 | rate=388/s | ETA=16:18:38
2026-03-20 13:46:29,142 INFO Progress | batches=1387 | indexed=2,774,000/25,558,768 (10.9%) | failed=0 | rate=388/s | ETA=16:18:18
2026-03-20 13:46:44,148 INFO Progress | batches=1391 | indexed=2,782,000/25,558,768 (10.9%) | failed=0 | rate=388/s | ETA=16:17:12
2026-03-20 13:46:59,155 INFO Progress | batches=1394 | indexed=2,788,000/25,558,768 (10.9%) | failed=0 | rate=388/s | ETA=16:16:53
2026-03-20 13:47:14,188 INFO Progress | batches=1396 | indexed=2,792,000/25,558,768 (10.9%) | failed=0 | rate=388/s | ETA=16:17:21
2026-03-20 13:47:29,207 INFO Progress | batches=1399 | indexed=2,798,000/25,558,768 (10.9%) | failed=0 | rate=388/s | ETA=16:17:02
2026-03-20 13:47:44,331 INFO Progress | batches=1401 | indexed=2,802,000/25,558,768 (11.0%) | failed=0 | rate=388/s | ETA=16:17:31
2026-03-20 13:47:59,349 INFO Progress | batches=1405 | indexed=2,810,000/25,558,768 (11.0%) | failed=0 | rate=388/s | ETA=16:16:25
2026-03-20 13:48:14,352 INFO Progress | batches=1407 | indexed=2,814,000/25,558,768 (11.0%) | failed=0 | rate=388/s | ETA=16:16:53
2026-03-20 13:48:29,358 INFO Progress | batches=1410 | indexed=2,820,000/25,558,768 (11.0%) | failed=0 | rate=388/s | ETA=16:16:34
2026-03-20 13:48:44,364 INFO Progress | batches=1413 | indexed=2,826,000/25,558,768 (11.1%) | failed=0 | rate=388/s | ETA=16:16:15
2026-03-20 13:48:59,369 INFO Progress | batches=1416 | indexed=2,832,000/25,558,768 (11.1%) | failed=0 | rate=388/s | ETA=16:15:56
2026-03-20 13:49:14,376 INFO Progress | batches=1417 | indexed=2,834,000/25,558,768 (11.1%) | failed=0 | rate=388/s | ETA=16:17:09
2026-03-20 13:49:29,382 INFO Progress | batches=1421 | indexed=2,842,000/25,558,768 (11.1%) | failed=0 | rate=388/s | ETA=16:16:04
2026-03-20 13:49:44,384 INFO Progress | batches=1424 | indexed=2,848,000/25,558,768 (11.1%) | failed=0 | rate=388/s | ETA=16:15:45
2026-03-20 13:49:59,388 INFO Progress | batches=1426 | indexed=2,852,000/25,558,768 (11.2%) | failed=0 | rate=388/s | ETA=16:16:12
2026-03-20 13:50:14,395 INFO Progress | batches=1430 | indexed=2,860,000/25,558,768 (11.2%) | failed=0 | rate=388/s | ETA=16:15:06
2026-03-20 13:50:29,413 INFO Progress | batches=1432 | indexed=2,864,000/25,558,768 (11.2%) | failed=0 | rate=388/s | ETA=16:15:33
2026-03-20 13:50:44,430 INFO Progress | batches=1434 | indexed=2,868,000/25,558,768 (11.2%) | failed=0 | rate=387/s | ETA=16:16:00
2026-03-20 13:50:59,432 INFO Progress | batches=1438 | indexed=2,876,000/25,558,768 (11.3%) | failed=0 | rate=388/s | ETA=16:14:55
2026-03-20 13:51:14,435 INFO Progress | batches=1441 | indexed=2,882,000/25,558,768 (11.3%) | failed=0 | rate=388/s | ETA=16:14:36
2026-03-20 13:51:29,438 INFO Progress | batches=1443 | indexed=2,886,000/25,558,768 (11.3%) | failed=0 | rate=388/s | ETA=16:15:02
2026-03-20 13:51:44,440 INFO Progress | batches=1445 | indexed=2,890,000/25,558,768 (11.3%) | failed=0 | rate=387/s | ETA=16:15:29
2026-03-20 13:51:59,445 INFO Progress | batches=1447 | indexed=2,894,000/25,558,768 (11.3%) | failed=0 | rate=387/s | ETA=16:15:55
2026-03-20 13:52:14,454 INFO Progress | batches=1452 | indexed=2,904,000/25,558,768 (11.4%) | failed=0 | rate=388/s | ETA=16:14:05
2026-03-20 13:52:29,459 INFO Progress | batches=1453 | indexed=2,906,000/25,558,768 (11.4%) | failed=0 | rate=387/s | ETA=16:15:16
2026-03-20 13:52:44,466 INFO Progress | batches=1456 | indexed=2,912,000/25,558,768 (11.4%) | failed=0 | rate=387/s | ETA=16:14:57
2026-03-20 13:52:59,467 INFO Progress | batches=1459 | indexed=2,918,000/25,558,768 (11.4%) | failed=0 | rate=387/s | ETA=16:14:38
2026-03-20 13:53:14,475 INFO Progress | batches=1461 | indexed=2,922,000/25,558,768 (11.4%) | failed=0 | rate=387/s | ETA=16:15:03
2026-03-20 13:53:29,479 INFO Progress | batches=1464 | indexed=2,928,000/25,558,768 (11.5%) | failed=0 | rate=387/s | ETA=16:14:44
2026-03-20 13:53:44,486 INFO Progress | batches=1465 | indexed=2,930,000/25,558,768 (11.5%) | failed=0 | rate=386/s | ETA=16:15:55
2026-03-20 13:53:59,488 INFO Progress | batches=1469 | indexed=2,938,000/25,558,768 (11.5%) | failed=0 | rate=387/s | ETA=16:14:50
2026-03-20 13:54:14,692 INFO Progress | batches=1471 | indexed=2,942,000/25,558,768 (11.5%) | failed=0 | rate=386/s | ETA=16:15:17
2026-03-20 13:54:29,704 INFO Progress | batches=1475 | indexed=2,950,000/25,558,768 (11.5%) | failed=0 | rate=387/s | ETA=16:14:13
2026-03-20 13:54:44,731 INFO Progress | batches=1477 | indexed=2,954,000/25,558,768 (11.6%) | failed=0 | rate=387/s | ETA=16:14:39
2026-03-20 13:54:59,743 INFO Progress | batches=1481 | indexed=2,962,000/25,558,768 (11.6%) | failed=0 | rate=387/s | ETA=16:13:35
2026-03-20 13:55:14,764 INFO Progress | batches=1482 | indexed=2,964,000/25,558,768 (11.6%) | failed=0 | rate=386/s | ETA=16:14:44
2026-03-20 13:55:29,925 INFO Progress | batches=1485 | indexed=2,970,000/25,558,768 (11.6%) | failed=0 | rate=386/s | ETA=16:14:26
2026-03-20 13:55:44,961 INFO Progress | batches=1488 | indexed=2,976,000/25,558,768 (11.6%) | failed=0 | rate=386/s | ETA=16:14:07
2026-03-20 13:55:59,974 INFO Progress | batches=1491 | indexed=2,982,000/25,558,768 (11.7%) | failed=0 | rate=386/s | ETA=16:13:47
2026-03-20 13:56:14,979 INFO Progress | batches=1494 | indexed=2,988,000/25,558,768 (11.7%) | failed=0 | rate=386/s | ETA=16:13:28
2026-03-20 13:56:29,981 INFO Progress | batches=1497 | indexed=2,994,000/25,558,768 (11.7%) | failed=0 | rate=386/s | ETA=16:13:08
2026-03-20 13:56:44,988 INFO Progress | batches=1500 | indexed=3,000,000/25,558,768 (11.7%) | failed=0 | rate=386/s | ETA=16:12:49
2026-03-20 13:56:59,995 INFO Progress | batches=1502 | indexed=3,004,000/25,558,768 (11.8%) | failed=0 | rate=386/s | ETA=16:13:14
2026-03-20 13:57:15,001 INFO Progress | batches=1505 | indexed=3,010,000/25,558,768 (11.8%) | failed=0 | rate=386/s | ETA=16:12:54
2026-03-20 13:57:30,007 INFO Progress | batches=1509 | indexed=3,018,000/25,558,768 (11.8%) | failed=0 | rate=387/s | ETA=16:11:51
2026-03-20 13:57:45,024 INFO Progress | batches=1510 | indexed=3,020,000/25,558,768 (11.8%) | failed=0 | rate=386/s | ETA=16:12:59
2026-03-20 13:58:00,027 INFO Progress | batches=1511 | indexed=3,022,000/25,558,768 (11.8%) | failed=0 | rate=386/s | ETA=16:14:07
2026-03-20 13:58:15,033 INFO Progress | batches=1515 | indexed=3,030,000/25,558,768 (11.9%) | failed=0 | rate=386/s | ETA=16:13:04
2026-03-20 13:58:30,037 INFO Progress | batches=1517 | indexed=3,034,000/25,558,768 (11.9%) | failed=0 | rate=386/s | ETA=16:13:28
2026-03-20 13:58:45,049 INFO Progress | batches=1519 | indexed=3,038,000/25,558,768 (11.9%) | failed=0 | rate=385/s | ETA=16:13:52
2026-03-20 13:59:00,076 INFO Progress | batches=1523 | indexed=3,046,000/25,558,768 (11.9%) | failed=0 | rate=386/s | ETA=16:12:49
2026-03-20 13:59:15,216 INFO Progress | batches=1526 | indexed=3,052,000/25,558,768 (11.9%) | failed=0 | rate=386/s | ETA=16:12:30
2026-03-20 13:59:30,243 INFO Progress | batches=1528 | indexed=3,056,000/25,558,768 (12.0%) | failed=0 | rate=385/s | ETA=16:12:54
2026-03-20 13:59:45,246 INFO Progress | batches=1532 | indexed=3,064,000/25,558,768 (12.0%) | failed=0 | rate=386/s | ETA=16:11:51
2026-03-20 14:00:00,266 INFO Progress | batches=1534 | indexed=3,068,000/25,558,768 (12.0%) | failed=0 | rate=386/s | ETA=16:12:15
2026-03-20 14:00:15,276 INFO Progress | batches=1538 | indexed=3,076,000/25,558,768 (12.0%) | failed=0 | rate=386/s | ETA=16:11:12
2026-03-20 14:00:30,279 INFO Progress | batches=1540 | indexed=3,080,000/25,558,768 (12.1%) | failed=0 | rate=386/s | ETA=16:11:36
2026-03-20 14:00:45,280 INFO Progress | batches=1544 | indexed=3,088,000/25,558,768 (12.1%) | failed=0 | rate=386/s | ETA=16:10:33
2026-03-20 14:01:00,319 INFO Progress | batches=1548 | indexed=3,096,000/25,558,768 (12.1%) | failed=0 | rate=386/s | ETA=16:09:31
2026-03-20 14:01:15,333 INFO Progress | batches=1551 | indexed=3,102,000/25,558,768 (12.1%) | failed=0 | rate=386/s | ETA=16:09:12
2026-03-20 14:01:30,335 INFO Progress | batches=1554 | indexed=3,108,000/25,558,768 (12.2%) | failed=0 | rate=386/s | ETA=16:08:52
2026-03-20 14:01:45,341 INFO Progress | batches=1557 | indexed=3,114,000/25,558,768 (12.2%) | failed=0 | rate=386/s | ETA=16:08:33
2026-03-20 14:02:00,348 INFO Progress | batches=1559 | indexed=3,118,000/25,558,768 (12.2%) | failed=0 | rate=386/s | ETA=16:08:56
2026-03-20 14:02:15,366 INFO Progress | batches=1562 | indexed=3,124,000/25,558,768 (12.2%) | failed=0 | rate=386/s | ETA=16:08:37
2026-03-20 14:02:30,369 INFO Progress | batches=1567 | indexed=3,134,000/25,558,768 (12.3%) | failed=0 | rate=387/s | ETA=16:06:53
2026-03-20 14:02:45,373 INFO Progress | batches=1568 | indexed=3,136,000/25,558,768 (12.3%) | failed=0 | rate=386/s | ETA=16:07:58
2026-03-20 14:03:00,379 INFO Progress | batches=1571 | indexed=3,142,000/25,558,768 (12.3%) | failed=0 | rate=386/s | ETA=16:07:38
2026-03-20 14:03:15,389 INFO Progress | batches=1573 | indexed=3,146,000/25,558,768 (12.3%) | failed=0 | rate=386/s | ETA=16:08:01
2026-03-20 14:03:30,395 INFO Progress | batches=1577 | indexed=3,154,000/25,558,768 (12.3%) | failed=0 | rate=386/s | ETA=16:07:00
2026-03-20 14:03:45,401 INFO Progress | batches=1579 | indexed=3,158,000/25,558,768 (12.4%) | failed=0 | rate=386/s | ETA=16:07:22
2026-03-20 14:04:00,407 INFO Progress | batches=1581 | indexed=3,162,000/25,558,768 (12.4%) | failed=0 | rate=386/s | ETA=16:07:45
2026-03-20 14:04:15,412 INFO Progress | batches=1585 | indexed=3,170,000/25,558,768 (12.4%) | failed=0 | rate=386/s | ETA=16:06:44
2026-03-20 14:04:30,418 INFO Progress | batches=1587 | indexed=3,174,000/25,558,768 (12.4%) | failed=0 | rate=386/s | ETA=16:07:06
2026-03-20 14:04:45,424 INFO Progress | batches=1590 | indexed=3,180,000/25,558,768 (12.4%) | failed=0 | rate=386/s | ETA=16:06:47
2026-03-20 14:05:00,430 INFO Progress | batches=1591 | indexed=3,182,000/25,558,768 (12.4%) | failed=0 | rate=385/s | ETA=16:07:51
2026-03-20 14:05:15,437 INFO Progress | batches=1595 | indexed=3,190,000/25,558,768 (12.5%) | failed=0 | rate=386/s | ETA=16:06:49
2026-03-20 14:05:30,443 INFO Progress | batches=1597 | indexed=3,194,000/25,558,768 (12.5%) | failed=0 | rate=385/s | ETA=16:07:12
2026-03-20 14:05:45,483 INFO Progress | batches=1599 | indexed=3,198,000/25,558,768 (12.5%) | failed=0 | rate=385/s | ETA=16:07:34
2026-03-20 14:06:00,488 INFO Progress | batches=1599 | indexed=3,198,000/25,558,768 (12.5%) | failed=0 | rate=384/s | ETA=16:09:19
2026-03-20 14:06:15,493 INFO Progress | batches=1603 | indexed=3,206,000/25,558,768 (12.5%) | failed=0 | rate=385/s | ETA=16:08:17
2026-03-20 14:06:30,575 INFO Progress | batches=1604 | indexed=3,208,000/25,558,768 (12.6%) | failed=0 | rate=384/s | ETA=16:09:21
2026-03-20 14:06:45,613 INFO Progress | batches=1608 | indexed=3,216,000/25,558,768 (12.6%) | failed=0 | rate=385/s | ETA=16:08:20
2026-03-20 14:07:00,618 INFO Progress | batches=1611 | indexed=3,222,000/25,558,768 (12.6%) | failed=0 | rate=385/s | ETA=16:08:00
2026-03-20 14:07:15,628 INFO Progress | batches=1614 | indexed=3,228,000/25,558,768 (12.6%) | failed=0 | rate=385/s | ETA=16:07:41
2026-03-20 14:07:30,638 INFO Progress | batches=1616 | indexed=3,232,000/25,558,768 (12.6%) | failed=0 | rate=384/s | ETA=16:08:02
2026-03-20 14:07:45,649 INFO Progress | batches=1621 | indexed=3,242,000/25,558,768 (12.7%) | failed=0 | rate=385/s | ETA=16:06:20
2026-03-20 14:08:00,655 INFO Progress | batches=1624 | indexed=3,248,000/25,558,768 (12.7%) | failed=0 | rate=385/s | ETA=16:06:01
2026-03-20 14:08:15,661 INFO Progress | batches=1626 | indexed=3,252,000/25,558,768 (12.7%) | failed=0 | rate=385/s | ETA=16:06:22
2026-03-20 14:08:30,668 INFO Progress | batches=1627 | indexed=3,254,000/25,558,768 (12.7%) | failed=0 | rate=384/s | ETA=16:07:24
2026-03-20 14:08:45,675 INFO Progress | batches=1631 | indexed=3,262,000/25,558,768 (12.8%) | failed=0 | rate=385/s | ETA=16:06:24
2026-03-20 14:09:00,768 INFO Progress | batches=1633 | indexed=3,266,000/25,558,768 (12.8%) | failed=0 | rate=384/s | ETA=16:06:45
2026-03-20 14:09:15,810 INFO Progress | batches=1637 | indexed=3,274,000/25,558,768 (12.8%) | failed=0 | rate=385/s | ETA=16:05:45
2026-03-20 14:09:30,811 INFO Progress | batches=1640 | indexed=3,280,000/25,558,768 (12.8%) | failed=0 | rate=385/s | ETA=16:05:25
2026-03-20 14:09:45,817 INFO Progress | batches=1642 | indexed=3,284,000/25,558,768 (12.8%) | failed=0 | rate=384/s | ETA=16:05:46
2026-03-20 14:10:00,820 INFO Progress | batches=1644 | indexed=3,288,000/25,558,768 (12.9%) | failed=0 | rate=384/s | ETA=16:06:07
2026-03-20 14:10:15,826 INFO Progress | batches=1649 | indexed=3,298,000/25,558,768 (12.9%) | failed=0 | rate=385/s | ETA=16:04:26
2026-03-20 14:10:30,833 INFO Progress | batches=1650 | indexed=3,300,000/25,558,768 (12.9%) | failed=0 | rate=384/s | ETA=16:05:27
2026-03-20 14:10:45,835 INFO Progress | batches=1654 | indexed=3,308,000/25,558,768 (12.9%) | failed=0 | rate=385/s | ETA=16:04:27
2026-03-20 14:11:00,841 INFO Progress | batches=1657 | indexed=3,314,000/25,558,768 (13.0%) | failed=0 | rate=385/s | ETA=16:04:08
2026-03-20 14:11:15,846 INFO Progress | batches=1659 | indexed=3,318,000/25,558,768 (13.0%) | failed=0 | rate=384/s | ETA=16:04:28
2026-03-20 14:11:30,852 INFO Progress | batches=1662 | indexed=3,324,000/25,558,768 (13.0%) | failed=0 | rate=384/s | ETA=16:04:09
2026-03-20 14:11:45,857 INFO Progress | batches=1666 | indexed=3,332,000/25,558,768 (13.0%) | failed=0 | rate=385/s | ETA=16:03:09
2026-03-20 14:12:00,859 INFO Progress | batches=1669 | indexed=3,338,000/25,558,768 (13.1%) | failed=0 | rate=385/s | ETA=16:02:49
2026-03-20 14:12:15,862 INFO Progress | batches=1671 | indexed=3,342,000/25,558,768 (13.1%) | failed=0 | rate=384/s | ETA=16:03:10
2026-03-20 14:12:30,865 INFO Progress | batches=1675 | indexed=3,350,000/25,558,768 (13.1%) | failed=0 | rate=385/s | ETA=16:02:10
2026-03-20 14:12:45,868 INFO Progress | batches=1677 | indexed=3,354,000/25,558,768 (13.1%) | failed=0 | rate=384/s | ETA=16:02:30
2026-03-20 14:13:00,873 INFO Progress | batches=1681 | indexed=3,362,000/25,558,768 (13.2%) | failed=0 | rate=385/s | ETA=16:01:31
2026-03-20 14:13:15,880 INFO Progress | batches=1682 | indexed=3,364,000/25,558,768 (13.2%) | failed=0 | rate=384/s | ETA=16:02:31
2026-03-20 14:13:30,885 INFO Progress | batches=1686 | indexed=3,372,000/25,558,768 (13.2%) | failed=0 | rate=385/s | ETA=16:01:32
2026-03-20 14:13:45,891 INFO Progress | batches=1688 | indexed=3,376,000/25,558,768 (13.2%) | failed=0 | rate=384/s | ETA=16:01:52
2026-03-20 14:14:00,898 INFO Progress | batches=1690 | indexed=3,380,000/25,558,768 (13.2%) | failed=0 | rate=384/s | ETA=16:02:11
2026-03-20 14:14:15,910 INFO Progress | batches=1690 | indexed=3,380,000/25,558,768 (13.2%) | failed=0 | rate=384/s | ETA=16:03:50
2026-03-20 14:14:31,112 INFO Progress | batches=1692 | indexed=3,384,000/25,558,768 (13.2%) | failed=0 | rate=383/s | ETA=16:04:11
2026-03-20 14:14:46,116 INFO Progress | batches=1695 | indexed=3,390,000/25,558,768 (13.3%) | failed=0 | rate=383/s | ETA=16:03:51
2026-03-20 14:15:01,117 INFO Progress | batches=1698 | indexed=3,396,000/25,558,768 (13.3%) | failed=0 | rate=383/s | ETA=16:03:31
2026-03-20 14:15:16,123 INFO Progress | batches=1703 | indexed=3,406,000/25,558,768 (13.3%) | failed=0 | rate=384/s | ETA=16:01:53
2026-03-20 14:15:31,124 INFO Progress | batches=1705 | indexed=3,410,000/25,558,768 (13.3%) | failed=0 | rate=384/s | ETA=16:02:12
2026-03-20 14:15:46,130 INFO Progress | batches=1706 | indexed=3,412,000/25,558,768 (13.3%) | failed=0 | rate=383/s | ETA=16:03:11
2026-03-20 14:16:01,131 INFO Progress | batches=1711 | indexed=3,422,000/25,558,768 (13.4%) | failed=0 | rate=384/s | ETA=16:01:33
2026-03-20 14:16:16,136 INFO Progress | batches=1714 | indexed=3,428,000/25,558,768 (13.4%) | failed=0 | rate=384/s | ETA=16:01:13
2026-03-20 14:16:31,140 INFO Progress | batches=1717 | indexed=3,434,000/25,558,768 (13.4%) | failed=0 | rate=384/s | ETA=16:00:53
2026-03-20 14:16:46,151 INFO Progress | batches=1719 | indexed=3,438,000/25,558,768 (13.5%) | failed=0 | rate=384/s | ETA=16:01:12
2026-03-20 14:17:01,161 INFO Progress | batches=1723 | indexed=3,446,000/25,558,768 (13.5%) | failed=0 | rate=384/s | ETA=16:00:14
2026-03-20 14:17:16,166 INFO Progress | batches=1726 | indexed=3,452,000/25,558,768 (13.5%) | failed=0 | rate=384/s | ETA=15:59:54
2026-03-20 14:17:31,177 INFO Progress | batches=1730 | indexed=3,460,000/25,558,768 (13.5%) | failed=0 | rate=384/s | ETA=15:58:56
2026-03-20 14:17:46,185 INFO Progress | batches=1733 | indexed=3,466,000/25,558,768 (13.6%) | failed=0 | rate=384/s | ETA=15:58:37
2026-03-20 14:18:01,194 INFO Progress | batches=1737 | indexed=3,474,000/25,558,768 (13.6%) | failed=0 | rate=384/s | ETA=15:57:39
2026-03-20 14:18:16,687 INFO Progress | batches=1739 | indexed=3,478,000/25,558,768 (13.6%) | failed=0 | rate=384/s | ETA=15:58:01
2026-03-20 14:18:31,715 INFO Progress | batches=1742 | indexed=3,484,000/25,558,768 (13.6%) | failed=0 | rate=384/s | ETA=15:57:41
2026-03-20 14:18:46,732 INFO Progress | batches=1745 | indexed=3,490,000/25,558,768 (13.7%) | failed=0 | rate=384/s | ETA=15:57:22
2026-03-20 14:19:01,736 INFO Progress | batches=1748 | indexed=3,496,000/25,558,768 (13.7%) | failed=0 | rate=384/s | ETA=15:57:02
2026-03-20 14:19:16,741 INFO Progress | batches=1751 | indexed=3,502,000/25,558,768 (13.7%) | failed=0 | rate=384/s | ETA=15:56:43
2026-03-20 14:19:31,743 INFO Progress | batches=1753 | indexed=3,506,000/25,558,768 (13.7%) | failed=0 | rate=384/s | ETA=15:57:02
2026-03-20 14:19:46,747 INFO Progress | batches=1757 | indexed=3,514,000/25,558,768 (13.7%) | failed=0 | rate=384/s | ETA=15:56:04
2026-03-20 14:20:01,750 INFO Progress | batches=1760 | indexed=3,520,000/25,558,768 (13.8%) | failed=0 | rate=384/s | ETA=15:55:45
2026-03-20 14:20:16,757 INFO Progress | batches=1762 | indexed=3,524,000/25,558,768 (13.8%) | failed=0 | rate=384/s | ETA=15:56:03
2026-03-20 14:20:31,767 INFO Progress | batches=1764 | indexed=3,528,000/25,558,768 (13.8%) | failed=0 | rate=384/s | ETA=15:56:21
2026-03-20 14:20:46,798 INFO Progress | batches=1768 | indexed=3,536,000/25,558,768 (13.8%) | failed=0 | rate=384/s | ETA=15:55:24
2026-03-20 14:21:01,804 INFO Progress | batches=1770 | indexed=3,540,000/25,558,768 (13.9%) | failed=0 | rate=384/s | ETA=15:55:42
2026-03-20 14:21:16,809 INFO Progress | batches=1775 | indexed=3,550,000/25,558,768 (13.9%) | failed=0 | rate=384/s | ETA=15:54:08
2026-03-20 14:21:31,815 INFO Progress | batches=1777 | indexed=3,554,000/25,558,768 (13.9%) | failed=0 | rate=384/s | ETA=15:54:26
2026-03-20 14:21:46,818 INFO Progress | batches=1779 | indexed=3,558,000/25,558,768 (13.9%) | failed=0 | rate=384/s | ETA=15:54:44
2026-03-20 14:22:01,819 INFO Progress | batches=1781 | indexed=3,562,000/25,558,768 (13.9%) | failed=0 | rate=384/s | ETA=15:55:02
2026-03-20 14:22:16,824 INFO Progress | batches=1785 | indexed=3,570,000/25,558,768 (14.0%) | failed=0 | rate=384/s | ETA=15:54:05
2026-03-20 14:22:31,828 INFO Progress | batches=1787 | indexed=3,574,000/25,558,768 (14.0%) | failed=0 | rate=384/s | ETA=15:54:23
2026-03-20 14:22:46,834 INFO Progress | batches=1791 | indexed=3,582,000/25,558,768 (14.0%) | failed=0 | rate=384/s | ETA=15:53:26
2026-03-20 14:23:01,838 INFO Progress | batches=1794 | indexed=3,588,000/25,558,768 (14.0%) | failed=0 | rate=384/s | ETA=15:53:07
2026-03-20 14:23:16,903 INFO Progress | batches=1797 | indexed=3,594,000/25,558,768 (14.1%) | failed=0 | rate=384/s | ETA=15:52:48
2026-03-20 14:23:31,938 INFO Progress | batches=1800 | indexed=3,600,000/25,558,768 (14.1%) | failed=0 | rate=384/s | ETA=15:52:29
2026-03-20 14:23:46,945 INFO Progress | batches=1804 | indexed=3,608,000/25,558,768 (14.1%) | failed=0 | rate=384/s | ETA=15:51:33
2026-03-20 14:24:01,955 INFO Progress | batches=1806 | indexed=3,612,000/25,558,768 (14.1%) | failed=0 | rate=384/s | ETA=15:51:50
2026-03-20 14:24:16,967 INFO Progress | batches=1809 | indexed=3,618,000/25,558,768 (14.2%) | failed=0 | rate=384/s | ETA=15:51:31
2026-03-20 14:24:31,970 INFO Progress | batches=1810 | indexed=3,620,000/25,558,768 (14.2%) | failed=0 | rate=384/s | ETA=15:52:25
2026-03-20 14:24:46,971 INFO Progress | batches=1812 | indexed=3,624,000/25,558,768 (14.2%) | failed=0 | rate=384/s | ETA=15:52:43
2026-03-20 14:25:01,978 INFO Progress | batches=1816 | indexed=3,632,000/25,558,768 (14.2%) | failed=0 | rate=384/s | ETA=15:51:46
2026-03-20 14:25:16,985 INFO Progress | batches=1818 | indexed=3,636,000/25,558,768 (14.2%) | failed=0 | rate=384/s | ETA=15:52:04
2026-03-20 14:25:31,998 INFO Progress | batches=1821 | indexed=3,642,000/25,558,768 (14.2%) | failed=0 | rate=384/s | ETA=15:51:44
2026-03-20 14:25:47,001 INFO Progress | batches=1825 | indexed=3,650,000/25,558,768 (14.3%) | failed=0 | rate=384/s | ETA=15:50:48
2026-03-20 14:26:02,002 INFO Progress | batches=1828 | indexed=3,656,000/25,558,768 (14.3%) | failed=0 | rate=384/s | ETA=15:50:29
2026-03-20 14:26:17,007 INFO Progress | batches=1831 | indexed=3,662,000/25,558,768 (14.3%) | failed=0 | rate=384/s | ETA=15:50:10
2026-03-20 14:26:32,012 INFO Progress | batches=1834 | indexed=3,668,000/25,558,768 (14.4%) | failed=0 | rate=384/s | ETA=15:49:50
2026-03-20 14:26:47,018 INFO Progress | batches=1837 | indexed=3,674,000/25,558,768 (14.4%) | failed=0 | rate=384/s | ETA=15:49:31
2026-03-20 14:27:02,024 INFO Progress | batches=1839 | indexed=3,678,000/25,558,768 (14.4%) | failed=0 | rate=384/s | ETA=15:49:48
2026-03-20 14:27:17,029 INFO Progress | batches=1842 | indexed=3,684,000/25,558,768 (14.4%) | failed=0 | rate=384/s | ETA=15:49:29
2026-03-20 14:27:32,036 INFO Progress | batches=1845 | indexed=3,690,000/25,558,768 (14.4%) | failed=0 | rate=384/s | ETA=15:49:09
2026-03-20 14:27:47,109 INFO Progress | batches=1848 | indexed=3,696,000/25,558,768 (14.5%) | failed=0 | rate=384/s | ETA=15:48:51
2026-03-20 14:28:02,177 INFO Progress | batches=1850 | indexed=3,700,000/25,558,768 (14.5%) | failed=0 | rate=384/s | ETA=15:49:08
2026-03-20 14:28:17,359 INFO Progress | batches=1853 | indexed=3,706,000/25,558,768 (14.5%) | failed=0 | rate=384/s | ETA=15:48:49
2026-03-20 14:28:32,367 INFO Progress | batches=1857 | indexed=3,714,000/25,558,768 (14.5%) | failed=0 | rate=384/s | ETA=15:47:54
2026-03-20 14:28:47,373 INFO Progress | batches=1860 | indexed=3,720,000/25,558,768 (14.6%) | failed=0 | rate=384/s | ETA=15:47:35
2026-03-20 14:29:02,379 INFO Progress | batches=1862 | indexed=3,724,000/25,558,768 (14.6%) | failed=0 | rate=384/s | ETA=15:47:51
2026-03-20 14:29:17,385 INFO Progress | batches=1866 | indexed=3,732,000/25,558,768 (14.6%) | failed=0 | rate=384/s | ETA=15:46:57
2026-03-20 14:29:32,393 INFO Progress | batches=1870 | indexed=3,740,000/25,558,768 (14.6%) | failed=0 | rate=384/s | ETA=15:46:02
2026-03-20 14:29:47,398 INFO Progress | batches=1871 | indexed=3,742,000/25,558,768 (14.6%) | failed=0 | rate=384/s | ETA=15:46:54
2026-03-20 14:30:02,402 INFO Progress | batches=1875 | indexed=3,750,000/25,558,768 (14.7%) | failed=0 | rate=384/s | ETA=15:45:59
2026-03-20 14:30:17,408 INFO Progress | batches=1877 | indexed=3,754,000/25,558,768 (14.7%) | failed=0 | rate=384/s | ETA=15:46:15
2026-03-20 14:30:32,414 INFO Progress | batches=1880 | indexed=3,760,000/25,558,768 (14.7%) | failed=0 | rate=384/s | ETA=15:45:56
2026-03-20 14:30:47,420 INFO Progress | batches=1883 | indexed=3,766,000/25,558,768 (14.7%) | failed=0 | rate=384/s | ETA=15:45:37
2026-03-20 14:31:02,433 INFO Progress | batches=1885 | indexed=3,770,000/25,558,768 (14.8%) | failed=0 | rate=384/s | ETA=15:45:53
2026-03-20 14:31:17,437 INFO Progress | batches=1888 | indexed=3,776,000/25,558,768 (14.8%) | failed=0 | rate=384/s | ETA=15:45:34
2026-03-20 14:31:32,439 INFO Progress | batches=1892 | indexed=3,784,000/25,558,768 (14.8%) | failed=0 | rate=384/s | ETA=15:44:39
2026-03-20 14:31:47,443 INFO Progress | batches=1893 | indexed=3,786,000/25,558,768 (14.8%) | failed=0 | rate=384/s | ETA=15:45:31
2026-03-20 14:32:02,534 INFO Progress | batches=1895 | indexed=3,790,000/25,558,768 (14.8%) | failed=0 | rate=384/s | ETA=15:45:47
2026-03-20 14:32:17,542 INFO Progress | batches=1899 | indexed=3,798,000/25,558,768 (14.9%) | failed=0 | rate=384/s | ETA=15:44:53
2026-03-20 14:32:32,548 INFO Progress | batches=1901 | indexed=3,802,000/25,558,768 (14.9%) | failed=0 | rate=384/s | ETA=15:45:08
2026-03-20 14:32:47,552 INFO Progress | batches=1904 | indexed=3,808,000/25,558,768 (14.9%) | failed=0 | rate=384/s | ETA=15:44:49
2026-03-20 14:33:02,555 INFO Progress | batches=1907 | indexed=3,814,000/25,558,768 (14.9%) | failed=0 | rate=384/s | ETA=15:44:30
2026-03-20 14:33:17,562 INFO Progress | batches=1909 | indexed=3,818,000/25,558,768 (14.9%) | failed=0 | rate=384/s | ETA=15:44:46
2026-03-20 14:33:32,568 INFO Progress | batches=1912 | indexed=3,824,000/25,558,768 (15.0%) | failed=0 | rate=384/s | ETA=15:44:26
2026-03-20 14:33:47,576 INFO Progress | batches=1916 | indexed=3,832,000/25,558,768 (15.0%) | failed=0 | rate=384/s | ETA=15:43:32
2026-03-20 14:34:02,586 INFO Progress | batches=1918 | indexed=3,836,000/25,558,768 (15.0%) | failed=0 | rate=384/s | ETA=15:43:48
2026-03-20 14:34:17,593 INFO Progress | batches=1922 | indexed=3,844,000/25,558,768 (15.0%) | failed=0 | rate=384/s | ETA=15:42:54
2026-03-20 14:34:32,839 INFO Progress | batches=1924 | indexed=3,848,000/25,558,768 (15.1%) | failed=0 | rate=384/s | ETA=15:43:11
2026-03-20 14:34:47,854 INFO Progress | batches=1927 | indexed=3,854,000/25,558,768 (15.1%) | failed=0 | rate=384/s | ETA=15:42:52
2026-03-20 14:35:02,859 INFO Progress | batches=1929 | indexed=3,858,000/25,558,768 (15.1%) | failed=0 | rate=383/s | ETA=15:43:07
2026-03-20 14:35:17,868 INFO Progress | batches=1933 | indexed=3,866,000/25,558,768 (15.1%) | failed=0 | rate=384/s | ETA=15:42:13
2026-03-20 14:35:32,873 INFO Progress | batches=1934 | indexed=3,868,000/25,558,768 (15.1%) | failed=0 | rate=383/s | ETA=15:43:03
2026-03-20 14:35:48,096 INFO Progress | batches=1937 | indexed=3,874,000/25,558,768 (15.2%) | failed=0 | rate=383/s | ETA=15:42:45
2026-03-20 14:36:03,137 INFO Progress | batches=1940 | indexed=3,880,000/25,558,768 (15.2%) | failed=0 | rate=383/s | ETA=15:42:26
2026-03-20 14:36:18,239 INFO Progress | batches=1941 | indexed=3,882,000/25,558,768 (15.2%) | failed=0 | rate=383/s | ETA=15:43:16
2026-03-20 14:36:33,300 INFO Progress | batches=1945 | indexed=3,890,000/25,558,768 (15.2%) | failed=0 | rate=383/s | ETA=15:42:22
2026-03-20 14:36:48,302 INFO Progress | batches=1948 | indexed=3,896,000/25,558,768 (15.2%) | failed=0 | rate=383/s | ETA=15:42:03
2026-03-20 14:37:03,306 INFO Progress | batches=1951 | indexed=3,902,000/25,558,768 (15.3%) | failed=0 | rate=383/s | ETA=15:41:44
2026-03-20 14:37:18,307 INFO Progress | batches=1955 | indexed=3,910,000/25,558,768 (15.3%) | failed=0 | rate=383/s | ETA=15:40:50
2026-03-20 14:37:33,309 INFO Progress | batches=1958 | indexed=3,916,000/25,558,768 (15.3%) | failed=0 | rate=384/s | ETA=15:40:31
2026-03-20 14:37:48,311 INFO Progress | batches=1960 | indexed=3,920,000/25,558,768 (15.3%) | failed=0 | rate=383/s | ETA=15:40:46
2026-03-20 14:38:03,480 INFO Progress | batches=1963 | indexed=3,926,000/25,558,768 (15.4%) | failed=0 | rate=383/s | ETA=15:40:28
2026-03-20 14:38:18,488 INFO Progress | batches=1966 | indexed=3,932,000/25,558,768 (15.4%) | failed=0 | rate=383/s | ETA=15:40:09
2026-03-20 14:38:33,491 INFO Progress | batches=1968 | indexed=3,936,000/25,558,768 (15.4%) | failed=0 | rate=383/s | ETA=15:40:23
2026-03-20 14:38:48,493 INFO Progress | batches=1972 | indexed=3,944,000/25,558,768 (15.4%) | failed=0 | rate=383/s | ETA=15:39:30
2026-03-20 14:39:03,496 INFO Progress | batches=1975 | indexed=3,950,000/25,558,768 (15.5%) | failed=0 | rate=383/s | ETA=15:39:11
2026-03-20 14:39:18,501 INFO Progress | batches=1977 | indexed=3,954,000/25,558,768 (15.5%) | failed=0 | rate=383/s | ETA=15:39:26
2026-03-20 14:39:33,509 INFO Progress | batches=1980 | indexed=3,960,000/25,558,768 (15.5%) | failed=0 | rate=383/s | ETA=15:39:06
2026-03-20 14:39:48,921 INFO Progress | batches=1983 | indexed=3,966,000/25,558,768 (15.5%) | failed=0 | rate=383/s | ETA=15:38:49
2026-03-20 14:40:03,957 INFO Progress | batches=1986 | indexed=3,972,000/25,558,768 (15.5%) | failed=0 | rate=383/s | ETA=15:38:30
2026-03-20 14:40:18,960 INFO Progress | batches=1988 | indexed=3,976,000/25,558,768 (15.6%) | failed=0 | rate=383/s | ETA=15:38:45
2026-03-20 14:40:33,962 INFO Progress | batches=1990 | indexed=3,980,000/25,558,768 (15.6%) | failed=0 | rate=383/s | ETA=15:38:59
2026-03-20 14:40:48,967 INFO Progress | batches=1992 | indexed=3,984,000/25,558,768 (15.6%) | failed=0 | rate=383/s | ETA=15:39:13
2026-03-20 14:41:03,968 INFO Progress | batches=1995 | indexed=3,990,000/25,558,768 (15.6%) | failed=0 | rate=383/s | ETA=15:38:54
2026-03-20 14:41:18,974 INFO Progress | batches=1998 | indexed=3,996,000/25,558,768 (15.6%) | failed=0 | rate=383/s | ETA=15:38:35
2026-03-20 14:41:33,989 INFO Progress | batches=2002 | indexed=4,004,000/25,558,768 (15.7%) | failed=0 | rate=383/s | ETA=15:37:42
2026-03-20 14:41:48,992 INFO Progress | batches=2004 | indexed=4,008,000/25,558,768 (15.7%) | failed=0 | rate=383/s | ETA=15:37:56
2026-03-20 14:42:04,014 INFO Progress | batches=2007 | indexed=4,014,000/25,558,768 (15.7%) | failed=0 | rate=383/s | ETA=15:37:37
2026-03-20 14:42:19,025 INFO Progress | batches=2009 | indexed=4,018,000/25,558,768 (15.7%) | failed=0 | rate=383/s | ETA=15:37:51
2026-03-20 14:42:34,036 INFO Progress | batches=2013 | indexed=4,026,000/25,558,768 (15.8%) | failed=0 | rate=383/s | ETA=15:36:59
2026-03-20 14:42:49,038 INFO Progress | batches=2016 | indexed=4,032,000/25,558,768 (15.8%) | failed=0 | rate=383/s | ETA=15:36:40
2026-03-20 14:43:04,049 INFO Progress | batches=2018 | indexed=4,036,000/25,558,768 (15.8%) | failed=0 | rate=383/s | ETA=15:36:54
2026-03-20 14:43:19,052 INFO Progress | batches=2021 | indexed=4,042,000/25,558,768 (15.8%) | failed=0 | rate=383/s | ETA=15:36:34
2026-03-20 14:43:34,053 INFO Progress | batches=2022 | indexed=4,044,000/25,558,768 (15.8%) | failed=0 | rate=383/s | ETA=15:37:21
2026-03-20 14:43:49,059 INFO Progress | batches=2027 | indexed=4,054,000/25,558,768 (15.9%) | failed=0 | rate=383/s | ETA=15:35:56
2026-03-20 14:44:04,068 INFO Progress | batches=2029 | indexed=4,058,000/25,558,768 (15.9%) | failed=0 | rate=383/s | ETA=15:36:10
2026-03-20 14:44:19,072 INFO Progress | batches=2031 | indexed=4,062,000/25,558,768 (15.9%) | failed=0 | rate=383/s | ETA=15:36:23
2026-03-20 14:44:34,117 INFO Progress | batches=2032 | indexed=4,064,000/25,558,768 (15.9%) | failed=0 | rate=382/s | ETA=15:37:10
2026-03-20 14:44:49,125 INFO Progress | batches=2036 | indexed=4,072,000/25,558,768 (15.9%) | failed=0 | rate=382/s | ETA=15:36:18
2026-03-20 14:45:04,130 INFO Progress | batches=2038 | indexed=4,076,000/25,558,768 (15.9%) | failed=0 | rate=382/s | ETA=15:36:31
2026-03-20 14:45:19,136 INFO Progress | batches=2041 | indexed=4,082,000/25,558,768 (16.0%) | failed=0 | rate=382/s | ETA=15:36:12
2026-03-20 14:45:34,139 INFO Progress | batches=2046 | indexed=4,092,000/25,558,768 (16.0%) | failed=0 | rate=383/s | ETA=15:34:47
2026-03-20 14:45:49,145 INFO Progress | batches=2047 | indexed=4,094,000/25,558,768 (16.0%) | failed=0 | rate=382/s | ETA=15:35:33
2026-03-20 14:46:04,150 INFO Progress | batches=2052 | indexed=4,104,000/25,558,768 (16.1%) | failed=0 | rate=383/s | ETA=15:34:09
2026-03-20 14:46:19,196 INFO Progress | batches=2054 | indexed=4,108,000/25,558,768 (16.1%) | failed=0 | rate=383/s | ETA=15:34:23
2026-03-20 14:46:34,240 INFO Progress | batches=2056 | indexed=4,112,000/25,558,768 (16.1%) | failed=0 | rate=382/s | ETA=15:34:36
2026-03-20 14:46:49,257 INFO Progress | batches=2060 | indexed=4,120,000/25,558,768 (16.1%) | failed=0 | rate=383/s | ETA=15:33:44
2026-03-20 14:47:04,269 INFO Progress | batches=2061 | indexed=4,122,000/25,558,768 (16.1%) | failed=0 | rate=382/s | ETA=15:34:30
2026-03-20 14:47:19,294 INFO Progress | batches=2064 | indexed=4,128,000/25,558,768 (16.2%) | failed=0 | rate=382/s | ETA=15:34:11
2026-03-20 14:47:34,320 INFO Progress | batches=2067 | indexed=4,134,000/25,558,768 (16.2%) | failed=0 | rate=382/s | ETA=15:33:52
2026-03-20 14:47:49,332 INFO Progress | batches=2070 | indexed=4,140,000/25,558,768 (16.2%) | failed=0 | rate=382/s | ETA=15:33:33
2026-03-20 14:48:04,347 INFO Progress | batches=2074 | indexed=4,148,000/25,558,768 (16.2%) | failed=0 | rate=383/s | ETA=15:32:41
2026-03-20 14:48:19,351 INFO Progress | batches=2077 | indexed=4,154,000/25,558,768 (16.3%) | failed=0 | rate=383/s | ETA=15:32:22
2026-03-20 14:48:34,357 INFO Progress | batches=2079 | indexed=4,158,000/25,558,768 (16.3%) | failed=0 | rate=382/s | ETA=15:32:35
2026-03-20 14:48:49,363 INFO Progress | batches=2082 | indexed=4,164,000/25,558,768 (16.3%) | failed=0 | rate=382/s | ETA=15:32:16
2026-03-20 14:49:04,364 INFO Progress | batches=2085 | indexed=4,170,000/25,558,768 (16.3%) | failed=0 | rate=383/s | ETA=15:31:57
2026-03-20 14:49:19,369 INFO Progress | batches=2087 | indexed=4,174,000/25,558,768 (16.3%) | failed=0 | rate=382/s | ETA=15:32:09
2026-03-20 14:49:34,374 INFO Progress | batches=2090 | indexed=4,180,000/25,558,768 (16.4%) | failed=0 | rate=382/s | ETA=15:31:50
2026-03-20 14:49:49,377 INFO Progress | batches=2093 | indexed=4,186,000/25,558,768 (16.4%) | failed=0 | rate=382/s | ETA=15:31:31
2026-03-20 14:50:04,378 INFO Progress | batches=2096 | indexed=4,192,000/25,558,768 (16.4%) | failed=0 | rate=382/s | ETA=15:31:12
2026-03-20 14:50:19,380 INFO Progress | batches=2098 | indexed=4,196,000/25,558,768 (16.4%) | failed=0 | rate=382/s | ETA=15:31:24
2026-03-20 14:50:34,383 INFO Progress | batches=2103 | indexed=4,206,000/25,558,768 (16.5%) | failed=0 | rate=383/s | ETA=15:30:02
2026-03-20 14:50:49,389 INFO Progress | batches=2106 | indexed=4,212,000/25,558,768 (16.5%) | failed=0 | rate=383/s | ETA=15:29:43
2026-03-20 14:51:04,396 INFO Progress | batches=2109 | indexed=4,218,000/25,558,768 (16.5%) | failed=0 | rate=383/s | ETA=15:29:23
2026-03-20 14:51:19,691 INFO Progress | batches=2111 | indexed=4,222,000/25,558,768 (16.5%) | failed=0 | rate=383/s | ETA=15:29:37
2026-03-20 14:51:34,700 INFO Progress | batches=2114 | indexed=4,228,000/25,558,768 (16.5%) | failed=0 | rate=383/s | ETA=15:29:18
2026-03-20 14:51:49,706 INFO Progress | batches=2116 | indexed=4,232,000/25,558,768 (16.6%) | failed=0 | rate=382/s | ETA=15:29:31
2026-03-20 14:52:04,707 INFO Progress | batches=2118 | indexed=4,236,000/25,558,768 (16.6%) | failed=0 | rate=382/s | ETA=15:29:43
2026-03-20 14:52:19,709 INFO Progress | batches=2121 | indexed=4,242,000/25,558,768 (16.6%) | failed=0 | rate=382/s | ETA=15:29:24
2026-03-20 14:52:34,714 INFO Progress | batches=2125 | indexed=4,250,000/25,558,768 (16.6%) | failed=0 | rate=382/s | ETA=15:28:33
2026-03-20 14:52:49,719 INFO Progress | batches=2128 | indexed=4,256,000/25,558,768 (16.7%) | failed=0 | rate=382/s | ETA=15:28:14
2026-03-20 14:53:04,725 INFO Progress | batches=2130 | indexed=4,260,000/25,558,768 (16.7%) | failed=0 | rate=382/s | ETA=15:28:27
2026-03-20 14:53:19,731 INFO Progress | batches=2133 | indexed=4,266,000/25,558,768 (16.7%) | failed=0 | rate=382/s | ETA=15:28:07
2026-03-20 14:53:34,793 INFO Progress | batches=2136 | indexed=4,272,000/25,558,768 (16.7%) | failed=0 | rate=382/s | ETA=15:27:49
2026-03-20 14:53:49,807 INFO Progress | batches=2138 | indexed=4,276,000/25,558,768 (16.7%) | failed=0 | rate=382/s | ETA=15:28:01
2026-03-20 14:54:04,816 INFO Progress | batches=2141 | indexed=4,282,000/25,558,768 (16.8%) | failed=0 | rate=382/s | ETA=15:27:42
2026-03-20 14:54:19,828 INFO Progress | batches=2144 | indexed=4,288,000/25,558,768 (16.8%) | failed=0 | rate=382/s | ETA=15:27:23
2026-03-20 14:54:34,845 INFO Progress | batches=2147 | indexed=4,294,000/25,558,768 (16.8%) | failed=0 | rate=382/s | ETA=15:27:04
2026-03-20 14:54:49,850 INFO Progress | batches=2151 | indexed=4,302,000/25,558,768 (16.8%) | failed=0 | rate=382/s | ETA=15:26:13
2026-03-20 14:55:04,858 INFO Progress | batches=2153 | indexed=4,306,000/25,558,768 (16.8%) | failed=0 | rate=382/s | ETA=15:26:25
2026-03-20 14:55:19,859 INFO Progress | batches=2157 | indexed=4,314,000/25,558,768 (16.9%) | failed=0 | rate=383/s | ETA=15:25:35
2026-03-20 14:55:34,865 INFO Progress | batches=2159 | indexed=4,318,000/25,558,768 (16.9%) | failed=0 | rate=382/s | ETA=15:25:47
2026-03-20 14:55:49,886 INFO Progress | batches=2163 | indexed=4,326,000/25,558,768 (16.9%) | failed=0 | rate=383/s | ETA=15:24:57
2026-03-20 14:56:04,899 INFO Progress | batches=2166 | indexed=4,332,000/25,558,768 (16.9%) | failed=0 | rate=383/s | ETA=15:24:38
2026-03-20 14:56:19,902 INFO Progress | batches=2169 | indexed=4,338,000/25,558,768 (17.0%) | failed=0 | rate=383/s | ETA=15:24:19
2026-03-20 14:56:34,906 INFO Progress | batches=2172 | indexed=4,344,000/25,558,768 (17.0%) | failed=0 | rate=383/s | ETA=15:24:00
2026-03-20 14:56:49,941 INFO Progress | batches=2173 | indexed=4,346,000/25,558,768 (17.0%) | failed=0 | rate=382/s | ETA=15:24:43
2026-03-20 14:57:05,023 INFO Progress | batches=2177 | indexed=4,354,000/25,558,768 (17.0%) | failed=0 | rate=383/s | ETA=15:23:54
2026-03-20 14:57:20,028 INFO Progress | batches=2181 | indexed=4,362,000/25,558,768 (17.1%) | failed=0 | rate=383/s | ETA=15:23:04
2026-03-20 14:57:35,047 INFO Progress | batches=2183 | indexed=4,366,000/25,558,768 (17.1%) | failed=0 | rate=383/s | ETA=15:23:16
2026-03-20 14:57:50,067 INFO Progress | batches=2186 | indexed=4,372,000/25,558,768 (17.1%) | failed=0 | rate=383/s | ETA=15:22:57
2026-03-20 14:58:05,073 INFO Progress | batches=2189 | indexed=4,378,000/25,558,768 (17.1%) | failed=0 | rate=383/s | ETA=15:22:38
2026-03-20 14:58:20,078 INFO Progress | batches=2192 | indexed=4,384,000/25,558,768 (17.2%) | failed=0 | rate=383/s | ETA=15:22:19
2026-03-20 14:58:35,083 INFO Progress | batches=2193 | indexed=4,386,000/25,558,768 (17.2%) | failed=0 | rate=382/s | ETA=15:23:01
2026-03-20 14:58:50,086 INFO Progress | batches=2198 | indexed=4,396,000/25,558,768 (17.2%) | failed=0 | rate=383/s | ETA=15:21:41
2026-03-20 14:59:05,090 INFO Progress | batches=2200 | indexed=4,400,000/25,558,768 (17.2%) | failed=0 | rate=383/s | ETA=15:21:53
2026-03-20 14:59:20,096 INFO Progress | batches=2203 | indexed=4,406,000/25,558,768 (17.2%) | failed=0 | rate=383/s | ETA=15:21:34
2026-03-20 14:59:35,105 INFO Progress | batches=2206 | indexed=4,412,000/25,558,768 (17.3%) | failed=0 | rate=383/s | ETA=15:21:15
2026-03-20 14:59:50,344 INFO Progress | batches=2207 | indexed=4,414,000/25,558,768 (17.3%) | failed=0 | rate=382/s | ETA=15:21:57
2026-03-20 15:00:05,356 INFO Progress | batches=2212 | indexed=4,424,000/25,558,768 (17.3%) | failed=0 | rate=383/s | ETA=15:20:38
2026-03-20 15:00:20,370 INFO Progress | batches=2214 | indexed=4,428,000/25,558,768 (17.3%) | failed=0 | rate=382/s | ETA=15:20:49
2026-03-20 15:00:35,645 INFO Progress | batches=2217 | indexed=4,434,000/25,558,768 (17.3%) | failed=0 | rate=382/s | ETA=15:20:32
2026-03-20 15:00:50,659 INFO Progress | batches=2220 | indexed=4,440,000/25,558,768 (17.4%) | failed=0 | rate=382/s | ETA=15:20:13
2026-03-20 15:01:05,666 INFO Progress | batches=2223 | indexed=4,446,000/25,558,768 (17.4%) | failed=0 | rate=383/s | ETA=15:19:54
2026-03-20 15:01:20,670 INFO Progress | batches=2226 | indexed=4,452,000/25,558,768 (17.4%) | failed=0 | rate=383/s | ETA=15:19:35
2026-03-20 15:01:35,674 INFO Progress | batches=2229 | indexed=4,458,000/25,558,768 (17.4%) | failed=0 | rate=383/s | ETA=15:19:16
2026-03-20 15:01:50,679 INFO Progress | batches=2232 | indexed=4,464,000/25,558,768 (17.5%) | failed=0 | rate=383/s | ETA=15:18:57
2026-03-20 15:02:05,699 INFO Progress | batches=2236 | indexed=4,472,000/25,558,768 (17.5%) | failed=0 | rate=383/s | ETA=15:18:08
2026-03-20 15:02:20,705 INFO Progress | batches=2237 | indexed=4,474,000/25,558,768 (17.5%) | failed=0 | rate=382/s | ETA=15:18:49
2026-03-20 15:02:35,712 INFO Progress | batches=2240 | indexed=4,480,000/25,558,768 (17.5%) | failed=0 | rate=382/s | ETA=15:18:30
2026-03-20 15:02:50,719 INFO Progress | batches=2244 | indexed=4,488,000/25,558,768 (17.6%) | failed=0 | rate=383/s | ETA=15:17:42
2026-03-20 15:03:05,724 INFO Progress | batches=2246 | indexed=4,492,000/25,558,768 (17.6%) | failed=0 | rate=383/s | ETA=15:17:53
2026-03-20 15:03:20,797 INFO Progress | batches=2248 | indexed=4,496,000/25,558,768 (17.6%) | failed=0 | rate=382/s | ETA=15:18:04
2026-03-20 15:03:35,876 INFO Progress | batches=2251 | indexed=4,502,000/25,558,768 (17.6%) | failed=0 | rate=382/s | ETA=15:17:45
2026-03-20 15:03:50,882 INFO Progress | batches=2254 | indexed=4,508,000/25,558,768 (17.6%) | failed=0 | rate=382/s | ETA=15:17:26
2026-03-20 15:04:06,066 INFO Progress | batches=2257 | indexed=4,514,000/25,558,768 (17.7%) | failed=0 | rate=382/s | ETA=15:17:08
2026-03-20 15:04:21,110 INFO Progress | batches=2262 | indexed=4,524,000/25,558,768 (17.7%) | failed=0 | rate=383/s | ETA=15:15:51
2026-03-20 15:04:36,112 INFO Progress | batches=2265 | indexed=4,530,000/25,558,768 (17.7%) | failed=0 | rate=383/s | ETA=15:15:32
2026-03-20 15:04:51,118 INFO Progress | batches=2267 | indexed=4,534,000/25,558,768 (17.7%) | failed=0 | rate=383/s | ETA=15:15:42
2026-03-20 15:05:06,124 INFO Progress | batches=2268 | indexed=4,536,000/25,558,768 (17.7%) | failed=0 | rate=382/s | ETA=15:16:22
2026-03-20 15:05:21,130 INFO Progress | batches=2272 | indexed=4,544,000/25,558,768 (17.8%) | failed=0 | rate=383/s | ETA=15:15:34
2026-03-20 15:05:36,133 INFO Progress | batches=2274 | indexed=4,548,000/25,558,768 (17.8%) | failed=0 | rate=382/s | ETA=15:15:45
2026-03-20 15:05:51,139 INFO Progress | batches=2277 | indexed=4,554,000/25,558,768 (17.8%) | failed=0 | rate=382/s | ETA=15:15:26
2026-03-20 15:06:06,140 INFO Progress | batches=2280 | indexed=4,560,000/25,558,768 (17.8%) | failed=0 | rate=382/s | ETA=15:15:07
2026-03-20 15:06:21,146 INFO Progress | batches=2283 | indexed=4,566,000/25,558,768 (17.9%) | failed=0 | rate=382/s | ETA=15:14:48
2026-03-20 15:06:36,150 INFO Progress | batches=2287 | indexed=4,574,000/25,558,768 (17.9%) | failed=0 | rate=383/s | ETA=15:14:00
2026-03-20 15:06:51,157 INFO Progress | batches=2290 | indexed=4,580,000/25,558,768 (17.9%) | failed=0 | rate=383/s | ETA=15:13:41
2026-03-20 15:07:06,160 INFO Progress | batches=2292 | indexed=4,584,000/25,558,768 (17.9%) | failed=0 | rate=383/s | ETA=15:13:52
2026-03-20 15:07:21,164 INFO Progress | batches=2295 | indexed=4,590,000/25,558,768 (18.0%) | failed=0 | rate=383/s | ETA=15:13:33
2026-03-20 15:07:36,167 INFO Progress | batches=2299 | indexed=4,598,000/25,558,768 (18.0%) | failed=0 | rate=383/s | ETA=15:12:45
2026-03-20 15:07:51,174 INFO Progress | batches=2301 | indexed=4,602,000/25,558,768 (18.0%) | failed=0 | rate=383/s | ETA=15:12:55
2026-03-20 15:08:06,184 INFO Progress | batches=2305 | indexed=4,610,000/25,558,768 (18.0%) | failed=0 | rate=383/s | ETA=15:12:08
2026-03-20 15:08:21,195 INFO Progress | batches=2306 | indexed=4,612,000/25,558,768 (18.0%) | failed=0 | rate=382/s | ETA=15:12:47
2026-03-20 15:08:36,204 INFO Progress | batches=2309 | indexed=4,618,000/25,558,768 (18.1%) | failed=0 | rate=382/s | ETA=15:12:28
2026-03-20 15:08:51,208 INFO Progress | batches=2313 | indexed=4,626,000/25,558,768 (18.1%) | failed=0 | rate=383/s | ETA=15:11:40
2026-03-20 15:09:06,210 INFO Progress | batches=2315 | indexed=4,630,000/25,558,768 (18.1%) | failed=0 | rate=383/s | ETA=15:11:51
2026-03-20 15:09:21,214 INFO Progress | batches=2318 | indexed=4,636,000/25,558,768 (18.1%) | failed=0 | rate=383/s | ETA=15:11:32
2026-03-20 15:09:36,227 INFO Progress | batches=2321 | indexed=4,642,000/25,558,768 (18.2%) | failed=0 | rate=383/s | ETA=15:11:13
2026-03-20 15:09:51,238 INFO Progress | batches=2323 | indexed=4,646,000/25,558,768 (18.2%) | failed=0 | rate=382/s | ETA=15:11:23
2026-03-20 15:10:06,238 INFO Progress | batches=2326 | indexed=4,652,000/25,558,768 (18.2%) | failed=0 | rate=382/s | ETA=15:11:04
2026-03-20 15:10:21,244 INFO Progress | batches=2330 | indexed=4,660,000/25,558,768 (18.2%) | failed=0 | rate=383/s | ETA=15:10:17
2026-03-20 15:10:36,251 INFO Progress | batches=2332 | indexed=4,664,000/25,558,768 (18.2%) | failed=0 | rate=382/s | ETA=15:10:27
2026-03-20 15:10:51,259 INFO Progress | batches=2336 | indexed=4,672,000/25,558,768 (18.3%) | failed=0 | rate=383/s | ETA=15:09:40
2026-03-20 15:11:06,267 INFO Progress | batches=2337 | indexed=4,674,000/25,558,768 (18.3%) | failed=0 | rate=382/s | ETA=15:10:18
2026-03-20 15:11:21,275 INFO Progress | batches=2340 | indexed=4,680,000/25,558,768 (18.3%) | failed=0 | rate=382/s | ETA=15:09:59
2026-03-20 15:11:36,281 INFO Progress | batches=2343 | indexed=4,686,000/25,558,768 (18.3%) | failed=0 | rate=382/s | ETA=15:09:41
2026-03-20 15:11:51,285 INFO Progress | batches=2346 | indexed=4,692,000/25,558,768 (18.4%) | failed=0 | rate=382/s | ETA=15:09:22
2026-03-20 15:12:06,292 INFO Progress | batches=2348 | indexed=4,696,000/25,558,768 (18.4%) | failed=0 | rate=382/s | ETA=15:09:32
2026-03-20 15:12:21,302 INFO Progress | batches=2352 | indexed=4,704,000/25,558,768 (18.4%) | failed=0 | rate=382/s | ETA=15:08:44
2026-03-20 15:12:36,326 INFO Progress | batches=2354 | indexed=4,708,000/25,558,768 (18.4%) | failed=0 | rate=382/s | ETA=15:08:54
2026-03-20 15:12:51,358 INFO Progress | batches=2357 | indexed=4,714,000/25,558,768 (18.4%) | failed=0 | rate=382/s | ETA=15:08:36
2026-03-20 15:13:06,425 INFO Progress | batches=2359 | indexed=4,718,000/25,558,768 (18.5%) | failed=0 | rate=382/s | ETA=15:08:45
2026-03-20 15:13:21,493 INFO Progress | batches=2362 | indexed=4,724,000/25,558,768 (18.5%) | failed=0 | rate=382/s | ETA=15:08:27
2026-03-20 15:13:36,497 INFO Progress | batches=2366 | indexed=4,732,000/25,558,768 (18.5%) | failed=0 | rate=382/s | ETA=15:07:40
2026-03-20 15:13:51,502 INFO Progress | batches=2368 | indexed=4,736,000/25,558,768 (18.5%) | failed=0 | rate=382/s | ETA=15:07:50
2026-03-20 15:14:06,509 INFO Progress | batches=2372 | indexed=4,744,000/25,558,768 (18.6%) | failed=0 | rate=382/s | ETA=15:07:03
2026-03-20 15:14:21,515 INFO Progress | batches=2374 | indexed=4,748,000/25,558,768 (18.6%) | failed=0 | rate=382/s | ETA=15:07:12
2026-03-20 15:14:36,525 INFO Progress | batches=2377 | indexed=4,754,000/25,558,768 (18.6%) | failed=0 | rate=382/s | ETA=15:06:53
2026-03-20 15:14:51,544 INFO Progress | batches=2381 | indexed=4,762,000/25,558,768 (18.6%) | failed=0 | rate=383/s | ETA=15:06:07
2026-03-20 15:15:06,550 INFO Progress | batches=2384 | indexed=4,768,000/25,558,768 (18.7%) | failed=0 | rate=383/s | ETA=15:05:48
2026-03-20 15:15:21,556 INFO Progress | batches=2387 | indexed=4,774,000/25,558,768 (18.7%) | failed=0 | rate=383/s | ETA=15:05:29
2026-03-20 15:15:36,562 INFO Progress | batches=2390 | indexed=4,780,000/25,558,768 (18.7%) | failed=0 | rate=383/s | ETA=15:05:11
2026-03-20 15:15:51,575 INFO Progress | batches=2394 | indexed=4,788,000/25,558,768 (18.7%) | failed=0 | rate=383/s | ETA=15:04:24
2026-03-20 15:16:06,578 INFO Progress | batches=2396 | indexed=4,792,000/25,558,768 (18.7%) | failed=0 | rate=383/s | ETA=15:04:34
2026-03-20 15:16:21,587 INFO Progress | batches=2398 | indexed=4,796,000/25,558,768 (18.8%) | failed=0 | rate=382/s | ETA=15:04:43
2026-03-20 15:16:36,594 INFO Progress | batches=2402 | indexed=4,804,000/25,558,768 (18.8%) | failed=0 | rate=383/s | ETA=15:03:56
2026-03-20 15:16:51,599 INFO Progress | batches=2404 | indexed=4,808,000/25,558,768 (18.8%) | failed=0 | rate=383/s | ETA=15:04:06
2026-03-20 15:17:06,607 INFO Progress | batches=2407 | indexed=4,814,000/25,558,768 (18.8%) | failed=0 | rate=383/s | ETA=15:03:47
2026-03-20 15:17:21,613 INFO Progress | batches=2410 | indexed=4,820,000/25,558,768 (18.9%) | failed=0 | rate=383/s | ETA=15:03:28
2026-03-20 15:17:36,615 INFO Progress | batches=2413 | indexed=4,826,000/25,558,768 (18.9%) | failed=0 | rate=383/s | ETA=15:03:10
2026-03-20 15:17:51,775 INFO Progress | batches=2415 | indexed=4,830,000/25,558,768 (18.9%) | failed=0 | rate=382/s | ETA=15:03:19
2026-03-20 15:18:06,852 INFO Progress | batches=2419 | indexed=4,838,000/25,558,768 (18.9%) | failed=0 | rate=383/s | ETA=15:02:34
2026-03-20 15:18:21,859 INFO Progress | batches=2422 | indexed=4,844,000/25,558,768 (19.0%) | failed=0 | rate=383/s | ETA=15:02:15
2026-03-20 15:18:36,863 INFO Progress | batches=2425 | indexed=4,850,000/25,558,768 (19.0%) | failed=0 | rate=383/s | ETA=15:01:56
2026-03-20 15:18:51,870 INFO Progress | batches=2428 | indexed=4,856,000/25,558,768 (19.0%) | failed=0 | rate=383/s | ETA=15:01:38
2026-03-20 15:19:06,871 INFO Progress | batches=2433 | indexed=4,866,000/25,558,768 (19.0%) | failed=0 | rate=383/s | ETA=15:00:24
2026-03-20 15:19:21,877 INFO Progress | batches=2434 | indexed=4,868,000/25,558,768 (19.0%) | failed=0 | rate=383/s | ETA=15:01:01
2026-03-20 15:19:36,881 INFO Progress | batches=2437 | indexed=4,874,000/25,558,768 (19.1%) | failed=0 | rate=383/s | ETA=15:00:42
2026-03-20 15:19:51,990 INFO Progress | batches=2440 | indexed=4,880,000/25,558,768 (19.1%) | failed=0 | rate=383/s | ETA=15:00:24
2026-03-20 15:20:07,031 INFO Progress | batches=2442 | indexed=4,884,000/25,558,768 (19.1%) | failed=0 | rate=383/s | ETA=15:00:33
2026-03-20 15:20:22,032 INFO Progress | batches=2447 | indexed=4,894,000/25,558,768 (19.1%) | failed=0 | rate=383/s | ETA=14:59:20
2026-03-20 15:20:37,034 INFO Progress | batches=2449 | indexed=4,898,000/25,558,768 (19.2%) | failed=0 | rate=383/s | ETA=14:59:29
2026-03-20 15:20:52,057 INFO Progress | batches=2452 | indexed=4,904,000/25,558,768 (19.2%) | failed=0 | rate=383/s | ETA=14:59:10
2026-03-20 15:21:07,081 INFO Progress | batches=2457 | indexed=4,914,000/25,558,768 (19.2%) | failed=0 | rate=383/s | ETA=14:57:58
2026-03-20 15:21:22,085 INFO Progress | batches=2459 | indexed=4,918,000/25,558,768 (19.2%) | failed=0 | rate=383/s | ETA=14:58:06
2026-03-20 15:21:37,089 INFO Progress | batches=2463 | indexed=4,926,000/25,558,768 (19.3%) | failed=0 | rate=383/s | ETA=14:57:21
2026-03-20 15:21:52,095 INFO Progress | batches=2466 | indexed=4,932,000/25,558,768 (19.3%) | failed=0 | rate=383/s | ETA=14:57:02
2026-03-20 15:22:07,102 INFO Progress | batches=2469 | indexed=4,938,000/25,558,768 (19.3%) | failed=0 | rate=383/s | ETA=14:56:44
2026-03-20 15:22:22,103 INFO Progress | batches=2472 | indexed=4,944,000/25,558,768 (19.3%) | failed=0 | rate=383/s | ETA=14:56:26
2026-03-20 15:22:37,107 INFO Progress | batches=2476 | indexed=4,952,000/25,558,768 (19.4%) | failed=0 | rate=383/s | ETA=14:55:40
2026-03-20 15:22:52,113 INFO Progress | batches=2479 | indexed=4,958,000/25,558,768 (19.4%) | failed=0 | rate=383/s | ETA=14:55:22
2026-03-20 15:23:07,122 INFO Progress | batches=2481 | indexed=4,962,000/25,558,768 (19.4%) | failed=0 | rate=383/s | ETA=14:55:31
2026-03-20 15:23:22,338 INFO Progress | batches=2485 | indexed=4,970,000/25,558,768 (19.4%) | failed=0 | rate=383/s | ETA=14:54:46
2026-03-20 15:23:37,345 INFO Progress | batches=2488 | indexed=4,976,000/25,558,768 (19.5%) | failed=0 | rate=384/s | ETA=14:54:28
2026-03-20 15:23:52,383 INFO Progress | batches=2489 | indexed=4,978,000/25,558,768 (19.5%) | failed=0 | rate=383/s | ETA=14:55:03
2026-03-20 15:24:07,407 INFO Progress | batches=2492 | indexed=4,984,000/25,558,768 (19.5%) | failed=0 | rate=383/s | ETA=14:54:45
2026-03-20 15:24:22,413 INFO Progress | batches=2495 | indexed=4,990,000/25,558,768 (19.5%) | failed=0 | rate=383/s | ETA=14:54:27
2026-03-20 15:24:37,419 INFO Progress | batches=2497 | indexed=4,994,000/25,558,768 (19.5%) | failed=0 | rate=383/s | ETA=14:54:35
2026-03-20 15:24:52,421 INFO Progress | batches=2500 | indexed=5,000,000/25,558,768 (19.6%) | failed=0 | rate=383/s | ETA=14:54:17
2026-03-20 15:25:07,442 INFO Progress | batches=2503 | indexed=5,006,000/25,558,768 (19.6%) | failed=0 | rate=383/s | ETA=14:53:59
2026-03-20 15:25:22,451 INFO Progress | batches=2506 | indexed=5,012,000/25,558,768 (19.6%) | failed=0 | rate=383/s | ETA=14:53:40
2026-03-20 15:25:37,459 INFO Progress | batches=2509 | indexed=5,018,000/25,558,768 (19.6%) | failed=0 | rate=383/s | ETA=14:53:22
2026-03-20 15:25:52,468 INFO Progress | batches=2513 | indexed=5,026,000/25,558,768 (19.7%) | failed=0 | rate=383/s | ETA=14:52:37
2026-03-20 15:26:07,475 INFO Progress | batches=2515 | indexed=5,030,000/25,558,768 (19.7%) | failed=0 | rate=383/s | ETA=14:52:45
2026-03-20 15:26:22,494 INFO Progress | batches=2517 | indexed=5,034,000/25,558,768 (19.7%) | failed=0 | rate=383/s | ETA=14:52:54
2026-03-20 15:26:37,733 INFO Progress | batches=2520 | indexed=5,040,000/25,558,768 (19.7%) | failed=0 | rate=383/s | ETA=14:52:36
2026-03-20 15:26:52,744 INFO Progress | batches=2525 | indexed=5,050,000/25,558,768 (19.8%) | failed=0 | rate=383/s | ETA=14:51:25
2026-03-20 15:27:07,751 INFO Progress | batches=2526 | indexed=5,052,000/25,558,768 (19.8%) | failed=0 | rate=383/s | ETA=14:52:00
2026-03-20 15:27:22,756 INFO Progress | batches=2529 | indexed=5,058,000/25,558,768 (19.8%) | failed=0 | rate=383/s | ETA=14:51:41
2026-03-20 15:27:37,761 INFO Progress | batches=2533 | indexed=5,066,000/25,558,768 (19.8%) | failed=0 | rate=383/s | ETA=14:50:57
2026-03-20 15:27:52,763 INFO Progress | batches=2535 | indexed=5,070,000/25,558,768 (19.8%) | failed=0 | rate=383/s | ETA=14:51:05
2026-03-20 15:28:07,809 INFO Progress | batches=2537 | indexed=5,074,000/25,558,768 (19.9%) | failed=0 | rate=383/s | ETA=14:51:13
2026-03-20 15:28:22,820 INFO Progress | batches=2542 | indexed=5,084,000/25,558,768 (19.9%) | failed=0 | rate=383/s | ETA=14:50:02
2026-03-20 15:28:37,822 INFO Progress | batches=2543 | indexed=5,086,000/25,558,768 (19.9%) | failed=0 | rate=383/s | ETA=14:50:36
2026-03-20 15:28:52,824 INFO Progress | batches=2545 | indexed=5,090,000/25,558,768 (19.9%) | failed=0 | rate=383/s | ETA=14:50:44
2026-03-20 15:29:07,829 INFO Progress | batches=2546 | indexed=5,092,000/25,558,768 (19.9%) | failed=0 | rate=383/s | ETA=14:51:18
2026-03-20 15:29:22,835 INFO Progress | batches=2550 | indexed=5,100,000/25,558,768 (20.0%) | failed=0 | rate=383/s | ETA=14:50:34
2026-03-20 15:29:37,842 INFO Progress | batches=2553 | indexed=5,106,000/25,558,768 (20.0%) | failed=0 | rate=383/s | ETA=14:50:15
2026-03-20 15:29:52,849 INFO Progress | batches=2554 | indexed=5,108,000/25,558,768 (20.0%) | failed=0 | rate=383/s | ETA=14:50:49
2026-03-20 15:30:07,855 INFO Progress | batches=2558 | indexed=5,116,000/25,558,768 (20.0%) | failed=0 | rate=383/s | ETA=14:50:05
2026-03-20 15:30:22,859 INFO Progress | batches=2561 | indexed=5,122,000/25,558,768 (20.0%) | failed=0 | rate=383/s | ETA=14:49:46
2026-03-20 15:30:37,865 INFO Progress | batches=2564 | indexed=5,128,000/25,558,768 (20.1%) | failed=0 | rate=383/s | ETA=14:49:28
2026-03-20 15:30:52,870 INFO Progress | batches=2566 | indexed=5,132,000/25,558,768 (20.1%) | failed=0 | rate=383/s | ETA=14:49:36
2026-03-20 15:31:07,926 INFO Progress | batches=2568 | indexed=5,136,000/25,558,768 (20.1%) | failed=0 | rate=383/s | ETA=14:49:44
2026-03-20 15:31:22,937 INFO Progress | batches=2573 | indexed=5,146,000/25,558,768 (20.1%) | failed=0 | rate=383/s | ETA=14:48:33
2026-03-20 15:31:37,943 INFO Progress | batches=2574 | indexed=5,148,000/25,558,768 (20.1%) | failed=0 | rate=383/s | ETA=14:49:07
2026-03-20 15:31:52,949 INFO Progress | batches=2575 | indexed=5,150,000/25,558,768 (20.1%) | failed=0 | rate=382/s | ETA=14:49:40
2026-03-20 15:32:07,952 INFO Progress | batches=2578 | indexed=5,156,000/25,558,768 (20.2%) | failed=0 | rate=382/s | ETA=14:49:22
2026-03-20 15:32:22,957 INFO Progress | batches=2581 | indexed=5,162,000/25,558,768 (20.2%) | failed=0 | rate=382/s | ETA=14:49:04
2026-03-20 15:32:37,965 INFO Progress | batches=2584 | indexed=5,168,000/25,558,768 (20.2%) | failed=0 | rate=382/s | ETA=14:48:45
2026-03-20 15:32:52,971 INFO Progress | batches=2587 | indexed=5,174,000/25,558,768 (20.2%) | failed=0 | rate=382/s | ETA=14:48:27
2026-03-20 15:33:07,975 INFO Progress | batches=2590 | indexed=5,180,000/25,558,768 (20.3%) | failed=0 | rate=382/s | ETA=14:48:08
2026-03-20 15:33:22,978 INFO Progress | batches=2593 | indexed=5,186,000/25,558,768 (20.3%) | failed=0 | rate=382/s | ETA=14:47:50
2026-03-20 15:33:37,980 INFO Progress | batches=2595 | indexed=5,190,000/25,558,768 (20.3%) | failed=0 | rate=382/s | ETA=14:47:57
2026-03-20 15:33:52,983 INFO Progress | batches=2599 | indexed=5,198,000/25,558,768 (20.3%) | failed=0 | rate=382/s | ETA=14:47:13
2026-03-20 15:34:07,986 INFO Progress | batches=2601 | indexed=5,202,000/25,558,768 (20.4%) | failed=0 | rate=382/s | ETA=14:47:21
2026-03-20 15:34:22,992 INFO Progress | batches=2604 | indexed=5,208,000/25,558,768 (20.4%) | failed=0 | rate=382/s | ETA=14:47:02
2026-03-20 15:34:37,999 INFO Progress | batches=2607 | indexed=5,214,000/25,558,768 (20.4%) | failed=0 | rate=382/s | ETA=14:46:44
2026-03-20 15:34:53,005 INFO Progress | batches=2608 | indexed=5,216,000/25,558,768 (20.4%) | failed=0 | rate=382/s | ETA=14:47:17
2026-03-20 15:35:08,011 INFO Progress | batches=2612 | indexed=5,224,000/25,558,768 (20.4%) | failed=0 | rate=382/s | ETA=14:46:33
2026-03-20 15:35:23,016 INFO Progress | batches=2614 | indexed=5,228,000/25,558,768 (20.5%) | failed=0 | rate=382/s | ETA=14:46:40
2026-03-20 15:35:38,019 INFO Progress | batches=2617 | indexed=5,234,000/25,558,768 (20.5%) | failed=0 | rate=382/s | ETA=14:46:22
2026-03-20 15:35:53,023 INFO Progress | batches=2621 | indexed=5,242,000/25,558,768 (20.5%) | failed=0 | rate=382/s | ETA=14:45:38
2026-03-20 15:36:08,030 INFO Progress | batches=2622 | indexed=5,244,000/25,558,768 (20.5%) | failed=0 | rate=382/s | ETA=14:46:10
2026-03-20 15:36:23,039 INFO Progress | batches=2627 | indexed=5,254,000/25,558,768 (20.6%) | failed=0 | rate=382/s | ETA=14:45:01
2026-03-20 15:36:38,048 INFO Progress | batches=2629 | indexed=5,258,000/25,558,768 (20.6%) | failed=0 | rate=382/s | ETA=14:45:08
2026-03-20 15:36:53,056 INFO Progress | batches=2632 | indexed=5,264,000/25,558,768 (20.6%) | failed=0 | rate=382/s | ETA=14:44:50
2026-03-20 15:37:08,068 INFO Progress | batches=2636 | indexed=5,272,000/25,558,768 (20.6%) | failed=0 | rate=382/s | ETA=14:44:06
2026-03-20 15:37:23,072 INFO Progress | batches=2640 | indexed=5,280,000/25,558,768 (20.7%) | failed=0 | rate=383/s | ETA=14:43:22
2026-03-20 15:37:38,078 INFO Progress | batches=2642 | indexed=5,284,000/25,558,768 (20.7%) | failed=0 | rate=382/s | ETA=14:43:29
2026-03-20 15:37:53,083 INFO Progress | batches=2643 | indexed=5,286,000/25,558,768 (20.7%) | failed=0 | rate=382/s | ETA=14:44:02
2026-03-20 15:38:08,090 INFO Progress | batches=2647 | indexed=5,294,000/25,558,768 (20.7%) | failed=0 | rate=382/s | ETA=14:43:18
2026-03-20 15:38:23,098 INFO Progress | batches=2650 | indexed=5,300,000/25,558,768 (20.7%) | failed=0 | rate=382/s | ETA=14:43:00
2026-03-20 15:38:38,100 INFO Progress | batches=2653 | indexed=5,306,000/25,558,768 (20.8%) | failed=0 | rate=382/s | ETA=14:42:41
2026-03-20 15:38:53,103 INFO Progress | batches=2655 | indexed=5,310,000/25,558,768 (20.8%) | failed=0 | rate=382/s | ETA=14:42:48
2026-03-20 15:39:08,109 INFO Progress | batches=2658 | indexed=5,316,000/25,558,768 (20.8%) | failed=0 | rate=382/s | ETA=14:42:30
2026-03-20 15:39:23,113 INFO Progress | batches=2661 | indexed=5,322,000/25,558,768 (20.8%) | failed=0 | rate=382/s | ETA=14:42:12
2026-03-20 15:39:38,115 INFO Progress | batches=2664 | indexed=5,328,000/25,558,768 (20.8%) | failed=0 | rate=382/s | ETA=14:41:53
2026-03-20 15:39:53,119 INFO Progress | batches=2668 | indexed=5,336,000/25,558,768 (20.9%) | failed=0 | rate=382/s | ETA=14:41:10
2026-03-20 15:40:08,125 INFO Progress | batches=2669 | indexed=5,338,000/25,558,768 (20.9%) | failed=0 | rate=382/s | ETA=14:41:42
2026-03-20 15:40:23,128 INFO Progress | batches=2672 | indexed=5,344,000/25,558,768 (20.9%) | failed=0 | rate=382/s | ETA=14:41:23
2026-03-20 15:40:38,132 INFO Progress | batches=2674 | indexed=5,348,000/25,558,768 (20.9%) | failed=0 | rate=382/s | ETA=14:41:30
2026-03-20 15:40:53,140 INFO Progress | batches=2676 | indexed=5,352,000/25,558,768 (20.9%) | failed=0 | rate=382/s | ETA=14:41:37
2026-03-20 15:41:08,143 INFO Progress | batches=2678 | indexed=5,356,000/25,558,768 (21.0%) | failed=0 | rate=382/s | ETA=14:41:43
2026-03-20 15:41:23,149 INFO Progress | batches=2681 | indexed=5,362,000/25,558,768 (21.0%) | failed=0 | rate=382/s | ETA=14:41:25
2026-03-20 15:41:38,155 INFO Progress | batches=2685 | indexed=5,370,000/25,558,768 (21.0%) | failed=0 | rate=382/s | ETA=14:40:42
2026-03-20 15:41:53,161 INFO Progress | batches=2688 | indexed=5,376,000/25,558,768 (21.0%) | failed=0 | rate=382/s | ETA=14:40:23
2026-03-20 15:42:08,166 INFO Progress | batches=2690 | indexed=5,380,000/25,558,768 (21.0%) | failed=0 | rate=382/s | ETA=14:40:30
2026-03-20 15:42:23,173 INFO Progress | batches=2692 | indexed=5,384,000/25,558,768 (21.1%) | failed=0 | rate=382/s | ETA=14:40:37
2026-03-20 15:42:38,179 INFO Progress | batches=2695 | indexed=5,390,000/25,558,768 (21.1%) | failed=0 | rate=382/s | ETA=14:40:18
2026-03-20 15:42:53,187 INFO Progress | batches=2699 | indexed=5,398,000/25,558,768 (21.1%) | failed=0 | rate=382/s | ETA=14:39:35
2026-03-20 15:43:08,210 INFO Progress | batches=2701 | indexed=5,402,000/25,558,768 (21.1%) | failed=0 | rate=382/s | ETA=14:39:42
2026-03-20 15:43:23,221 INFO Progress | batches=2704 | indexed=5,408,000/25,558,768 (21.2%) | failed=0 | rate=382/s | ETA=14:39:23
2026-03-20 15:43:38,229 INFO Progress | batches=2706 | indexed=5,412,000/25,558,768 (21.2%) | failed=0 | rate=382/s | ETA=14:39:30
2026-03-20 15:43:53,236 INFO Progress | batches=2708 | indexed=5,416,000/25,558,768 (21.2%) | failed=0 | rate=382/s | ETA=14:39:36
2026-03-20 15:44:08,239 INFO Progress | batches=2711 | indexed=5,422,000/25,558,768 (21.2%) | failed=0 | rate=382/s | ETA=14:39:18
2026-03-20 15:44:23,243 INFO Progress | batches=2714 | indexed=5,428,000/25,558,768 (21.2%) | failed=0 | rate=382/s | ETA=14:38:59
2026-03-20 15:44:38,245 INFO Progress | batches=2717 | indexed=5,434,000/25,558,768 (21.3%) | failed=0 | rate=382/s | ETA=14:38:41
2026-03-20 15:44:53,251 INFO Progress | batches=2719 | indexed=5,438,000/25,558,768 (21.3%) | failed=0 | rate=382/s | ETA=14:38:47
2026-03-20 15:45:08,264 INFO Progress | batches=2722 | indexed=5,444,000/25,558,768 (21.3%) | failed=0 | rate=382/s | ETA=14:38:29
2026-03-20 15:45:23,274 INFO Progress | batches=2725 | indexed=5,450,000/25,558,768 (21.3%) | failed=0 | rate=382/s | ETA=14:38:10
2026-03-20 15:45:38,280 INFO Progress | batches=2729 | indexed=5,458,000/25,558,768 (21.4%) | failed=0 | rate=382/s | ETA=14:37:28
2026-03-20 15:45:53,289 INFO Progress | batches=2732 | indexed=5,464,000/25,558,768 (21.4%) | failed=0 | rate=382/s | ETA=14:37:09
2026-03-20 15:46:08,295 INFO Progress | batches=2735 | indexed=5,470,000/25,558,768 (21.4%) | failed=0 | rate=382/s | ETA=14:36:51
2026-03-20 15:46:23,299 INFO Progress | batches=2737 | indexed=5,474,000/25,558,768 (21.4%) | failed=0 | rate=382/s | ETA=14:36:57
2026-03-20 15:46:38,305 INFO Progress | batches=2741 | indexed=5,482,000/25,558,768 (21.4%) | failed=0 | rate=382/s | ETA=14:36:14
2026-03-20 15:46:53,307 INFO Progress | batches=2744 | indexed=5,488,000/25,558,768 (21.5%) | failed=0 | rate=382/s | ETA=14:35:56
2026-03-20 15:47:08,313 INFO Progress | batches=2747 | indexed=5,494,000/25,558,768 (21.5%) | failed=0 | rate=382/s | ETA=14:35:38
2026-03-20 15:47:23,317 INFO Progress | batches=2751 | indexed=5,502,000/25,558,768 (21.5%) | failed=0 | rate=382/s | ETA=14:34:55
2026-03-20 15:47:38,322 INFO Progress | batches=2752 | indexed=5,504,000/25,558,768 (21.5%) | failed=0 | rate=382/s | ETA=14:35:25
2026-03-20 15:47:53,537 INFO Progress | batches=2755 | indexed=5,510,000/25,558,768 (21.6%) | failed=0 | rate=382/s | ETA=14:35:08
2026-03-20 15:48:08,556 INFO Progress | batches=2758 | indexed=5,516,000/25,558,768 (21.6%) | failed=0 | rate=382/s | ETA=14:34:50
2026-03-20 15:48:23,565 INFO Progress | batches=2762 | indexed=5,524,000/25,558,768 (21.6%) | failed=0 | rate=382/s | ETA=14:34:07
2026-03-20 15:48:38,589 INFO Progress | batches=2765 | indexed=5,530,000/25,558,768 (21.6%) | failed=0 | rate=382/s | ETA=14:33:49
2026-03-20 15:48:53,602 INFO Progress | batches=2768 | indexed=5,536,000/25,558,768 (21.7%) | failed=0 | rate=382/s | ETA=14:33:31
2026-03-20 15:49:08,610 INFO Progress | batches=2771 | indexed=5,542,000/25,558,768 (21.7%) | failed=0 | rate=382/s | ETA=14:33:13
2026-03-20 15:49:23,614 INFO Progress | batches=2776 | indexed=5,552,000/25,558,768 (21.7%) | failed=0 | rate=382/s | ETA=14:32:06
2026-03-20 15:49:38,618 INFO Progress | batches=2779 | indexed=5,558,000/25,558,768 (21.7%) | failed=0 | rate=382/s | ETA=14:31:48
2026-03-20 15:49:53,623 INFO Progress | batches=2782 | indexed=5,564,000/25,558,768 (21.8%) | failed=0 | rate=382/s | ETA=14:31:30
2026-03-20 15:50:08,631 INFO Progress | batches=2785 | indexed=5,570,000/25,558,768 (21.8%) | failed=0 | rate=382/s | ETA=14:31:12
2026-03-20 15:50:23,635 INFO Progress | batches=2788 | indexed=5,576,000/25,558,768 (21.8%) | failed=0 | rate=382/s | ETA=14:30:53
2026-03-20 15:50:38,639 INFO Progress | batches=2791 | indexed=5,582,000/25,558,768 (21.8%) | failed=0 | rate=382/s | ETA=14:30:35
2026-03-20 15:50:53,651 INFO Progress | batches=2794 | indexed=5,588,000/25,558,768 (21.9%) | failed=0 | rate=382/s | ETA=14:30:17
2026-03-20 15:51:08,655 INFO Progress | batches=2798 | indexed=5,596,000/25,558,768 (21.9%) | failed=0 | rate=383/s | ETA=14:29:35
2026-03-20 15:51:23,859 INFO Progress | batches=2800 | indexed=5,600,000/25,558,768 (21.9%) | failed=0 | rate=382/s | ETA=14:29:42
2026-03-20 15:51:38,899 INFO Progress | batches=2804 | indexed=5,608,000/25,558,768 (21.9%) | failed=0 | rate=383/s | ETA=14:29:00
2026-03-20 15:51:53,901 INFO Progress | batches=2807 | indexed=5,614,000/25,558,768 (22.0%) | failed=0 | rate=383/s | ETA=14:28:42
2026-03-20 15:52:08,904 INFO Progress | batches=2809 | indexed=5,618,000/25,558,768 (22.0%) | failed=0 | rate=383/s | ETA=14:28:47
2026-03-20 15:52:23,915 INFO Progress | batches=2810 | indexed=5,620,000/25,558,768 (22.0%) | failed=0 | rate=382/s | ETA=14:29:17
2026-03-20 15:52:38,926 INFO Progress | batches=2814 | indexed=5,628,000/25,558,768 (22.0%) | failed=0 | rate=382/s | ETA=14:28:35
2026-03-20 15:52:53,931 INFO Progress | batches=2817 | indexed=5,634,000/25,558,768 (22.0%) | failed=0 | rate=382/s | ETA=14:28:17
2026-03-20 15:53:08,933 INFO Progress | batches=2819 | indexed=5,638,000/25,558,768 (22.1%) | failed=0 | rate=382/s | ETA=14:28:23
2026-03-20 15:53:23,939 INFO Progress | batches=2824 | indexed=5,648,000/25,558,768 (22.1%) | failed=0 | rate=383/s | ETA=14:27:17
2026-03-20 15:53:38,942 INFO Progress | batches=2825 | indexed=5,650,000/25,558,768 (22.1%) | failed=0 | rate=382/s | ETA=14:27:46
2026-03-20 15:53:53,943 INFO Progress | batches=2829 | indexed=5,658,000/25,558,768 (22.1%) | failed=0 | rate=383/s | ETA=14:27:05
2026-03-20 15:54:08,954 INFO Progress | batches=2831 | indexed=5,662,000/25,558,768 (22.2%) | failed=0 | rate=382/s | ETA=14:27:10
2026-03-20 15:54:23,955 INFO Progress | batches=2834 | indexed=5,668,000/25,558,768 (22.2%) | failed=0 | rate=382/s | ETA=14:26:52
2026-03-20 15:54:38,962 INFO Progress | batches=2836 | indexed=5,672,000/25,558,768 (22.2%) | failed=0 | rate=382/s | ETA=14:26:57
2026-03-20 15:54:53,965 INFO Progress | batches=2839 | indexed=5,678,000/25,558,768 (22.2%) | failed=0 | rate=382/s | ETA=14:26:39
2026-03-20 15:55:08,974 INFO Progress | batches=2842 | indexed=5,684,000/25,558,768 (22.2%) | failed=0 | rate=382/s | ETA=14:26:21
2026-03-20 15:55:23,982 INFO Progress | batches=2845 | indexed=5,690,000/25,558,768 (22.3%) | failed=0 | rate=382/s | ETA=14:26:03
2026-03-20 15:55:38,988 INFO Progress | batches=2848 | indexed=5,696,000/25,558,768 (22.3%) | failed=0 | rate=382/s | ETA=14:25:45
2026-03-20 15:55:53,999 INFO Progress | batches=2851 | indexed=5,702,000/25,558,768 (22.3%) | failed=0 | rate=382/s | ETA=14:25:27
2026-03-20 15:56:09,007 INFO Progress | batches=2855 | indexed=5,710,000/25,558,768 (22.3%) | failed=0 | rate=383/s | ETA=14:24:46
2026-03-20 15:56:24,012 INFO Progress | batches=2856 | indexed=5,712,000/25,558,768 (22.3%) | failed=0 | rate=382/s | ETA=14:25:14
2026-03-20 15:56:39,019 INFO Progress | batches=2860 | indexed=5,720,000/25,558,768 (22.4%) | failed=0 | rate=382/s | ETA=14:24:33
2026-03-20 15:56:54,031 INFO Progress | batches=2863 | indexed=5,726,000/25,558,768 (22.4%) | failed=0 | rate=382/s | ETA=14:24:15
2026-03-20 15:57:09,039 INFO Progress | batches=2866 | indexed=5,732,000/25,558,768 (22.4%) | failed=0 | rate=382/s | ETA=14:23:57
2026-03-20 15:57:24,043 INFO Progress | batches=2869 | indexed=5,738,000/25,558,768 (22.5%) | failed=0 | rate=382/s | ETA=14:23:39
2026-03-20 15:57:39,047 INFO Progress | batches=2872 | indexed=5,744,000/25,558,768 (22.5%) | failed=0 | rate=383/s | ETA=14:23:21
2026-03-20 15:57:54,057 INFO Progress | batches=2874 | indexed=5,748,000/25,558,768 (22.5%) | failed=0 | rate=382/s | ETA=14:23:26
2026-03-20 15:58:09,067 INFO Progress | batches=2877 | indexed=5,754,000/25,558,768 (22.5%) | failed=0 | rate=382/s | ETA=14:23:08
2026-03-20 15:58:24,082 INFO Progress | batches=2879 | indexed=5,758,000/25,558,768 (22.5%) | failed=0 | rate=382/s | ETA=14:23:13
2026-03-20 15:58:39,108 INFO Progress | batches=2883 | indexed=5,766,000/25,558,768 (22.6%) | failed=0 | rate=382/s | ETA=14:22:32
2026-03-20 15:58:54,114 INFO Progress | batches=2886 | indexed=5,772,000/25,558,768 (22.6%) | failed=0 | rate=382/s | ETA=14:22:14
2026-03-20 15:59:09,125 INFO Progress | batches=2890 | indexed=5,780,000/25,558,768 (22.6%) | failed=0 | rate=383/s | ETA=14:21:33
2026-03-20 15:59:24,132 INFO Progress | batches=2892 | indexed=5,784,000/25,558,768 (22.6%) | failed=0 | rate=383/s | ETA=14:21:38
2026-03-20 15:59:39,133 INFO Progress | batches=2895 | indexed=5,790,000/25,558,768 (22.7%) | failed=0 | rate=383/s | ETA=14:21:20
2026-03-20 15:59:54,139 INFO Progress | batches=2898 | indexed=5,796,000/25,558,768 (22.7%) | failed=0 | rate=383/s | ETA=14:21:02
2026-03-20 16:00:09,149 INFO Progress | batches=2901 | indexed=5,802,000/25,558,768 (22.7%) | failed=0 | rate=383/s | ETA=14:20:44
2026-03-20 16:00:24,152 INFO Progress | batches=2904 | indexed=5,808,000/25,558,768 (22.7%) | failed=0 | rate=383/s | ETA=14:20:26
2026-03-20 16:00:39,163 INFO Progress | batches=2907 | indexed=5,814,000/25,558,768 (22.7%) | failed=0 | rate=383/s | ETA=14:20:08
2026-03-20 16:00:54,175 INFO Progress | batches=2910 | indexed=5,820,000/25,558,768 (22.8%) | failed=0 | rate=383/s | ETA=14:19:50
2026-03-20 16:01:09,184 INFO Progress | batches=2913 | indexed=5,826,000/25,558,768 (22.8%) | failed=0 | rate=383/s | ETA=14:19:32
2026-03-20 16:01:24,192 INFO Progress | batches=2916 | indexed=5,832,000/25,558,768 (22.8%) | failed=0 | rate=383/s | ETA=14:19:14
2026-03-20 16:01:39,199 INFO Progress | batches=2919 | indexed=5,838,000/25,558,768 (22.8%) | failed=0 | rate=383/s | ETA=14:18:56
2026-03-20 16:01:54,212 INFO Progress | batches=2922 | indexed=5,844,000/25,558,768 (22.9%) | failed=0 | rate=383/s | ETA=14:18:38
2026-03-20 16:02:09,216 INFO Progress | batches=2925 | indexed=5,850,000/25,558,768 (22.9%) | failed=0 | rate=383/s | ETA=14:18:20
2026-03-20 16:02:24,220 INFO Progress | batches=2925 | indexed=5,850,000/25,558,768 (22.9%) | failed=0 | rate=382/s | ETA=14:19:11
2026-03-20 16:02:39,223 INFO Progress | batches=2930 | indexed=5,860,000/25,558,768 (22.9%) | failed=0 | rate=383/s | ETA=14:18:07
2026-03-20 16:02:54,235 INFO Progress | batches=2933 | indexed=5,866,000/25,558,768 (23.0%) | failed=0 | rate=383/s | ETA=14:17:49
2026-03-20 16:03:09,240 INFO Progress | batches=2934 | indexed=5,868,000/25,558,768 (23.0%) | failed=0 | rate=382/s | ETA=14:18:17
2026-03-20 16:03:24,247 INFO Progress | batches=2938 | indexed=5,876,000/25,558,768 (23.0%) | failed=0 | rate=383/s | ETA=14:17:36
2026-03-20 16:03:39,250 INFO Progress | batches=2940 | indexed=5,880,000/25,558,768 (23.0%) | failed=0 | rate=382/s | ETA=14:17:41
2026-03-20 16:03:54,260 INFO Progress | batches=2944 | indexed=5,888,000/25,558,768 (23.0%) | failed=0 | rate=383/s | ETA=14:17:00
2026-03-20 16:04:09,272 INFO Progress | batches=2947 | indexed=5,894,000/25,558,768 (23.1%) | failed=0 | rate=383/s | ETA=14:16:42
2026-03-20 16:04:24,284 INFO Progress | batches=2948 | indexed=5,896,000/25,558,768 (23.1%) | failed=0 | rate=382/s | ETA=14:17:10
2026-03-20 16:04:39,287 INFO Progress | batches=2951 | indexed=5,902,000/25,558,768 (23.1%) | failed=0 | rate=382/s | ETA=14:16:52
2026-03-20 16:04:54,292 INFO Progress | batches=2954 | indexed=5,908,000/25,558,768 (23.1%) | failed=0 | rate=382/s | ETA=14:16:34
2026-03-20 16:05:09,298 INFO Progress | batches=2957 | indexed=5,914,000/25,558,768 (23.1%) | failed=0 | rate=382/s | ETA=14:16:16
2026-03-20 16:05:24,305 INFO Progress | batches=2959 | indexed=5,918,000/25,558,768 (23.2%) | failed=0 | rate=382/s | ETA=14:16:20
2026-03-20 16:05:39,315 INFO Progress | batches=2962 | indexed=5,924,000/25,558,768 (23.2%) | failed=0 | rate=382/s | ETA=14:16:02
2026-03-20 16:05:54,317 INFO Progress | batches=2964 | indexed=5,928,000/25,558,768 (23.2%) | failed=0 | rate=382/s | ETA=14:16:07
2026-03-20 16:06:09,458 INFO Progress | batches=2967 | indexed=5,934,000/25,558,768 (23.2%) | failed=0 | rate=382/s | ETA=14:15:49
2026-03-20 16:06:24,616 INFO Progress | batches=2969 | indexed=5,938,000/25,558,768 (23.2%) | failed=0 | rate=382/s | ETA=14:15:54
2026-03-20 16:06:39,633 INFO Progress | batches=2972 | indexed=5,944,000/25,558,768 (23.3%) | failed=0 | rate=382/s | ETA=14:15:36
2026-03-20 16:06:54,656 INFO Progress | batches=2975 | indexed=5,950,000/25,558,768 (23.3%) | failed=0 | rate=382/s | ETA=14:15:18
2026-03-20 16:07:09,659 INFO Progress | batches=2980 | indexed=5,960,000/25,558,768 (23.3%) | failed=0 | rate=382/s | ETA=14:14:16
2026-03-20 16:07:24,662 INFO Progress | batches=2982 | indexed=5,964,000/25,558,768 (23.3%) | failed=0 | rate=382/s | ETA=14:14:20
2026-03-20 16:07:39,673 INFO Progress | batches=2986 | indexed=5,972,000/25,558,768 (23.4%) | failed=0 | rate=382/s | ETA=14:13:40
2026-03-20 16:07:54,684 INFO Progress | batches=2988 | indexed=5,976,000/25,558,768 (23.4%) | failed=0 | rate=382/s | ETA=14:13:44
2026-03-20 16:08:09,696 INFO Progress | batches=2992 | indexed=5,984,000/25,558,768 (23.4%) | failed=0 | rate=382/s | ETA=14:13:04
2026-03-20 16:08:24,706 INFO Progress | batches=2994 | indexed=5,988,000/25,558,768 (23.4%) | failed=0 | rate=382/s | ETA=14:13:08
2026-03-20 16:08:39,742 INFO Progress | batches=2998 | indexed=5,996,000/25,558,768 (23.5%) | failed=0 | rate=382/s | ETA=14:12:28
2026-03-20 16:08:54,745 INFO Progress | batches=3002 | indexed=6,004,000/25,558,768 (23.5%) | failed=0 | rate=383/s | ETA=14:11:48
2026-03-20 16:09:09,752 INFO Progress | batches=3004 | indexed=6,008,000/25,558,768 (23.5%) | failed=0 | rate=383/s | ETA=14:11:52
2026-03-20 16:09:24,758 INFO Progress | batches=3009 | indexed=6,018,000/25,558,768 (23.5%) | failed=0 | rate=383/s | ETA=14:10:50
2026-03-20 16:09:39,765 INFO Progress | batches=3010 | indexed=6,020,000/25,558,768 (23.6%) | failed=0 | rate=383/s | ETA=14:11:17
2026-03-20 16:09:54,778 INFO Progress | batches=3014 | indexed=6,028,000/25,558,768 (23.6%) | failed=0 | rate=383/s | ETA=14:10:36
2026-03-20 16:10:09,793 INFO Progress | batches=3016 | indexed=6,032,000/25,558,768 (23.6%) | failed=0 | rate=383/s | ETA=14:10:41
2026-03-20 16:10:24,820 INFO Progress | batches=3019 | indexed=6,038,000/25,558,768 (23.6%) | failed=0 | rate=383/s | ETA=14:10:23
2026-03-20 16:10:39,827 INFO Progress | batches=3021 | indexed=6,042,000/25,558,768 (23.6%) | failed=0 | rate=382/s | ETA=14:10:27
2026-03-20 16:10:54,841 INFO Progress | batches=3025 | indexed=6,050,000/25,558,768 (23.7%) | failed=0 | rate=383/s | ETA=14:09:47
2026-03-20 16:11:09,850 INFO Progress | batches=3028 | indexed=6,056,000/25,558,768 (23.7%) | failed=0 | rate=383/s | ETA=14:09:29
2026-03-20 16:11:24,856 INFO Progress | batches=3029 | indexed=6,058,000/25,558,768 (23.7%) | failed=0 | rate=382/s | ETA=14:09:56
2026-03-20 16:11:39,863 INFO Progress | batches=3033 | indexed=6,066,000/25,558,768 (23.7%) | failed=0 | rate=383/s | ETA=14:09:16
2026-03-20 16:11:54,871 INFO Progress | batches=3036 | indexed=6,072,000/25,558,768 (23.8%) | failed=0 | rate=383/s | ETA=14:08:58
2026-03-20 16:12:09,880 INFO Progress | batches=3039 | indexed=6,078,000/25,558,768 (23.8%) | failed=0 | rate=383/s | ETA=14:08:40
2026-03-20 16:12:24,892 INFO Progress | batches=3042 | indexed=6,084,000/25,558,768 (23.8%) | failed=0 | rate=383/s | ETA=14:08:22
2026-03-20 16:12:39,905 INFO Progress | batches=3045 | indexed=6,090,000/25,558,768 (23.8%) | failed=0 | rate=383/s | ETA=14:08:04
2026-03-20 16:12:54,925 INFO Progress | batches=3048 | indexed=6,096,000/25,558,768 (23.9%) | failed=0 | rate=383/s | ETA=14:07:47
2026-03-20 16:13:09,930 INFO Progress | batches=3051 | indexed=6,102,000/25,558,768 (23.9%) | failed=0 | rate=383/s | ETA=14:07:29
2026-03-20 16:13:24,941 INFO Progress | batches=3055 | indexed=6,110,000/25,558,768 (23.9%) | failed=0 | rate=383/s | ETA=14:06:49
2026-03-20 16:13:39,944 INFO Progress | batches=3057 | indexed=6,114,000/25,558,768 (23.9%) | failed=0 | rate=383/s | ETA=14:06:53
2026-03-20 16:13:54,958 INFO Progress | batches=3057 | indexed=6,114,000/25,558,768 (23.9%) | failed=0 | rate=382/s | ETA=14:07:41
2026-03-20 16:14:09,963 INFO Progress | batches=3063 | indexed=6,126,000/25,558,768 (24.0%) | failed=0 | rate=383/s | ETA=14:06:18
2026-03-20 16:14:24,996 INFO Progress | batches=3065 | indexed=6,130,000/25,558,768 (24.0%) | failed=0 | rate=383/s | ETA=14:06:22
2026-03-20 16:14:40,026 INFO Progress | batches=3068 | indexed=6,136,000/25,558,768 (24.0%) | failed=0 | rate=383/s | ETA=14:06:04
2026-03-20 16:14:55,051 INFO Progress | batches=3072 | indexed=6,144,000/25,558,768 (24.0%) | failed=0 | rate=383/s | ETA=14:05:24
2026-03-20 16:15:10,094 INFO Progress | batches=3074 | indexed=6,148,000/25,558,768 (24.1%) | failed=0 | rate=383/s | ETA=14:05:28
2026-03-20 16:15:25,108 INFO Progress | batches=3079 | indexed=6,158,000/25,558,768 (24.1%) | failed=0 | rate=383/s | ETA=14:04:27
2026-03-20 16:15:40,115 INFO Progress | batches=3082 | indexed=6,164,000/25,558,768 (24.1%) | failed=0 | rate=383/s | ETA=14:04:09
2026-03-20 16:15:55,129 INFO Progress | batches=3084 | indexed=6,168,000/25,558,768 (24.1%) | failed=0 | rate=383/s | ETA=14:04:13
2026-03-20 16:16:10,135 INFO Progress | batches=3088 | indexed=6,176,000/25,558,768 (24.2%) | failed=0 | rate=383/s | ETA=14:03:34
2026-03-20 16:16:25,138 INFO Progress | batches=3090 | indexed=6,180,000/25,558,768 (24.2%) | failed=0 | rate=383/s | ETA=14:03:38
2026-03-20 16:16:40,150 INFO Progress | batches=3094 | indexed=6,188,000/25,558,768 (24.2%) | failed=0 | rate=383/s | ETA=14:02:59
2026-03-20 16:16:55,162 INFO Progress | batches=3098 | indexed=6,196,000/25,558,768 (24.2%) | failed=0 | rate=383/s | ETA=14:02:19
2026-03-20 16:17:10,167 INFO Progress | batches=3100 | indexed=6,200,000/25,558,768 (24.3%) | failed=0 | rate=383/s | ETA=14:02:23
2026-03-20 16:17:25,168 INFO Progress | batches=3103 | indexed=6,206,000/25,558,768 (24.3%) | failed=0 | rate=383/s | ETA=14:02:05
2026-03-20 16:17:40,179 INFO Progress | batches=3105 | indexed=6,210,000/25,558,768 (24.3%) | failed=0 | rate=383/s | ETA=14:02:09
2026-03-20 16:17:55,190 INFO Progress | batches=3108 | indexed=6,216,000/25,558,768 (24.3%) | failed=0 | rate=383/s | ETA=14:01:51
2026-03-20 16:18:10,202 INFO Progress | batches=3111 | indexed=6,222,000/25,558,768 (24.3%) | failed=0 | rate=383/s | ETA=14:01:34
2026-03-20 16:18:25,209 INFO Progress | batches=3115 | indexed=6,230,000/25,558,768 (24.4%) | failed=0 | rate=383/s | ETA=14:00:55
2026-03-20 16:18:40,214 INFO Progress | batches=3116 | indexed=6,232,000/25,558,768 (24.4%) | failed=0 | rate=383/s | ETA=14:01:20
2026-03-20 16:18:55,232 INFO Progress | batches=3118 | indexed=6,236,000/25,558,768 (24.4%) | failed=0 | rate=383/s | ETA=14:01:23
2026-03-20 16:19:10,251 INFO Progress | batches=3121 | indexed=6,242,000/25,558,768 (24.4%) | failed=0 | rate=383/s | ETA=14:01:06
2026-03-20 16:19:25,258 INFO Progress | batches=3124 | indexed=6,248,000/25,558,768 (24.4%) | failed=0 | rate=383/s | ETA=14:00:48
2026-03-20 16:19:40,262 INFO Progress | batches=3127 | indexed=6,254,000/25,558,768 (24.5%) | failed=0 | rate=383/s | ETA=14:00:30
2026-03-20 16:19:55,267 INFO Progress | batches=3130 | indexed=6,260,000/25,558,768 (24.5%) | failed=0 | rate=383/s | ETA=14:00:12
2026-03-20 16:20:10,278 INFO Progress | batches=3133 | indexed=6,266,000/25,558,768 (24.5%) | failed=0 | rate=383/s | ETA=13:59:55
2026-03-20 16:20:25,374 INFO Progress | batches=3134 | indexed=6,268,000/25,558,768 (24.5%) | failed=0 | rate=383/s | ETA=14:00:20
2026-03-20 16:20:40,428 INFO Progress | batches=3137 | indexed=6,274,000/25,558,768 (24.5%) | failed=0 | rate=383/s | ETA=14:00:02
2026-03-20 16:20:55,437 INFO Progress | batches=3141 | indexed=6,282,000/25,558,768 (24.6%) | failed=0 | rate=383/s | ETA=13:59:23
2026-03-20 16:21:10,442 INFO Progress | batches=3142 | indexed=6,284,000/25,558,768 (24.6%) | failed=0 | rate=383/s | ETA=13:59:48
2026-03-20 16:21:25,447 INFO Progress | batches=3148 | indexed=6,296,000/25,558,768 (24.6%) | failed=0 | rate=383/s | ETA=13:58:27
2026-03-20 16:21:40,452 INFO Progress | batches=3150 | indexed=6,300,000/25,558,768 (24.6%) | failed=0 | rate=383/s | ETA=13:58:30
2026-03-20 16:21:55,457 INFO Progress | batches=3152 | indexed=6,304,000/25,558,768 (24.7%) | failed=0 | rate=383/s | ETA=13:58:34
2026-03-20 16:22:10,468 INFO Progress | batches=3155 | indexed=6,310,000/25,558,768 (24.7%) | failed=0 | rate=383/s | ETA=13:58:16
2026-03-20 16:22:25,480 INFO Progress | batches=3158 | indexed=6,316,000/25,558,768 (24.7%) | failed=0 | rate=383/s | ETA=13:57:58
2026-03-20 16:22:40,486 INFO Progress | batches=3161 | indexed=6,322,000/25,558,768 (24.7%) | failed=0 | rate=383/s | ETA=13:57:40
2026-03-20 16:22:55,489 INFO Progress | batches=3164 | indexed=6,328,000/25,558,768 (24.8%) | failed=0 | rate=383/s | ETA=13:57:23
2026-03-20 16:23:10,499 INFO Progress | batches=3166 | indexed=6,332,000/25,558,768 (24.8%) | failed=0 | rate=383/s | ETA=13:57:26
2026-03-20 16:23:25,511 INFO Progress | batches=3169 | indexed=6,338,000/25,558,768 (24.8%) | failed=0 | rate=383/s | ETA=13:57:08
2026-03-20 16:23:40,512 INFO Progress | batches=3174 | indexed=6,348,000/25,558,768 (24.8%) | failed=0 | rate=383/s | ETA=13:56:09
2026-03-20 16:23:55,647 INFO Progress | batches=3175 | indexed=6,350,000/25,558,768 (24.8%) | failed=0 | rate=383/s | ETA=13:56:33
2026-03-20 16:24:10,657 INFO Progress | batches=3178 | indexed=6,356,000/25,558,768 (24.9%) | failed=0 | rate=383/s | ETA=13:56:16
2026-03-20 16:24:25,660 INFO Progress | batches=3181 | indexed=6,362,000/25,558,768 (24.9%) | failed=0 | rate=383/s | ETA=13:55:58
2026-03-20 16:24:40,664 INFO Progress | batches=3184 | indexed=6,368,000/25,558,768 (24.9%) | failed=0 | rate=383/s | ETA=13:55:40
2026-03-20 16:24:55,669 INFO Progress | batches=3187 | indexed=6,374,000/25,558,768 (24.9%) | failed=0 | rate=383/s | ETA=13:55:23
2026-03-20 16:25:10,672 INFO Progress | batches=3189 | indexed=6,378,000/25,558,768 (25.0%) | failed=0 | rate=383/s | ETA=13:55:26
2026-03-20 16:25:25,677 INFO Progress | batches=3190 | indexed=6,380,000/25,558,768 (25.0%) | failed=0 | rate=382/s | ETA=13:55:50
2026-03-20 16:25:40,686 INFO Progress | batches=3194 | indexed=6,388,000/25,558,768 (25.0%) | failed=0 | rate=383/s | ETA=13:55:11
2026-03-20 16:25:55,696 INFO Progress | batches=3196 | indexed=6,392,000/25,558,768 (25.0%) | failed=0 | rate=382/s | ETA=13:55:14
2026-03-20 16:26:10,701 INFO Progress | batches=3200 | indexed=6,400,000/25,558,768 (25.0%) | failed=0 | rate=383/s | ETA=13:54:36
2026-03-20 16:26:25,704 INFO Progress | batches=3203 | indexed=6,406,000/25,558,768 (25.1%) | failed=0 | rate=383/s | ETA=13:54:18
2026-03-20 16:26:40,708 INFO Progress | batches=3206 | indexed=6,412,000/25,558,768 (25.1%) | failed=0 | rate=383/s | ETA=13:54:00
2026-03-20 16:26:55,715 INFO Progress | batches=3209 | indexed=6,418,000/25,558,768 (25.1%) | failed=0 | rate=383/s | ETA=13:53:43
2026-03-20 16:27:10,719 INFO Progress | batches=3211 | indexed=6,422,000/25,558,768 (25.1%) | failed=0 | rate=383/s | ETA=13:53:46
2026-03-20 16:27:25,726 INFO Progress | batches=3215 | indexed=6,430,000/25,558,768 (25.2%) | failed=0 | rate=383/s | ETA=13:53:07
2026-03-20 16:27:40,736 INFO Progress | batches=3218 | indexed=6,436,000/25,558,768 (25.2%) | failed=0 | rate=383/s | ETA=13:52:50
2026-03-20 16:27:55,754 INFO Progress | batches=3221 | indexed=6,442,000/25,558,768 (25.2%) | failed=0 | rate=383/s | ETA=13:52:32
2026-03-20 16:28:10,760 INFO Progress | batches=3223 | indexed=6,446,000/25,558,768 (25.2%) | failed=0 | rate=383/s | ETA=13:52:35
2026-03-20 16:28:25,770 INFO Progress | batches=3227 | indexed=6,454,000/25,558,768 (25.3%) | failed=0 | rate=383/s | ETA=13:51:57
2026-03-20 16:28:40,777 INFO Progress | batches=3228 | indexed=6,456,000/25,558,768 (25.3%) | failed=0 | rate=383/s | ETA=13:52:20
2026-03-20 16:28:55,784 INFO Progress | batches=3232 | indexed=6,464,000/25,558,768 (25.3%) | failed=0 | rate=383/s | ETA=13:51:42
2026-03-20 16:29:10,789 INFO Progress | batches=3235 | indexed=6,470,000/25,558,768 (25.3%) | failed=0 | rate=383/s | ETA=13:51:24
2026-03-20 16:29:25,792 INFO Progress | batches=3237 | indexed=6,474,000/25,558,768 (25.3%) | failed=0 | rate=383/s | ETA=13:51:27
2026-03-20 16:29:40,799 INFO Progress | batches=3239 | indexed=6,478,000/25,558,768 (25.3%) | failed=0 | rate=382/s | ETA=13:51:30
2026-03-20 16:29:55,807 INFO Progress | batches=3243 | indexed=6,486,000/25,558,768 (25.4%) | failed=0 | rate=383/s | ETA=13:50:52
2026-03-20 16:30:10,811 INFO Progress | batches=3245 | indexed=6,490,000/25,558,768 (25.4%) | failed=0 | rate=382/s | ETA=13:50:55
2026-03-20 16:30:25,818 INFO Progress | batches=3248 | indexed=6,496,000/25,558,768 (25.4%) | failed=0 | rate=382/s | ETA=13:50:37
2026-03-20 16:30:40,825 INFO Progress | batches=3251 | indexed=6,502,000/25,558,768 (25.4%) | failed=0 | rate=383/s | ETA=13:50:20
2026-03-20 16:30:56,051 INFO Progress | batches=3253 | indexed=6,506,000/25,558,768 (25.5%) | failed=0 | rate=382/s | ETA=13:50:23
2026-03-20 16:31:11,063 INFO Progress | batches=3257 | indexed=6,514,000/25,558,768 (25.5%) | failed=0 | rate=383/s | ETA=13:49:45
2026-03-20 16:31:26,066 INFO Progress | batches=3261 | indexed=6,522,000/25,558,768 (25.5%) | failed=0 | rate=383/s | ETA=13:49:07
2026-03-20 16:31:41,070 INFO Progress | batches=3263 | indexed=6,526,000/25,558,768 (25.5%) | failed=0 | rate=383/s | ETA=13:49:10
2026-03-20 16:31:56,083 INFO Progress | batches=3267 | indexed=6,534,000/25,558,768 (25.6%) | failed=0 | rate=383/s | ETA=13:48:31
2026-03-20 16:32:11,095 INFO Progress | batches=3270 | indexed=6,540,000/25,558,768 (25.6%) | failed=0 | rate=383/s | ETA=13:48:14
2026-03-20 16:32:26,106 INFO Progress | batches=3273 | indexed=6,546,000/25,558,768 (25.6%) | failed=0 | rate=383/s | ETA=13:47:56
2026-03-20 16:32:41,114 INFO Progress | batches=3274 | indexed=6,548,000/25,558,768 (25.6%) | failed=0 | rate=383/s | ETA=13:48:19
2026-03-20 16:32:56,116 INFO Progress | batches=3276 | indexed=6,552,000/25,558,768 (25.6%) | failed=0 | rate=382/s | ETA=13:48:22
2026-03-20 16:33:11,123 INFO Progress | batches=3280 | indexed=6,560,000/25,558,768 (25.7%) | failed=0 | rate=383/s | ETA=13:47:44
2026-03-20 16:33:26,125 INFO Progress | batches=3283 | indexed=6,566,000/25,558,768 (25.7%) | failed=0 | rate=383/s | ETA=13:47:26
2026-03-20 16:33:41,128 INFO Progress | batches=3286 | indexed=6,572,000/25,558,768 (25.7%) | failed=0 | rate=383/s | ETA=13:47:09
2026-03-20 16:33:56,132 INFO Progress | batches=3289 | indexed=6,578,000/25,558,768 (25.7%) | failed=0 | rate=383/s | ETA=13:46:51
2026-03-20 16:34:11,136 INFO Progress | batches=3293 | indexed=6,586,000/25,558,768 (25.8%) | failed=0 | rate=383/s | ETA=13:46:13
2026-03-20 16:34:26,137 INFO Progress | batches=3296 | indexed=6,592,000/25,558,768 (25.8%) | failed=0 | rate=383/s | ETA=13:45:56
2026-03-20 16:34:41,143 INFO Progress | batches=3297 | indexed=6,594,000/25,558,768 (25.8%) | failed=0 | rate=383/s | ETA=13:46:18
2026-03-20 16:34:56,147 INFO Progress | batches=3302 | indexed=6,604,000/25,558,768 (25.8%) | failed=0 | rate=383/s | ETA=13:45:20
2026-03-20 16:35:11,153 INFO Progress | batches=3305 | indexed=6,610,000/25,558,768 (25.9%) | failed=0 | rate=383/s | ETA=13:45:03
2026-03-20 16:35:26,159 INFO Progress | batches=3308 | indexed=6,616,000/25,558,768 (25.9%) | failed=0 | rate=383/s | ETA=13:44:45
2026-03-20 16:35:41,255 INFO Progress | batches=3309 | indexed=6,618,000/25,558,768 (25.9%) | failed=0 | rate=383/s | ETA=13:45:08
2026-03-20 16:35:56,272 INFO Progress | batches=3314 | indexed=6,628,000/25,558,768 (25.9%) | failed=0 | rate=383/s | ETA=13:44:10
2026-03-20 16:36:11,280 INFO Progress | batches=3315 | indexed=6,630,000/25,558,768 (25.9%) | failed=0 | rate=383/s | ETA=13:44:33
2026-03-20 16:36:26,282 INFO Progress | batches=3317 | indexed=6,634,000/25,558,768 (26.0%) | failed=0 | rate=383/s | ETA=13:44:36
2026-03-20 16:36:41,294 INFO Progress | batches=3320 | indexed=6,640,000/25,558,768 (26.0%) | failed=0 | rate=383/s | ETA=13:44:18
2026-03-20 16:36:56,305 INFO Progress | batches=3322 | indexed=6,644,000/25,558,768 (26.0%) | failed=0 | rate=382/s | ETA=13:44:20
2026-03-20 16:37:11,425 INFO Progress | batches=3325 | indexed=6,650,000/25,558,768 (26.0%) | failed=0 | rate=382/s | ETA=13:44:03
2026-03-20 16:37:26,451 INFO Progress | batches=3329 | indexed=6,658,000/25,558,768 (26.0%) | failed=0 | rate=383/s | ETA=13:43:25
2026-03-20 16:37:41,454 INFO Progress | batches=3333 | indexed=6,666,000/25,558,768 (26.1%) | failed=0 | rate=383/s | ETA=13:42:48
2026-03-20 16:37:56,466 INFO Progress | batches=3334 | indexed=6,668,000/25,558,768 (26.1%) | failed=0 | rate=382/s | ETA=13:43:10
2026-03-20 16:38:11,470 INFO Progress | batches=3336 | indexed=6,672,000/25,558,768 (26.1%) | failed=0 | rate=382/s | ETA=13:43:13
2026-03-20 16:38:26,484 INFO Progress | batches=3339 | indexed=6,678,000/25,558,768 (26.1%) | failed=0 | rate=382/s | ETA=13:42:55
2026-03-20 16:38:41,499 INFO Progress | batches=3342 | indexed=6,684,000/25,558,768 (26.2%) | failed=0 | rate=382/s | ETA=13:42:38
2026-03-20 16:38:56,512 INFO Progress | batches=3344 | indexed=6,688,000/25,558,768 (26.2%) | failed=0 | rate=382/s | ETA=13:42:40
2026-03-20 16:39:11,516 INFO Progress | batches=3348 | indexed=6,696,000/25,558,768 (26.2%) | failed=0 | rate=382/s | ETA=13:42:02
2026-03-20 16:39:26,518 INFO Progress | batches=3350 | indexed=6,700,000/25,558,768 (26.2%) | failed=0 | rate=382/s | ETA=13:42:05
2026-03-20 16:39:41,529 INFO Progress | batches=3351 | indexed=6,702,000/25,558,768 (26.2%) | failed=0 | rate=382/s | ETA=13:42:27
2026-03-20 16:39:56,533 INFO Progress | batches=3354 | indexed=6,708,000/25,558,768 (26.2%) | failed=0 | rate=382/s | ETA=13:42:09
2026-03-20 16:40:11,543 INFO Progress | batches=3357 | indexed=6,714,000/25,558,768 (26.3%) | failed=0 | rate=382/s | ETA=13:41:52
2026-03-20 16:40:26,554 INFO Progress | batches=3359 | indexed=6,718,000/25,558,768 (26.3%) | failed=0 | rate=382/s | ETA=13:41:54
2026-03-20 16:40:41,560 INFO Progress | batches=3359 | indexed=6,718,000/25,558,768 (26.3%) | failed=0 | rate=382/s | ETA=13:42:36
2026-03-20 16:40:56,572 INFO Progress | batches=3363 | indexed=6,726,000/25,558,768 (26.3%) | failed=0 | rate=382/s | ETA=13:41:58
2026-03-20 16:41:11,574 INFO Progress | batches=3365 | indexed=6,730,000/25,558,768 (26.3%) | failed=0 | rate=382/s | ETA=13:42:01
2026-03-20 16:41:26,578 INFO Progress | batches=3367 | indexed=6,734,000/25,558,768 (26.3%) | failed=0 | rate=382/s | ETA=13:42:03
2026-03-20 16:41:41,589 INFO Progress | batches=3371 | indexed=6,742,000/25,558,768 (26.4%) | failed=0 | rate=382/s | ETA=13:41:25
2026-03-20 16:41:56,591 INFO Progress | batches=3372 | indexed=6,744,000/25,558,768 (26.4%) | failed=0 | rate=382/s | ETA=13:41:47
2026-03-20 16:42:11,595 INFO Progress | batches=3376 | indexed=6,752,000/25,558,768 (26.4%) | failed=0 | rate=382/s | ETA=13:41:10
2026-03-20 16:42:26,601 INFO Progress | batches=3379 | indexed=6,758,000/25,558,768 (26.4%) | failed=0 | rate=382/s | ETA=13:40:52
2026-03-20 16:42:41,609 INFO Progress | batches=3380 | indexed=6,760,000/25,558,768 (26.4%) | failed=0 | rate=382/s | ETA=13:41:14
2026-03-20 16:42:56,621 INFO Progress | batches=3383 | indexed=6,766,000/25,558,768 (26.5%) | failed=0 | rate=382/s | ETA=13:40:56
2026-03-20 16:43:11,625 INFO Progress | batches=3386 | indexed=6,772,000/25,558,768 (26.5%) | failed=0 | rate=382/s | ETA=13:40:38
2026-03-20 16:43:26,628 INFO Progress | batches=3388 | indexed=6,776,000/25,558,768 (26.5%) | failed=0 | rate=381/s | ETA=13:40:40
2026-03-20 16:43:41,640 INFO Progress | batches=3390 | indexed=6,780,000/25,558,768 (26.5%) | failed=0 | rate=381/s | ETA=13:40:42
2026-03-20 16:43:56,643 INFO Progress | batches=3394 | indexed=6,788,000/25,558,768 (26.6%) | failed=0 | rate=381/s | ETA=13:40:05
2026-03-20 16:44:11,651 INFO Progress | batches=3396 | indexed=6,792,000/25,558,768 (26.6%) | failed=0 | rate=381/s | ETA=13:40:07
2026-03-20 16:44:26,660 INFO Progress | batches=3398 | indexed=6,796,000/25,558,768 (26.6%) | failed=0 | rate=381/s | ETA=13:40:09
2026-03-20 16:44:41,667 INFO Progress | batches=3401 | indexed=6,802,000/25,558,768 (26.6%) | failed=0 | rate=381/s | ETA=13:39:51
2026-03-20 16:44:56,672 INFO Progress | batches=3403 | indexed=6,806,000/25,558,768 (26.6%) | failed=0 | rate=381/s | ETA=13:39:53
2026-03-20 16:45:11,683 INFO Progress | batches=3406 | indexed=6,812,000/25,558,768 (26.7%) | failed=0 | rate=381/s | ETA=13:39:35
2026-03-20 16:45:26,689 INFO Progress | batches=3407 | indexed=6,814,000/25,558,768 (26.7%) | failed=0 | rate=381/s | ETA=13:39:57
2026-03-20 16:45:41,690 INFO Progress | batches=3410 | indexed=6,820,000/25,558,768 (26.7%) | failed=0 | rate=381/s | ETA=13:39:39
2026-03-20 16:45:56,701 INFO Progress | batches=3412 | indexed=6,824,000/25,558,768 (26.7%) | failed=0 | rate=381/s | ETA=13:39:41
2026-03-20 16:46:11,707 INFO Progress | batches=3416 | indexed=6,832,000/25,558,768 (26.7%) | failed=0 | rate=381/s | ETA=13:39:04
2026-03-20 16:46:26,718 INFO Progress | batches=3418 | indexed=6,836,000/25,558,768 (26.7%) | failed=0 | rate=381/s | ETA=13:39:06
2026-03-20 16:46:41,729 INFO Progress | batches=3421 | indexed=6,842,000/25,558,768 (26.8%) | failed=0 | rate=381/s | ETA=13:38:48
2026-03-20 16:46:56,731 INFO Progress | batches=3424 | indexed=6,848,000/25,558,768 (26.8%) | failed=0 | rate=381/s | ETA=13:38:30
2026-03-20 16:47:11,737 INFO Progress | batches=3426 | indexed=6,852,000/25,558,768 (26.8%) | failed=0 | rate=381/s | ETA=13:38:32
2026-03-20 16:47:26,744 INFO Progress | batches=3428 | indexed=6,856,000/25,558,768 (26.8%) | failed=0 | rate=381/s | ETA=13:38:34
2026-03-20 16:47:41,761 INFO Progress | batches=3431 | indexed=6,862,000/25,558,768 (26.8%) | failed=0 | rate=381/s | ETA=13:38:16
2026-03-20 16:47:56,787 INFO Progress | batches=3434 | indexed=6,868,000/25,558,768 (26.9%) | failed=0 | rate=381/s | ETA=13:37:58
2026-03-20 16:48:11,792 INFO Progress | batches=3437 | indexed=6,874,000/25,558,768 (26.9%) | failed=0 | rate=381/s | ETA=13:37:40
2026-03-20 16:48:26,799 INFO Progress | batches=3438 | indexed=6,876,000/25,558,768 (26.9%) | failed=0 | rate=381/s | ETA=13:38:02
2026-03-20 16:48:41,806 INFO Progress | batches=3442 | indexed=6,884,000/25,558,768 (26.9%) | failed=0 | rate=381/s | ETA=13:37:24
2026-03-20 16:48:56,818 INFO Progress | batches=3443 | indexed=6,886,000/25,558,768 (26.9%) | failed=0 | rate=381/s | ETA=13:37:45
2026-03-20 16:49:11,827 INFO Progress | batches=3443 | indexed=6,886,000/25,558,768 (26.9%) | failed=0 | rate=380/s | ETA=13:38:26
2026-03-20 16:49:26,907 INFO Progress | batches=3447 | indexed=6,894,000/25,558,768 (27.0%) | failed=0 | rate=380/s | ETA=13:37:49
2026-03-20 16:49:41,912 INFO Progress | batches=3449 | indexed=6,898,000/25,558,768 (27.0%) | failed=0 | rate=380/s | ETA=13:37:51
2026-03-20 16:49:56,923 INFO Progress | batches=3451 | indexed=6,902,000/25,558,768 (27.0%) | failed=0 | rate=380/s | ETA=13:37:52
2026-03-20 16:50:11,925 INFO Progress | batches=3453 | indexed=6,906,000/25,558,768 (27.0%) | failed=0 | rate=380/s | ETA=13:37:54
2026-03-20 16:50:26,930 INFO Progress | batches=3456 | indexed=6,912,000/25,558,768 (27.0%) | failed=0 | rate=380/s | ETA=13:37:36
2026-03-20 16:50:41,932 INFO Progress | batches=3458 | indexed=6,916,000/25,558,768 (27.1%) | failed=0 | rate=380/s | ETA=13:37:37
2026-03-20 16:50:56,937 INFO Progress | batches=3462 | indexed=6,924,000/25,558,768 (27.1%) | failed=0 | rate=380/s | ETA=13:37:00
2026-03-20 16:51:11,942 INFO Progress | batches=3463 | indexed=6,926,000/25,558,768 (27.1%) | failed=0 | rate=380/s | ETA=13:37:21
2026-03-20 16:51:26,955 INFO Progress | batches=3465 | indexed=6,930,000/25,558,768 (27.1%) | failed=0 | rate=380/s | ETA=13:37:23
2026-03-20 16:51:41,967 INFO Progress | batches=3469 | indexed=6,938,000/25,558,768 (27.1%) | failed=0 | rate=380/s | ETA=13:36:45
2026-03-20 16:51:56,973 INFO Progress | batches=3471 | indexed=6,942,000/25,558,768 (27.2%) | failed=0 | rate=380/s | ETA=13:36:47
2026-03-20 16:52:11,985 INFO Progress | batches=3475 | indexed=6,950,000/25,558,768 (27.2%) | failed=0 | rate=380/s | ETA=13:36:10
2026-03-20 16:52:26,989 INFO Progress | batches=3476 | indexed=6,952,000/25,558,768 (27.2%) | failed=0 | rate=380/s | ETA=13:36:30
2026-03-20 16:52:42,000 INFO Progress | batches=3480 | indexed=6,960,000/25,558,768 (27.2%) | failed=0 | rate=380/s | ETA=13:35:53
2026-03-20 16:52:57,008 INFO Progress | batches=3482 | indexed=6,964,000/25,558,768 (27.2%) | failed=0 | rate=380/s | ETA=13:35:55
2026-03-20 16:53:12,012 INFO Progress | batches=3485 | indexed=6,970,000/25,558,768 (27.3%) | failed=0 | rate=380/s | ETA=13:35:37
2026-03-20 16:53:27,025 INFO Progress | batches=3488 | indexed=6,976,000/25,558,768 (27.3%) | failed=0 | rate=380/s | ETA=13:35:19
2026-03-20 16:53:42,034 INFO Progress | batches=3492 | indexed=6,984,000/25,558,768 (27.3%) | failed=0 | rate=380/s | ETA=13:34:42
2026-03-20 16:53:57,037 INFO Progress | batches=3494 | indexed=6,988,000/25,558,768 (27.3%) | failed=0 | rate=380/s | ETA=13:34:43
2026-03-20 16:54:12,046 INFO Progress | batches=3495 | indexed=6,990,000/25,558,768 (27.3%) | failed=0 | rate=380/s | ETA=13:35:04
2026-03-20 16:54:27,057 INFO Progress | batches=3499 | indexed=6,998,000/25,558,768 (27.4%) | failed=0 | rate=380/s | ETA=13:34:26
2026-03-20 16:54:42,063 INFO Progress | batches=3502 | indexed=7,004,000/25,558,768 (27.4%) | failed=0 | rate=380/s | ETA=13:34:09
2026-03-20 16:54:57,079 INFO Progress | batches=3506 | indexed=7,012,000/25,558,768 (27.4%) | failed=0 | rate=380/s | ETA=13:33:32
2026-03-20 16:55:12,090 INFO Progress | batches=3509 | indexed=7,018,000/25,558,768 (27.5%) | failed=0 | rate=380/s | ETA=13:33:14
2026-03-20 16:55:27,093 INFO Progress | batches=3510 | indexed=7,020,000/25,558,768 (27.5%) | failed=0 | rate=380/s | ETA=13:33:34
2026-03-20 16:55:42,099 INFO Progress | batches=3514 | indexed=7,028,000/25,558,768 (27.5%) | failed=0 | rate=380/s | ETA=13:32:57
2026-03-20 16:55:57,102 INFO Progress | batches=3517 | indexed=7,034,000/25,558,768 (27.5%) | failed=0 | rate=380/s | ETA=13:32:39
2026-03-20 16:56:12,110 INFO Progress | batches=3520 | indexed=7,040,000/25,558,768 (27.5%) | failed=0 | rate=380/s | ETA=13:32:21
2026-03-20 16:56:27,116 INFO Progress | batches=3524 | indexed=7,048,000/25,558,768 (27.6%) | failed=0 | rate=380/s | ETA=13:31:44
2026-03-20 16:56:42,127 INFO Progress | batches=3525 | indexed=7,050,000/25,558,768 (27.6%) | failed=0 | rate=380/s | ETA=13:32:05
2026-03-20 16:56:57,136 INFO Progress | batches=3528 | indexed=7,056,000/25,558,768 (27.6%) | failed=0 | rate=380/s | ETA=13:31:47
2026-03-20 16:57:12,143 INFO Progress | batches=3531 | indexed=7,062,000/25,558,768 (27.6%) | failed=0 | rate=380/s | ETA=13:31:29
2026-03-20 16:57:27,146 INFO Progress | batches=3534 | indexed=7,068,000/25,558,768 (27.7%) | failed=0 | rate=380/s | ETA=13:31:11
2026-03-20 16:57:42,149 INFO Progress | batches=3538 | indexed=7,076,000/25,558,768 (27.7%) | failed=0 | rate=380/s | ETA=13:30:34
2026-03-20 16:57:57,160 INFO Progress | batches=3542 | indexed=7,084,000/25,558,768 (27.7%) | failed=0 | rate=380/s | ETA=13:29:57
2026-03-20 16:58:12,200 INFO Progress | batches=3543 | indexed=7,086,000/25,558,768 (27.7%) | failed=0 | rate=380/s | ETA=13:30:18
2026-03-20 16:58:27,218 INFO Progress | batches=3546 | indexed=7,092,000/25,558,768 (27.7%) | failed=0 | rate=380/s | ETA=13:30:00
2026-03-20 16:58:42,225 INFO Progress | batches=3550 | indexed=7,100,000/25,558,768 (27.8%) | failed=0 | rate=380/s | ETA=13:29:23
2026-03-20 16:58:57,350 INFO Progress | batches=3552 | indexed=7,104,000/25,558,768 (27.8%) | failed=0 | rate=380/s | ETA=13:29:25
2026-03-20 16:59:12,407 INFO Progress | batches=3554 | indexed=7,108,000/25,558,768 (27.8%) | failed=0 | rate=380/s | ETA=13:29:26
2026-03-20 16:59:27,409 INFO Progress | batches=3558 | indexed=7,116,000/25,558,768 (27.8%) | failed=0 | rate=380/s | ETA=13:28:49
2026-03-20 16:59:42,414 INFO Progress | batches=3559 | indexed=7,118,000/25,558,768 (27.8%) | failed=0 | rate=380/s | ETA=13:29:09
2026-03-20 16:59:57,420 INFO Progress | batches=3563 | indexed=7,126,000/25,558,768 (27.9%) | failed=0 | rate=380/s | ETA=13:28:32
2026-03-20 17:00:12,438 INFO Progress | batches=3566 | indexed=7,132,000/25,558,768 (27.9%) | failed=0 | rate=380/s | ETA=13:28:14
2026-03-20 17:00:27,453 INFO Progress | batches=3567 | indexed=7,134,000/25,558,768 (27.9%) | failed=0 | rate=380/s | ETA=13:28:34
2026-03-20 17:00:42,515 INFO Progress | batches=3572 | indexed=7,144,000/25,558,768 (28.0%) | failed=0 | rate=380/s | ETA=13:27:39
2026-03-20 17:00:57,522 INFO Progress | batches=3574 | indexed=7,148,000/25,558,768 (28.0%) | failed=0 | rate=380/s | ETA=13:27:40
2026-03-20 17:01:12,534 INFO Progress | batches=3577 | indexed=7,154,000/25,558,768 (28.0%) | failed=0 | rate=380/s | ETA=13:27:22
2026-03-20 17:01:27,542 INFO Progress | batches=3579 | indexed=7,158,000/25,558,768 (28.0%) | failed=0 | rate=380/s | ETA=13:27:23
2026-03-20 17:01:42,550 INFO Progress | batches=3583 | indexed=7,166,000/25,558,768 (28.0%) | failed=0 | rate=380/s | ETA=13:26:47
2026-03-20 17:01:57,558 INFO Progress | batches=3586 | indexed=7,172,000/25,558,768 (28.1%) | failed=0 | rate=380/s | ETA=13:26:29
2026-03-20 17:02:12,569 INFO Progress | batches=3589 | indexed=7,178,000/25,558,768 (28.1%) | failed=0 | rate=380/s | ETA=13:26:11
2026-03-20 17:02:27,571 INFO Progress | batches=3590 | indexed=7,180,000/25,558,768 (28.1%) | failed=0 | rate=380/s | ETA=13:26:31
2026-03-20 17:02:42,582 INFO Progress | batches=3592 | indexed=7,184,000/25,558,768 (28.1%) | failed=0 | rate=380/s | ETA=13:26:32
2026-03-20 17:02:57,591 INFO Progress | batches=3595 | indexed=7,190,000/25,558,768 (28.1%) | failed=0 | rate=380/s | ETA=13:26:14
2026-03-20 17:03:12,600 INFO Progress | batches=3598 | indexed=7,196,000/25,558,768 (28.2%) | failed=0 | rate=380/s | ETA=13:25:56
2026-03-20 17:03:27,607 INFO Progress | batches=3601 | indexed=7,202,000/25,558,768 (28.2%) | failed=0 | rate=380/s | ETA=13:25:38
2026-03-20 17:03:42,651 INFO Progress | batches=3603 | indexed=7,206,000/25,558,768 (28.2%) | failed=0 | rate=380/s | ETA=13:25:39
2026-03-20 17:03:57,663 INFO Progress | batches=3606 | indexed=7,212,000/25,558,768 (28.2%) | failed=0 | rate=380/s | ETA=13:25:21
2026-03-20 17:04:12,666 INFO Progress | batches=3610 | indexed=7,220,000/25,558,768 (28.2%) | failed=0 | rate=380/s | ETA=13:24:45
2026-03-20 17:04:27,668 INFO Progress | batches=3612 | indexed=7,224,000/25,558,768 (28.3%) | failed=0 | rate=380/s | ETA=13:24:46
2026-03-20 17:04:42,671 INFO Progress | batches=3614 | indexed=7,228,000/25,558,768 (28.3%) | failed=0 | rate=380/s | ETA=13:24:46
2026-03-20 17:04:57,682 INFO Progress | batches=3618 | indexed=7,236,000/25,558,768 (28.3%) | failed=0 | rate=380/s | ETA=13:24:10
2026-03-20 17:05:12,687 INFO Progress | batches=3620 | indexed=7,240,000/25,558,768 (28.3%) | failed=0 | rate=380/s | ETA=13:24:11
2026-03-20 17:05:27,696 INFO Progress | batches=3623 | indexed=7,246,000/25,558,768 (28.4%) | failed=0 | rate=380/s | ETA=13:23:53
2026-03-20 17:05:42,701 INFO Progress | batches=3625 | indexed=7,250,000/25,558,768 (28.4%) | failed=0 | rate=380/s | ETA=13:23:54
2026-03-20 17:05:57,736 INFO Progress | batches=3627 | indexed=7,254,000/25,558,768 (28.4%) | failed=0 | rate=379/s | ETA=13:23:55
2026-03-20 17:06:12,782 INFO Progress | batches=3631 | indexed=7,262,000/25,558,768 (28.4%) | failed=0 | rate=380/s | ETA=13:23:18
2026-03-20 17:06:27,792 INFO Progress | batches=3633 | indexed=7,266,000/25,558,768 (28.4%) | failed=0 | rate=380/s | ETA=13:23:19
2026-03-20 17:06:42,822 INFO Progress | batches=3636 | indexed=7,272,000/25,558,768 (28.5%) | failed=0 | rate=380/s | ETA=13:23:01
2026-03-20 17:06:57,832 INFO Progress | batches=3640 | indexed=7,280,000/25,558,768 (28.5%) | failed=0 | rate=380/s | ETA=13:22:25
2026-03-20 17:07:12,845 INFO Progress | batches=3641 | indexed=7,282,000/25,558,768 (28.5%) | failed=0 | rate=379/s | ETA=13:22:44
2026-03-20 17:07:27,861 INFO Progress | batches=3644 | indexed=7,288,000/25,558,768 (28.5%) | failed=0 | rate=379/s | ETA=13:22:26
2026-03-20 17:07:42,865 INFO Progress | batches=3647 | indexed=7,294,000/25,558,768 (28.5%) | failed=0 | rate=379/s | ETA=13:22:08
2026-03-20 17:07:57,875 INFO Progress | batches=3649 | indexed=7,298,000/25,558,768 (28.6%) | failed=0 | rate=379/s | ETA=13:22:09
2026-03-20 17:08:12,880 INFO Progress | batches=3653 | indexed=7,306,000/25,558,768 (28.6%) | failed=0 | rate=380/s | ETA=13:21:33
2026-03-20 17:08:27,890 INFO Progress | batches=3656 | indexed=7,312,000/25,558,768 (28.6%) | failed=0 | rate=380/s | ETA=13:21:15
2026-03-20 17:08:42,894 INFO Progress | batches=3658 | indexed=7,316,000/25,558,768 (28.6%) | failed=0 | rate=379/s | ETA=13:21:16
2026-03-20 17:08:57,904 INFO Progress | batches=3662 | indexed=7,324,000/25,558,768 (28.7%) | failed=0 | rate=380/s | ETA=13:20:39
2026-03-20 17:09:12,923 INFO Progress | batches=3666 | indexed=7,332,000/25,558,768 (28.7%) | failed=0 | rate=380/s | ETA=13:20:03
2026-03-20 17:09:27,935 INFO Progress | batches=3668 | indexed=7,336,000/25,558,768 (28.7%) | failed=0 | rate=380/s | ETA=13:20:04
2026-03-20 17:09:42,944 INFO Progress | batches=3671 | indexed=7,342,000/25,558,768 (28.7%) | failed=0 | rate=380/s | ETA=13:19:46
2026-03-20 17:09:58,102 INFO Progress | batches=3674 | indexed=7,348,000/25,558,768 (28.7%) | failed=0 | rate=380/s | ETA=13:19:29
2026-03-20 17:10:13,155 INFO Progress | batches=3676 | indexed=7,352,000/25,558,768 (28.8%) | failed=0 | rate=380/s | ETA=13:19:29
2026-03-20 17:10:28,159 INFO Progress | batches=3680 | indexed=7,360,000/25,558,768 (28.8%) | failed=0 | rate=380/s | ETA=13:18:53
2026-03-20 17:10:43,170 INFO Progress | batches=3682 | indexed=7,364,000/25,558,768 (28.8%) | failed=0 | rate=380/s | ETA=13:18:54
2026-03-20 17:10:58,177 INFO Progress | batches=3685 | indexed=7,370,000/25,558,768 (28.8%) | failed=0 | rate=380/s | ETA=13:18:36
2026-03-20 17:11:13,193 INFO Progress | batches=3687 | indexed=7,374,000/25,558,768 (28.9%) | failed=0 | rate=380/s | ETA=13:18:36
2026-03-20 17:11:28,206 INFO Progress | batches=3691 | indexed=7,382,000/25,558,768 (28.9%) | failed=0 | rate=380/s | ETA=13:18:00
2026-03-20 17:11:43,214 INFO Progress | batches=3693 | indexed=7,386,000/25,558,768 (28.9%) | failed=0 | rate=380/s | ETA=13:18:01
2026-03-20 17:11:58,225 INFO Progress | batches=3697 | indexed=7,394,000/25,558,768 (28.9%) | failed=0 | rate=380/s | ETA=13:17:25
2026-03-20 17:12:13,231 INFO Progress | batches=3700 | indexed=7,400,000/25,558,768 (29.0%) | failed=0 | rate=380/s | ETA=13:17:07
2026-03-20 17:12:28,242 INFO Progress | batches=3702 | indexed=7,404,000/25,558,768 (29.0%) | failed=0 | rate=380/s | ETA=13:17:08
2026-03-20 17:12:43,399 INFO Progress | batches=3705 | indexed=7,410,000/25,558,768 (29.0%) | failed=0 | rate=380/s | ETA=13:16:50
2026-03-20 17:12:58,418 INFO Progress | batches=3707 | indexed=7,414,000/25,558,768 (29.0%) | failed=0 | rate=380/s | ETA=13:16:51
2026-03-20 17:13:13,426 INFO Progress | batches=3711 | indexed=7,422,000/25,558,768 (29.0%) | failed=0 | rate=380/s | ETA=13:16:15
2026-03-20 17:13:28,435 INFO Progress | batches=3713 | indexed=7,426,000/25,558,768 (29.1%) | failed=0 | rate=380/s | ETA=13:16:15
2026-03-20 17:13:43,438 INFO Progress | batches=3715 | indexed=7,430,000/25,558,768 (29.1%) | failed=0 | rate=379/s | ETA=13:16:15
2026-03-20 17:13:58,489 INFO Progress | batches=3717 | indexed=7,434,000/25,558,768 (29.1%) | failed=0 | rate=379/s | ETA=13:16:16
2026-03-20 17:14:13,498 INFO Progress | batches=3718 | indexed=7,436,000/25,558,768 (29.1%) | failed=0 | rate=379/s | ETA=13:16:34
2026-03-20 17:14:28,502 INFO Progress | batches=3718 | indexed=7,436,000/25,558,768 (29.1%) | failed=0 | rate=379/s | ETA=13:17:11
2026-03-20 17:14:43,515 INFO Progress | batches=3719 | indexed=7,438,000/25,558,768 (29.1%) | failed=0 | rate=379/s | ETA=13:17:29
2026-03-20 17:14:58,526 INFO Progress | batches=3723 | indexed=7,446,000/25,558,768 (29.1%) | failed=0 | rate=379/s | ETA=13:16:53
2026-03-20 17:15:13,533 INFO Progress | batches=3727 | indexed=7,454,000/25,558,768 (29.2%) | failed=0 | rate=379/s | ETA=13:16:17
2026-03-20 17:15:28,542 INFO Progress | batches=3728 | indexed=7,456,000/25,558,768 (29.2%) | failed=0 | rate=379/s | ETA=13:16:36
2026-03-20 17:15:43,556 INFO Progress | batches=3732 | indexed=7,464,000/25,558,768 (29.2%) | failed=0 | rate=379/s | ETA=13:16:00
2026-03-20 17:15:58,585 INFO Progress | batches=3734 | indexed=7,468,000/25,558,768 (29.2%) | failed=0 | rate=379/s | ETA=13:16:00
2026-03-20 17:16:13,596 INFO Progress | batches=3737 | indexed=7,474,000/25,558,768 (29.2%) | failed=0 | rate=379/s | ETA=13:15:42
2026-03-20 17:16:28,718 INFO Progress | batches=3740 | indexed=7,480,000/25,558,768 (29.3%) | failed=0 | rate=379/s | ETA=13:15:25
2026-03-20 17:16:43,818 INFO Progress | batches=3743 | indexed=7,486,000/25,558,768 (29.3%) | failed=0 | rate=379/s | ETA=13:15:07
2026-03-20 17:16:58,820 INFO Progress | batches=3745 | indexed=7,490,000/25,558,768 (29.3%) | failed=0 | rate=379/s | ETA=13:15:07
2026-03-20 17:17:13,833 INFO Progress | batches=3748 | indexed=7,496,000/25,558,768 (29.3%) | failed=0 | rate=379/s | ETA=13:14:49
2026-03-20 17:17:28,844 INFO Progress | batches=3751 | indexed=7,502,000/25,558,768 (29.4%) | failed=0 | rate=379/s | ETA=13:14:32
2026-03-20 17:17:43,855 INFO Progress | batches=3753 | indexed=7,506,000/25,558,768 (29.4%) | failed=0 | rate=379/s | ETA=13:14:32
2026-03-20 17:17:58,865 INFO Progress | batches=3757 | indexed=7,514,000/25,558,768 (29.4%) | failed=0 | rate=379/s | ETA=13:13:56
2026-03-20 17:18:13,870 INFO Progress | batches=3759 | indexed=7,518,000/25,558,768 (29.4%) | failed=0 | rate=379/s | ETA=13:13:56
2026-03-20 17:18:28,888 INFO Progress | batches=3761 | indexed=7,522,000/25,558,768 (29.4%) | failed=0 | rate=379/s | ETA=13:13:56
2026-03-20 17:18:43,891 INFO Progress | batches=3764 | indexed=7,528,000/25,558,768 (29.5%) | failed=0 | rate=379/s | ETA=13:13:38
2026-03-20 17:18:58,900 INFO Progress | batches=3766 | indexed=7,532,000/25,558,768 (29.5%) | failed=0 | rate=379/s | ETA=13:13:38
2026-03-20 17:19:13,909 INFO Progress | batches=3770 | indexed=7,540,000/25,558,768 (29.5%) | failed=0 | rate=379/s | ETA=13:13:03
2026-03-20 17:19:28,920 INFO Progress | batches=3773 | indexed=7,546,000/25,558,768 (29.5%) | failed=0 | rate=379/s | ETA=13:12:45
2026-03-20 17:19:43,936 INFO Progress | batches=3775 | indexed=7,550,000/25,558,768 (29.5%) | failed=0 | rate=379/s | ETA=13:12:45
2026-03-20 17:19:58,946 INFO Progress | batches=3778 | indexed=7,556,000/25,558,768 (29.6%) | failed=0 | rate=379/s | ETA=13:12:27
2026-03-20 17:20:13,951 INFO Progress | batches=3781 | indexed=7,562,000/25,558,768 (29.6%) | failed=0 | rate=379/s | ETA=13:12:09
2026-03-20 17:20:28,958 INFO Progress | batches=3784 | indexed=7,568,000/25,558,768 (29.6%) | failed=0 | rate=379/s | ETA=13:11:51
2026-03-20 17:20:43,969 INFO Progress | batches=3787 | indexed=7,574,000/25,558,768 (29.6%) | failed=0 | rate=379/s | ETA=13:11:33
2026-03-20 17:20:58,972 INFO Progress | batches=3788 | indexed=7,576,000/25,558,768 (29.6%) | failed=0 | rate=378/s | ETA=13:11:51
2026-03-20 17:21:13,982 INFO Progress | batches=3791 | indexed=7,582,000/25,558,768 (29.7%) | failed=0 | rate=379/s | ETA=13:11:33
2026-03-20 17:21:28,998 INFO Progress | batches=3795 | indexed=7,590,000/25,558,768 (29.7%) | failed=0 | rate=379/s | ETA=13:10:58
2026-03-20 17:21:44,008 INFO Progress | batches=3797 | indexed=7,594,000/25,558,768 (29.7%) | failed=0 | rate=379/s | ETA=13:10:58
2026-03-20 17:21:59,012 INFO Progress | batches=3800 | indexed=7,600,000/25,558,768 (29.7%) | failed=0 | rate=379/s | ETA=13:10:40
2026-03-20 17:22:14,024 INFO Progress | batches=3804 | indexed=7,608,000/25,558,768 (29.8%) | failed=0 | rate=379/s | ETA=13:10:04
2026-03-20 17:22:29,029 INFO Progress | batches=3805 | indexed=7,610,000/25,558,768 (29.8%) | failed=0 | rate=378/s | ETA=13:10:22
2026-03-20 17:22:44,040 INFO Progress | batches=3808 | indexed=7,616,000/25,558,768 (29.8%) | failed=0 | rate=379/s | ETA=13:10:04
2026-03-20 17:22:59,048 INFO Progress | batches=3811 | indexed=7,622,000/25,558,768 (29.8%) | failed=0 | rate=379/s | ETA=13:09:46
2026-03-20 17:23:14,066 INFO Progress | batches=3813 | indexed=7,626,000/25,558,768 (29.8%) | failed=0 | rate=378/s | ETA=13:09:46
2026-03-20 17:23:29,088 INFO Progress | batches=3817 | indexed=7,634,000/25,558,768 (29.9%) | failed=0 | rate=379/s | ETA=13:09:11
2026-03-20 17:23:44,095 INFO Progress | batches=3818 | indexed=7,636,000/25,558,768 (29.9%) | failed=0 | rate=378/s | ETA=13:09:28
2026-03-20 17:23:59,096 INFO Progress | batches=3821 | indexed=7,642,000/25,558,768 (29.9%) | failed=0 | rate=378/s | ETA=13:09:10
2026-03-20 17:24:14,108 INFO Progress | batches=3824 | indexed=7,648,000/25,558,768 (29.9%) | failed=0 | rate=378/s | ETA=13:08:52
2026-03-20 17:24:29,116 INFO Progress | batches=3826 | indexed=7,652,000/25,558,768 (29.9%) | failed=0 | rate=378/s | ETA=13:08:52
2026-03-20 17:24:44,120 INFO Progress | batches=3829 | indexed=7,658,000/25,558,768 (30.0%) | failed=0 | rate=378/s | ETA=13:08:34
2026-03-20 17:24:59,131 INFO Progress | batches=3832 | indexed=7,664,000/25,558,768 (30.0%) | failed=0 | rate=378/s | ETA=13:08:17
2026-03-20 17:25:14,153 INFO Progress | batches=3834 | indexed=7,668,000/25,558,768 (30.0%) | failed=0 | rate=378/s | ETA=13:08:16
2026-03-20 17:25:29,198 INFO Progress | batches=3837 | indexed=7,674,000/25,558,768 (30.0%) | failed=0 | rate=378/s | ETA=13:07:59
2026-03-20 17:25:44,200 INFO Progress | batches=3840 | indexed=7,680,000/25,558,768 (30.0%) | failed=0 | rate=378/s | ETA=13:07:41
2026-03-20 17:25:59,203 INFO Progress | batches=3842 | indexed=7,684,000/25,558,768 (30.1%) | failed=0 | rate=378/s | ETA=13:07:40
2026-03-20 17:26:14,210 INFO Progress | batches=3844 | indexed=7,688,000/25,558,768 (30.1%) | failed=0 | rate=378/s | ETA=13:07:40
2026-03-20 17:26:29,216 INFO Progress | batches=3848 | indexed=7,696,000/25,558,768 (30.1%) | failed=0 | rate=378/s | ETA=13:07:05
2026-03-20 17:26:44,225 INFO Progress | batches=3850 | indexed=7,700,000/25,558,768 (30.1%) | failed=0 | rate=378/s | ETA=13:07:04
2026-03-20 17:26:59,234 INFO Progress | batches=3851 | indexed=7,702,000/25,558,768 (30.1%) | failed=0 | rate=378/s | ETA=13:07:22
2026-03-20 17:27:14,244 INFO Progress | batches=3855 | indexed=7,710,000/25,558,768 (30.2%) | failed=0 | rate=378/s | ETA=13:06:46
2026-03-20 17:27:29,265 INFO Progress | batches=3857 | indexed=7,714,000/25,558,768 (30.2%) | failed=0 | rate=378/s | ETA=13:06:46
2026-03-20 17:27:44,290 INFO Progress | batches=3860 | indexed=7,720,000/25,558,768 (30.2%) | failed=0 | rate=378/s | ETA=13:06:28
2026-03-20 17:27:59,297 INFO Progress | batches=3863 | indexed=7,726,000/25,558,768 (30.2%) | failed=0 | rate=378/s | ETA=13:06:10
2026-03-20 17:28:14,308 INFO Progress | batches=3866 | indexed=7,732,000/25,558,768 (30.3%) | failed=0 | rate=378/s | ETA=13:05:52
2026-03-20 17:28:29,318 INFO Progress | batches=3868 | indexed=7,736,000/25,558,768 (30.3%) | failed=0 | rate=378/s | ETA=13:05:52
2026-03-20 17:28:44,325 INFO Progress | batches=3870 | indexed=7,740,000/25,558,768 (30.3%) | failed=0 | rate=378/s | ETA=13:05:52
2026-03-20 17:28:59,493 INFO Progress | batches=3872 | indexed=7,744,000/25,558,768 (30.3%) | failed=0 | rate=378/s | ETA=13:05:52
2026-03-20 17:29:14,577 INFO Progress | batches=3875 | indexed=7,750,000/25,558,768 (30.3%) | failed=0 | rate=378/s | ETA=13:05:34
2026-03-20 17:29:29,585 INFO Progress | batches=3877 | indexed=7,754,000/25,558,768 (30.3%) | failed=0 | rate=378/s | ETA=13:05:34
2026-03-20 17:29:44,591 INFO Progress | batches=3880 | indexed=7,760,000/25,558,768 (30.4%) | failed=0 | rate=378/s | ETA=13:05:16
2026-03-20 17:29:59,598 INFO Progress | batches=3884 | indexed=7,768,000/25,558,768 (30.4%) | failed=0 | rate=378/s | ETA=13:04:40
2026-03-20 17:30:14,608 INFO Progress | batches=3887 | indexed=7,774,000/25,558,768 (30.4%) | failed=0 | rate=378/s | ETA=13:04:22
2026-03-20 17:30:29,618 INFO Progress | batches=3888 | indexed=7,776,000/25,558,768 (30.4%) | failed=0 | rate=378/s | ETA=13:04:39
2026-03-20 17:30:44,626 INFO Progress | batches=3892 | indexed=7,784,000/25,558,768 (30.5%) | failed=0 | rate=378/s | ETA=13:04:04
2026-03-20 17:30:59,633 INFO Progress | batches=3893 | indexed=7,786,000/25,558,768 (30.5%) | failed=0 | rate=378/s | ETA=13:04:21
2026-03-20 17:31:14,643 INFO Progress | batches=3898 | indexed=7,796,000/25,558,768 (30.5%) | failed=0 | rate=378/s | ETA=13:03:28
2026-03-20 17:31:29,652 INFO Progress | batches=3900 | indexed=7,800,000/25,558,768 (30.5%) | failed=0 | rate=378/s | ETA=13:03:28
2026-03-20 17:31:44,653 INFO Progress | batches=3902 | indexed=7,804,000/25,558,768 (30.5%) | failed=0 | rate=378/s | ETA=13:03:27
2026-03-20 17:31:59,657 INFO Progress | batches=3906 | indexed=7,812,000/25,558,768 (30.6%) | failed=0 | rate=378/s | ETA=13:02:52
2026-03-20 17:32:14,668 INFO Progress | batches=3909 | indexed=7,818,000/25,558,768 (30.6%) | failed=0 | rate=378/s | ETA=13:02:34
2026-03-20 17:32:29,677 INFO Progress | batches=3910 | indexed=7,820,000/25,558,768 (30.6%) | failed=0 | rate=378/s | ETA=13:02:51
2026-03-20 17:32:44,684 INFO Progress | batches=3914 | indexed=7,828,000/25,558,768 (30.6%) | failed=0 | rate=378/s | ETA=13:02:16
2026-03-20 17:32:59,689 INFO Progress | batches=3916 | indexed=7,832,000/25,558,768 (30.6%) | failed=0 | rate=378/s | ETA=13:02:15
2026-03-20 17:33:14,698 INFO Progress | batches=3920 | indexed=7,840,000/25,558,768 (30.7%) | failed=0 | rate=378/s | ETA=13:01:40
2026-03-20 17:33:29,702 INFO Progress | batches=3922 | indexed=7,844,000/25,558,768 (30.7%) | failed=0 | rate=378/s | ETA=13:01:39
2026-03-20 17:33:44,706 INFO Progress | batches=3924 | indexed=7,848,000/25,558,768 (30.7%) | failed=0 | rate=378/s | ETA=13:01:39
2026-03-20 17:33:59,717 INFO Progress | batches=3928 | indexed=7,856,000/25,558,768 (30.7%) | failed=0 | rate=378/s | ETA=13:01:04
2026-03-20 17:34:14,725 INFO Progress | batches=3931 | indexed=7,862,000/25,558,768 (30.8%) | failed=0 | rate=378/s | ETA=13:00:46
2026-03-20 17:34:29,738 INFO Progress | batches=3934 | indexed=7,868,000/25,558,768 (30.8%) | failed=0 | rate=378/s | ETA=13:00:28
2026-03-20 17:34:44,741 INFO Progress | batches=3937 | indexed=7,874,000/25,558,768 (30.8%) | failed=0 | rate=378/s | ETA=13:00:10
2026-03-20 17:34:59,742 INFO Progress | batches=3940 | indexed=7,880,000/25,558,768 (30.8%) | failed=0 | rate=378/s | ETA=12:59:52
2026-03-20 17:35:14,751 INFO Progress | batches=3943 | indexed=7,886,000/25,558,768 (30.9%) | failed=0 | rate=378/s | ETA=12:59:34
2026-03-20 17:35:29,765 INFO Progress | batches=3946 | indexed=7,892,000/25,558,768 (30.9%) | failed=0 | rate=378/s | ETA=12:59:17
2026-03-20 17:35:44,771 INFO Progress | batches=3949 | indexed=7,898,000/25,558,768 (30.9%) | failed=0 | rate=378/s | ETA=12:58:59
2026-03-20 17:35:59,777 INFO Progress | batches=3951 | indexed=7,902,000/25,558,768 (30.9%) | failed=0 | rate=378/s | ETA=12:58:58
2026-03-20 17:36:14,783 INFO Progress | batches=3954 | indexed=7,908,000/25,558,768 (30.9%) | failed=0 | rate=378/s | ETA=12:58:40
2026-03-20 17:36:29,792 INFO Progress | batches=3957 | indexed=7,914,000/25,558,768 (31.0%) | failed=0 | rate=378/s | ETA=12:58:22
2026-03-20 17:36:44,796 INFO Progress | batches=3961 | indexed=7,922,000/25,558,768 (31.0%) | failed=0 | rate=378/s | ETA=12:57:48
2026-03-20 17:36:59,802 INFO Progress | batches=3964 | indexed=7,928,000/25,558,768 (31.0%) | failed=0 | rate=378/s | ETA=12:57:30
2026-03-20 17:37:14,804 INFO Progress | batches=3965 | indexed=7,930,000/25,558,768 (31.0%) | failed=0 | rate=378/s | ETA=12:57:46
2026-03-20 17:37:29,814 INFO Progress | batches=3969 | indexed=7,938,000/25,558,768 (31.1%) | failed=0 | rate=378/s | ETA=12:57:11
2026-03-20 17:37:44,815 INFO Progress | batches=3970 | indexed=7,940,000/25,558,768 (31.1%) | failed=0 | rate=378/s | ETA=12:57:27
2026-03-20 17:37:59,815 INFO Progress | batches=3973 | indexed=7,946,000/25,558,768 (31.1%) | failed=0 | rate=378/s | ETA=12:57:10
2026-03-20 17:38:14,833 INFO Progress | batches=3975 | indexed=7,950,000/25,558,768 (31.1%) | failed=0 | rate=378/s | ETA=12:57:09
2026-03-20 17:38:29,848 INFO Progress | batches=3978 | indexed=7,956,000/25,558,768 (31.1%) | failed=0 | rate=378/s | ETA=12:56:51
2026-03-20 17:38:44,850 INFO Progress | batches=3979 | indexed=7,958,000/25,558,768 (31.1%) | failed=0 | rate=377/s | ETA=12:57:07
2026-03-20 17:38:59,861 INFO Progress | batches=3982 | indexed=7,964,000/25,558,768 (31.2%) | failed=0 | rate=377/s | ETA=12:56:49
2026-03-20 17:39:14,872 INFO Progress | batches=3986 | indexed=7,972,000/25,558,768 (31.2%) | failed=0 | rate=378/s | ETA=12:56:14
2026-03-20 17:39:29,888 INFO Progress | batches=3988 | indexed=7,976,000/25,558,768 (31.2%) | failed=0 | rate=378/s | ETA=12:56:14
2026-03-20 17:39:44,890 INFO Progress | batches=3992 | indexed=7,984,000/25,558,768 (31.2%) | failed=0 | rate=378/s | ETA=12:55:39
2026-03-20 17:39:59,898 INFO Progress | batches=3994 | indexed=7,988,000/25,558,768 (31.3%) | failed=0 | rate=378/s | ETA=12:55:38
2026-03-20 17:40:14,901 INFO Progress | batches=3998 | indexed=7,996,000/25,558,768 (31.3%) | failed=0 | rate=378/s | ETA=12:55:03
2026-03-20 17:40:29,911 INFO Progress | batches=3999 | indexed=7,998,000/25,558,768 (31.3%) | failed=0 | rate=377/s | ETA=12:55:19
2026-03-20 17:40:44,914 INFO Progress | batches=4003 | indexed=8,006,000/25,558,768 (31.3%) | failed=0 | rate=378/s | ETA=12:54:44
2026-03-20 17:40:59,925 INFO Progress | batches=4006 | indexed=8,012,000/25,558,768 (31.3%) | failed=0 | rate=378/s | ETA=12:54:27
2026-03-20 17:41:14,935 INFO Progress | batches=4009 | indexed=8,018,000/25,558,768 (31.4%) | failed=0 | rate=378/s | ETA=12:54:09
2026-03-20 17:41:29,941 INFO Progress | batches=4011 | indexed=8,022,000/25,558,768 (31.4%) | failed=0 | rate=378/s | ETA=12:54:08
2026-03-20 17:41:44,948 INFO Progress | batches=4014 | indexed=8,028,000/25,558,768 (31.4%) | failed=0 | rate=378/s | ETA=12:53:50
2026-03-20 17:41:59,950 INFO Progress | batches=4015 | indexed=8,030,000/25,558,768 (31.4%) | failed=0 | rate=377/s | ETA=12:54:06
2026-03-20 17:42:14,958 INFO Progress | batches=4020 | indexed=8,040,000/25,558,768 (31.5%) | failed=0 | rate=378/s | ETA=12:53:14
2026-03-20 17:42:29,978 INFO Progress | batches=4021 | indexed=8,042,000/25,558,768 (31.5%) | failed=0 | rate=377/s | ETA=12:53:30
2026-03-20 17:42:45,004 INFO Progress | batches=4024 | indexed=8,048,000/25,558,768 (31.5%) | failed=0 | rate=377/s | ETA=12:53:12
2026-03-20 17:43:00,042 INFO Progress | batches=4025 | indexed=8,050,000/25,558,768 (31.5%) | failed=0 | rate=377/s | ETA=12:53:28
2026-03-20 17:43:15,106 INFO Progress | batches=4029 | indexed=8,058,000/25,558,768 (31.5%) | failed=0 | rate=377/s | ETA=12:52:54
2026-03-20 17:43:30,109 INFO Progress | batches=4033 | indexed=8,066,000/25,558,768 (31.6%) | failed=0 | rate=377/s | ETA=12:52:19
2026-03-20 17:43:45,120 INFO Progress | batches=4036 | indexed=8,072,000/25,558,768 (31.6%) | failed=0 | rate=378/s | ETA=12:52:01
2026-03-20 17:44:00,132 INFO Progress | batches=4038 | indexed=8,076,000/25,558,768 (31.6%) | failed=0 | rate=377/s | ETA=12:52:00
2026-03-20 17:44:15,141 INFO Progress | batches=4041 | indexed=8,082,000/25,558,768 (31.6%) | failed=0 | rate=377/s | ETA=12:51:43
2026-03-20 17:44:30,146 INFO Progress | batches=4044 | indexed=8,088,000/25,558,768 (31.6%) | failed=0 | rate=377/s | ETA=12:51:25
2026-03-20 17:44:45,162 INFO Progress | batches=4047 | indexed=8,094,000/25,558,768 (31.7%) | failed=0 | rate=377/s | ETA=12:51:07
2026-03-20 17:45:00,179 INFO Progress | batches=4050 | indexed=8,100,000/25,558,768 (31.7%) | failed=0 | rate=377/s | ETA=12:50:49
2026-03-20 17:45:15,180 INFO Progress | batches=4052 | indexed=8,104,000/25,558,768 (31.7%) | failed=0 | rate=377/s | ETA=12:50:48
2026-03-20 17:45:30,181 INFO Progress | batches=4056 | indexed=8,112,000/25,558,768 (31.7%) | failed=0 | rate=378/s | ETA=12:50:13
2026-03-20 17:45:45,205 INFO Progress | batches=4058 | indexed=8,116,000/25,558,768 (31.8%) | failed=0 | rate=377/s | ETA=12:50:12
2026-03-20 17:46:00,238 INFO Progress | batches=4062 | indexed=8,124,000/25,558,768 (31.8%) | failed=0 | rate=378/s | ETA=12:49:38
2026-03-20 17:46:15,240 INFO Progress | batches=4064 | indexed=8,128,000/25,558,768 (31.8%) | failed=0 | rate=377/s | ETA=12:49:37
2026-03-20 17:46:30,242 INFO Progress | batches=4069 | indexed=8,138,000/25,558,768 (31.8%) | failed=0 | rate=378/s | ETA=12:48:46
2026-03-20 17:46:45,245 INFO Progress | batches=4072 | indexed=8,144,000/25,558,768 (31.9%) | failed=0 | rate=378/s | ETA=12:48:28
2026-03-20 17:47:00,427 INFO Progress | batches=4075 | indexed=8,150,000/25,558,768 (31.9%) | failed=0 | rate=378/s | ETA=12:48:11
2026-03-20 17:47:15,528 INFO Progress | batches=4078 | indexed=8,156,000/25,558,768 (31.9%) | failed=0 | rate=378/s | ETA=12:47:53
2026-03-20 17:47:30,531 INFO Progress | batches=4080 | indexed=8,160,000/25,558,768 (31.9%) | failed=0 | rate=378/s | ETA=12:47:52
2026-03-20 17:47:45,539 INFO Progress | batches=4083 | indexed=8,166,000/25,558,768 (31.9%) | failed=0 | rate=378/s | ETA=12:47:34
2026-03-20 17:48:00,555 INFO Progress | batches=4085 | indexed=8,170,000/25,558,768 (32.0%) | failed=0 | rate=378/s | ETA=12:47:33
2026-03-20 17:48:15,566 INFO Progress | batches=4089 | indexed=8,178,000/25,558,768 (32.0%) | failed=0 | rate=378/s | ETA=12:46:59
2026-03-20 17:48:30,569 INFO Progress | batches=4091 | indexed=8,182,000/25,558,768 (32.0%) | failed=0 | rate=378/s | ETA=12:46:57
2026-03-20 17:48:45,574 INFO Progress | batches=4094 | indexed=8,188,000/25,558,768 (32.0%) | failed=0 | rate=378/s | ETA=12:46:40
2026-03-20 17:49:00,586 INFO Progress | batches=4098 | indexed=8,196,000/25,558,768 (32.1%) | failed=0 | rate=378/s | ETA=12:46:05
2026-03-20 17:49:15,592 INFO Progress | batches=4100 | indexed=8,200,000/25,558,768 (32.1%) | failed=0 | rate=378/s | ETA=12:46:04
2026-03-20 17:49:30,595 INFO Progress | batches=4103 | indexed=8,206,000/25,558,768 (32.1%) | failed=0 | rate=378/s | ETA=12:45:46
2026-03-20 17:49:45,599 INFO Progress | batches=4105 | indexed=8,210,000/25,558,768 (32.1%) | failed=0 | rate=378/s | ETA=12:45:45
2026-03-20 17:50:00,603 INFO Progress | batches=4108 | indexed=8,216,000/25,558,768 (32.1%) | failed=0 | rate=378/s | ETA=12:45:27
2026-03-20 17:50:15,614 INFO Progress | batches=4111 | indexed=8,222,000/25,558,768 (32.2%) | failed=0 | rate=378/s | ETA=12:45:10
2026-03-20 17:50:30,624 INFO Progress | batches=4112 | indexed=8,224,000/25,558,768 (32.2%) | failed=0 | rate=377/s | ETA=12:45:25
2026-03-20 17:50:45,627 INFO Progress | batches=4116 | indexed=8,232,000/25,558,768 (32.2%) | failed=0 | rate=378/s | ETA=12:44:51
2026-03-20 17:51:00,633 INFO Progress | batches=4119 | indexed=8,238,000/25,558,768 (32.2%) | failed=0 | rate=378/s | ETA=12:44:33
2026-03-20 17:51:15,645 INFO Progress | batches=4122 | indexed=8,244,000/25,558,768 (32.3%) | failed=0 | rate=378/s | ETA=12:44:15
2026-03-20 17:51:30,657 INFO Progress | batches=4123 | indexed=8,246,000/25,558,768 (32.3%) | failed=0 | rate=377/s | ETA=12:44:30
2026-03-20 17:51:45,665 INFO Progress | batches=4127 | indexed=8,254,000/25,558,768 (32.3%) | failed=0 | rate=378/s | ETA=12:43:56
2026-03-20 17:52:00,674 INFO Progress | batches=4130 | indexed=8,260,000/25,558,768 (32.3%) | failed=0 | rate=378/s | ETA=12:43:38
2026-03-20 17:52:15,683 INFO Progress | batches=4133 | indexed=8,266,000/25,558,768 (32.3%) | failed=0 | rate=378/s | ETA=12:43:20
2026-03-20 17:52:30,833 INFO Progress | batches=4136 | indexed=8,272,000/25,558,768 (32.4%) | failed=0 | rate=378/s | ETA=12:43:03
2026-03-20 17:52:45,853 INFO Progress | batches=4140 | indexed=8,280,000/25,558,768 (32.4%) | failed=0 | rate=378/s | ETA=12:42:29
2026-03-20 17:53:00,858 INFO Progress | batches=4143 | indexed=8,286,000/25,558,768 (32.4%) | failed=0 | rate=378/s | ETA=12:42:11
2026-03-20 17:53:15,867 INFO Progress | batches=4145 | indexed=8,290,000/25,558,768 (32.4%) | failed=0 | rate=378/s | ETA=12:42:10
2026-03-20 17:53:30,879 INFO Progress | batches=4147 | indexed=8,294,000/25,558,768 (32.5%) | failed=0 | rate=378/s | ETA=12:42:08
2026-03-20 17:53:45,883 INFO Progress | batches=4149 | indexed=8,298,000/25,558,768 (32.5%) | failed=0 | rate=377/s | ETA=12:42:07
2026-03-20 17:54:00,890 INFO Progress | batches=4152 | indexed=8,304,000/25,558,768 (32.5%) | failed=0 | rate=377/s | ETA=12:41:49
2026-03-20 17:54:15,901 INFO Progress | batches=4154 | indexed=8,308,000/25,558,768 (32.5%) | failed=0 | rate=377/s | ETA=12:41:48
2026-03-20 17:54:30,907 INFO Progress | batches=4158 | indexed=8,316,000/25,558,768 (32.5%) | failed=0 | rate=378/s | ETA=12:41:14
2026-03-20 17:54:45,917 INFO Progress | batches=4161 | indexed=8,322,000/25,558,768 (32.6%) | failed=0 | rate=378/s | ETA=12:40:56
2026-03-20 17:55:00,922 INFO Progress | batches=4162 | indexed=8,324,000/25,558,768 (32.6%) | failed=0 | rate=377/s | ETA=12:41:11
2026-03-20 17:55:15,933 INFO Progress | batches=4166 | indexed=8,332,000/25,558,768 (32.6%) | failed=0 | rate=377/s | ETA=12:40:37
2026-03-20 17:55:30,934 INFO Progress | batches=4168 | indexed=8,336,000/25,558,768 (32.6%) | failed=0 | rate=377/s | ETA=12:40:35
2026-03-20 17:55:45,944 INFO Progress | batches=4172 | indexed=8,344,000/25,558,768 (32.6%) | failed=0 | rate=378/s | ETA=12:40:01
2026-03-20 17:56:00,950 INFO Progress | batches=4175 | indexed=8,350,000/25,558,768 (32.7%) | failed=0 | rate=378/s | ETA=12:39:44
2026-03-20 17:56:15,956 INFO Progress | batches=4176 | indexed=8,352,000/25,558,768 (32.7%) | failed=0 | rate=377/s | ETA=12:39:58
2026-03-20 17:56:30,957 INFO Progress | batches=4180 | indexed=8,360,000/25,558,768 (32.7%) | failed=0 | rate=377/s | ETA=12:39:25
2026-03-20 17:56:45,967 INFO Progress | batches=4182 | indexed=8,364,000/25,558,768 (32.7%) | failed=0 | rate=377/s | ETA=12:39:23
2026-03-20 17:57:00,970 INFO Progress | batches=4185 | indexed=8,370,000/25,558,768 (32.7%) | failed=0 | rate=377/s | ETA=12:39:05
2026-03-20 17:57:15,982 INFO Progress | batches=4187 | indexed=8,374,000/25,558,768 (32.8%) | failed=0 | rate=377/s | ETA=12:39:04
2026-03-20 17:57:30,985 INFO Progress | batches=4189 | indexed=8,378,000/25,558,768 (32.8%) | failed=0 | rate=377/s | ETA=12:39:02
2026-03-20 17:57:46,003 INFO Progress | batches=4193 | indexed=8,386,000/25,558,768 (32.8%) | failed=0 | rate=377/s | ETA=12:38:28
2026-03-20 17:58:01,021 INFO Progress | batches=4196 | indexed=8,392,000/25,558,768 (32.8%) | failed=0 | rate=377/s | ETA=12:38:11
2026-03-20 17:58:16,025 INFO Progress | batches=4200 | indexed=8,400,000/25,558,768 (32.9%) | failed=0 | rate=377/s | ETA=12:37:37
2026-03-20 17:58:31,033 INFO Progress | batches=4202 | indexed=8,404,000/25,558,768 (32.9%) | failed=0 | rate=377/s | ETA=12:37:35
2026-03-20 17:58:46,042 INFO Progress | batches=4205 | indexed=8,410,000/25,558,768 (32.9%) | failed=0 | rate=377/s | ETA=12:37:17
2026-03-20 17:59:01,051 INFO Progress | batches=4209 | indexed=8,418,000/25,558,768 (32.9%) | failed=0 | rate=378/s | ETA=12:36:44
2026-03-20 17:59:16,058 INFO Progress | batches=4212 | indexed=8,424,000/25,558,768 (33.0%) | failed=0 | rate=378/s | ETA=12:36:26
2026-03-20 17:59:31,067 INFO Progress | batches=4214 | indexed=8,428,000/25,558,768 (33.0%) | failed=0 | rate=377/s | ETA=12:36:24
2026-03-20 17:59:46,070 INFO Progress | batches=4218 | indexed=8,436,000/25,558,768 (33.0%) | failed=0 | rate=378/s | ETA=12:35:50
2026-03-20 18:00:01,080 INFO Progress | batches=4221 | indexed=8,442,000/25,558,768 (33.0%) | failed=0 | rate=378/s | ETA=12:35:33
2026-03-20 18:00:16,085 INFO Progress | batches=4223 | indexed=8,446,000/25,558,768 (33.0%) | failed=0 | rate=378/s | ETA=12:35:31
2026-03-20 18:00:31,096 INFO Progress | batches=4227 | indexed=8,454,000/25,558,768 (33.1%) | failed=0 | rate=378/s | ETA=12:34:57
2026-03-20 18:00:46,106 INFO Progress | batches=4231 | indexed=8,462,000/25,558,768 (33.1%) | failed=0 | rate=378/s | ETA=12:34:24
2026-03-20 18:01:01,108 INFO Progress | batches=4233 | indexed=8,466,000/25,558,768 (33.1%) | failed=0 | rate=378/s | ETA=12:34:22
2026-03-20 18:01:16,113 INFO Progress | batches=4236 | indexed=8,472,000/25,558,768 (33.1%) | failed=0 | rate=378/s | ETA=12:34:04
2026-03-20 18:01:31,123 INFO Progress | batches=4238 | indexed=8,476,000/25,558,768 (33.2%) | failed=0 | rate=378/s | ETA=12:34:03
2026-03-20 18:01:46,131 INFO Progress | batches=4242 | indexed=8,484,000/25,558,768 (33.2%) | failed=0 | rate=378/s | ETA=12:33:29
2026-03-20 18:02:01,137 INFO Progress | batches=4244 | indexed=8,488,000/25,558,768 (33.2%) | failed=0 | rate=378/s | ETA=12:33:27
2026-03-20 18:02:16,146 INFO Progress | batches=4247 | indexed=8,494,000/25,558,768 (33.2%) | failed=0 | rate=378/s | ETA=12:33:10
2026-03-20 18:02:31,148 INFO Progress | batches=4249 | indexed=8,498,000/25,558,768 (33.2%) | failed=0 | rate=378/s | ETA=12:33:08
2026-03-20 18:02:46,159 INFO Progress | batches=4252 | indexed=8,504,000/25,558,768 (33.3%) | failed=0 | rate=378/s | ETA=12:32:50
2026-03-20 18:03:01,174 INFO Progress | batches=4254 | indexed=8,508,000/25,558,768 (33.3%) | failed=0 | rate=377/s | ETA=12:32:49
2026-03-20 18:03:16,192 INFO Progress | batches=4257 | indexed=8,514,000/25,558,768 (33.3%) | failed=0 | rate=378/s | ETA=12:32:31
2026-03-20 18:03:31,200 INFO Progress | batches=4259 | indexed=8,518,000/25,558,768 (33.3%) | failed=0 | rate=377/s | ETA=12:32:29
2026-03-20 18:03:46,211 INFO Progress | batches=4262 | indexed=8,524,000/25,558,768 (33.4%) | failed=0 | rate=377/s | ETA=12:32:12
2026-03-20 18:04:01,212 INFO Progress | batches=4266 | indexed=8,532,000/25,558,768 (33.4%) | failed=0 | rate=378/s | ETA=12:31:38
2026-03-20 18:04:16,217 INFO Progress | batches=4267 | indexed=8,534,000/25,558,768 (33.4%) | failed=0 | rate=377/s | ETA=12:31:52
2026-03-20 18:04:31,225 INFO Progress | batches=4269 | indexed=8,538,000/25,558,768 (33.4%) | failed=0 | rate=377/s | ETA=12:31:50
2026-03-20 18:04:46,233 INFO Progress | batches=4270 | indexed=8,540,000/25,558,768 (33.4%) | failed=0 | rate=377/s | ETA=12:32:04
2026-03-20 18:05:01,242 INFO Progress | batches=4275 | indexed=8,550,000/25,558,768 (33.5%) | failed=0 | rate=377/s | ETA=12:31:15
2026-03-20 18:05:16,249 INFO Progress | batches=4277 | indexed=8,554,000/25,558,768 (33.5%) | failed=0 | rate=377/s | ETA=12:31:13
2026-03-20 18:05:31,258 INFO Progress | batches=4280 | indexed=8,560,000/25,558,768 (33.5%) | failed=0 | rate=377/s | ETA=12:30:55
2026-03-20 18:05:46,262 INFO Progress | batches=4282 | indexed=8,564,000/25,558,768 (33.5%) | failed=0 | rate=377/s | ETA=12:30:53
2026-03-20 18:06:01,270 INFO Progress | batches=4286 | indexed=8,572,000/25,558,768 (33.5%) | failed=0 | rate=377/s | ETA=12:30:20
2026-03-20 18:06:16,274 INFO Progress | batches=4290 | indexed=8,580,000/25,558,768 (33.6%) | failed=0 | rate=377/s | ETA=12:29:47
2026-03-20 18:06:31,285 INFO Progress | batches=4292 | indexed=8,584,000/25,558,768 (33.6%) | failed=0 | rate=377/s | ETA=12:29:45
2026-03-20 18:06:46,292 INFO Progress | batches=4294 | indexed=8,588,000/25,558,768 (33.6%) | failed=0 | rate=377/s | ETA=12:29:43
2026-03-20 18:07:01,298 INFO Progress | batches=4298 | indexed=8,596,000/25,558,768 (33.6%) | failed=0 | rate=377/s | ETA=12:29:09
2026-03-20 18:07:16,306 INFO Progress | batches=4299 | indexed=8,598,000/25,558,768 (33.6%) | failed=0 | rate=377/s | ETA=12:29:23
2026-03-20 18:07:31,317 INFO Progress | batches=4302 | indexed=8,604,000/25,558,768 (33.7%) | failed=0 | rate=377/s | ETA=12:29:06
2026-03-20 18:07:46,328 INFO Progress | batches=4306 | indexed=8,612,000/25,558,768 (33.7%) | failed=0 | rate=377/s | ETA=12:28:32
2026-03-20 18:08:01,333 INFO Progress | batches=4307 | indexed=8,614,000/25,558,768 (33.7%) | failed=0 | rate=377/s | ETA=12:28:46
2026-03-20 18:08:16,338 INFO Progress | batches=4310 | indexed=8,620,000/25,558,768 (33.7%) | failed=0 | rate=377/s | ETA=12:28:28
2026-03-20 18:08:31,341 INFO Progress | batches=4312 | indexed=8,624,000/25,558,768 (33.7%) | failed=0 | rate=377/s | ETA=12:28:26
2026-03-20 18:08:46,344 INFO Progress | batches=4315 | indexed=8,630,000/25,558,768 (33.8%) | failed=0 | rate=377/s | ETA=12:28:09
2026-03-20 18:09:01,355 INFO Progress | batches=4316 | indexed=8,632,000/25,558,768 (33.8%) | failed=0 | rate=377/s | ETA=12:28:22
2026-03-20 18:09:16,365 INFO Progress | batches=4317 | indexed=8,634,000/25,558,768 (33.8%) | failed=0 | rate=377/s | ETA=12:28:36
2026-03-20 18:09:31,371 INFO Progress | batches=4322 | indexed=8,644,000/25,558,768 (33.8%) | failed=0 | rate=377/s | ETA=12:27:47
2026-03-20 18:09:46,372 INFO Progress | batches=4323 | indexed=8,646,000/25,558,768 (33.8%) | failed=0 | rate=377/s | ETA=12:28:01
2026-03-20 18:10:01,379 INFO Progress | batches=4324 | indexed=8,648,000/25,558,768 (33.8%) | failed=0 | rate=377/s | ETA=12:28:14
2026-03-20 18:10:16,384 INFO Progress | batches=4326 | indexed=8,652,000/25,558,768 (33.9%) | failed=0 | rate=377/s | ETA=12:28:12
2026-03-20 18:10:31,391 INFO Progress | batches=4330 | indexed=8,660,000/25,558,768 (33.9%) | failed=0 | rate=377/s | ETA=12:27:39
2026-03-20 18:10:46,393 INFO Progress | batches=4332 | indexed=8,664,000/25,558,768 (33.9%) | failed=0 | rate=377/s | ETA=12:27:37
2026-03-20 18:11:01,397 INFO Progress | batches=4336 | indexed=8,672,000/25,558,768 (33.9%) | failed=0 | rate=377/s | ETA=12:27:03
2026-03-20 18:11:16,403 INFO Progress | batches=4339 | indexed=8,678,000/25,558,768 (34.0%) | failed=0 | rate=377/s | ETA=12:26:46
2026-03-20 18:11:31,405 INFO Progress | batches=4342 | indexed=8,684,000/25,558,768 (34.0%) | failed=0 | rate=377/s | ETA=12:26:28
2026-03-20 18:11:46,412 INFO Progress | batches=4345 | indexed=8,690,000/25,558,768 (34.0%) | failed=0 | rate=377/s | ETA=12:26:10
2026-03-20 18:12:01,591 INFO Progress | batches=4347 | indexed=8,694,000/25,558,768 (34.0%) | failed=0 | rate=377/s | ETA=12:26:08
2026-03-20 18:12:16,663 INFO Progress | batches=4350 | indexed=8,700,000/25,558,768 (34.0%) | failed=0 | rate=377/s | ETA=12:25:51
2026-03-20 18:12:31,672 INFO Progress | batches=4353 | indexed=8,706,000/25,558,768 (34.1%) | failed=0 | rate=377/s | ETA=12:25:33
2026-03-20 18:12:46,683 INFO Progress | batches=4354 | indexed=8,708,000/25,558,768 (34.1%) | failed=0 | rate=377/s | ETA=12:25:47
2026-03-20 18:13:01,687 INFO Progress | batches=4355 | indexed=8,710,000/25,558,768 (34.1%) | failed=0 | rate=376/s | ETA=12:26:00
2026-03-20 18:13:16,698 INFO Progress | batches=4358 | indexed=8,716,000/25,558,768 (34.1%) | failed=0 | rate=376/s | ETA=12:25:42
2026-03-20 18:13:31,699 INFO Progress | batches=4362 | indexed=8,724,000/25,558,768 (34.1%) | failed=0 | rate=377/s | ETA=12:25:09
2026-03-20 18:13:46,706 INFO Progress | batches=4364 | indexed=8,728,000/25,558,768 (34.1%) | failed=0 | rate=376/s | ETA=12:25:07
2026-03-20 18:14:01,707 INFO Progress | batches=4367 | indexed=8,734,000/25,558,768 (34.2%) | failed=0 | rate=376/s | ETA=12:24:49
2026-03-20 18:14:16,718 INFO Progress | batches=4369 | indexed=8,738,000/25,558,768 (34.2%) | failed=0 | rate=376/s | ETA=12:24:47
2026-03-20 18:14:31,722 INFO Progress | batches=4373 | indexed=8,746,000/25,558,768 (34.2%) | failed=0 | rate=377/s | ETA=12:24:14
2026-03-20 18:14:46,731 INFO Progress | batches=4374 | indexed=8,748,000/25,558,768 (34.2%) | failed=0 | rate=376/s | ETA=12:24:27
2026-03-20 18:15:01,760 INFO Progress | batches=4378 | indexed=8,756,000/25,558,768 (34.3%) | failed=0 | rate=376/s | ETA=12:23:54
2026-03-20 18:15:16,772 INFO Progress | batches=4381 | indexed=8,762,000/25,558,768 (34.3%) | failed=0 | rate=376/s | ETA=12:23:36
2026-03-20 18:15:31,781 INFO Progress | batches=4384 | indexed=8,768,000/25,558,768 (34.3%) | failed=0 | rate=376/s | ETA=12:23:18
2026-03-20 18:15:46,793 INFO Progress | batches=4387 | indexed=8,774,000/25,558,768 (34.3%) | failed=0 | rate=376/s | ETA=12:23:01
2026-03-20 18:16:01,806 INFO Progress | batches=4389 | indexed=8,778,000/25,558,768 (34.3%) | failed=0 | rate=376/s | ETA=12:22:58
2026-03-20 18:16:16,812 INFO Progress | batches=4393 | indexed=8,786,000/25,558,768 (34.4%) | failed=0 | rate=377/s | ETA=12:22:25
2026-03-20 18:16:31,824 INFO Progress | batches=4396 | indexed=8,792,000/25,558,768 (34.4%) | failed=0 | rate=377/s | ETA=12:22:07
2026-03-20 18:16:46,825 INFO Progress | batches=4398 | indexed=8,796,000/25,558,768 (34.4%) | failed=0 | rate=376/s | ETA=12:22:05
2026-03-20 18:17:01,836 INFO Progress | batches=4401 | indexed=8,802,000/25,558,768 (34.4%) | failed=0 | rate=376/s | ETA=12:21:48
2026-03-20 18:17:16,844 INFO Progress | batches=4403 | indexed=8,806,000/25,558,768 (34.5%) | failed=0 | rate=376/s | ETA=12:21:45
2026-03-20 18:17:31,856 INFO Progress | batches=4407 | indexed=8,814,000/25,558,768 (34.5%) | failed=0 | rate=377/s | ETA=12:21:12
2026-03-20 18:17:46,867 INFO Progress | batches=4409 | indexed=8,818,000/25,558,768 (34.5%) | failed=0 | rate=376/s | ETA=12:21:10
2026-03-20 18:18:01,880 INFO Progress | batches=4413 | indexed=8,826,000/25,558,768 (34.5%) | failed=0 | rate=377/s | ETA=12:20:37
2026-03-20 18:18:16,886 INFO Progress | batches=4416 | indexed=8,832,000/25,558,768 (34.6%) | failed=0 | rate=377/s | ETA=12:20:19
2026-03-20 18:18:31,896 INFO Progress | batches=4419 | indexed=8,838,000/25,558,768 (34.6%) | failed=0 | rate=377/s | ETA=12:20:01
2026-03-20 18:18:46,898 INFO Progress | batches=4421 | indexed=8,842,000/25,558,768 (34.6%) | failed=0 | rate=377/s | ETA=12:19:59
2026-03-20 18:19:01,901 INFO Progress | batches=4425 | indexed=8,850,000/25,558,768 (34.6%) | failed=0 | rate=377/s | ETA=12:19:26
2026-03-20 18:19:16,904 INFO Progress | batches=4428 | indexed=8,856,000/25,558,768 (34.6%) | failed=0 | rate=377/s | ETA=12:19:08
2026-03-20 18:19:31,909 INFO Progress | batches=4429 | indexed=8,858,000/25,558,768 (34.7%) | failed=0 | rate=376/s | ETA=12:19:21
2026-03-20 18:19:46,915 INFO Progress | batches=4434 | indexed=8,868,000/25,558,768 (34.7%) | failed=0 | rate=377/s | ETA=12:18:33
2026-03-20 18:20:01,920 INFO Progress | batches=4435 | indexed=8,870,000/25,558,768 (34.7%) | failed=0 | rate=376/s | ETA=12:18:46
2026-03-20 18:20:16,927 INFO Progress | batches=4440 | indexed=8,880,000/25,558,768 (34.7%) | failed=0 | rate=377/s | ETA=12:17:58
2026-03-20 18:20:31,934 INFO Progress | batches=4442 | indexed=8,884,000/25,558,768 (34.8%) | failed=0 | rate=377/s | ETA=12:17:55
2026-03-20 18:20:46,944 INFO Progress | batches=4445 | indexed=8,890,000/25,558,768 (34.8%) | failed=0 | rate=377/s | ETA=12:17:38
2026-03-20 18:21:01,951 INFO Progress | batches=4449 | indexed=8,898,000/25,558,768 (34.8%) | failed=0 | rate=377/s | ETA=12:17:05
2026-03-20 18:21:16,959 INFO Progress | batches=4450 | indexed=8,900,000/25,558,768 (34.8%) | failed=0 | rate=377/s | ETA=12:17:18
2026-03-20 18:21:31,970 INFO Progress | batches=4453 | indexed=8,906,000/25,558,768 (34.8%) | failed=0 | rate=377/s | ETA=12:17:00
2026-03-20 18:21:46,977 INFO Progress | batches=4457 | indexed=8,914,000/25,558,768 (34.9%) | failed=0 | rate=377/s | ETA=12:16:27
2026-03-20 18:22:01,980 INFO Progress | batches=4460 | indexed=8,920,000/25,558,768 (34.9%) | failed=0 | rate=377/s | ETA=12:16:09
2026-03-20 18:22:16,987 INFO Progress | batches=4461 | indexed=8,922,000/25,558,768 (34.9%) | failed=0 | rate=377/s | ETA=12:16:22
2026-03-20 18:22:31,994 INFO Progress | batches=4464 | indexed=8,928,000/25,558,768 (34.9%) | failed=0 | rate=377/s | ETA=12:16:04
2026-03-20 18:22:47,001 INFO Progress | batches=4467 | indexed=8,934,000/25,558,768 (35.0%) | failed=0 | rate=377/s | ETA=12:15:47
2026-03-20 18:23:02,005 INFO Progress | batches=4471 | indexed=8,942,000/25,558,768 (35.0%) | failed=0 | rate=377/s | ETA=12:15:14
2026-03-20 18:23:17,008 INFO Progress | batches=4474 | indexed=8,948,000/25,558,768 (35.0%) | failed=0 | rate=377/s | ETA=12:14:56
2026-03-20 18:23:32,013 INFO Progress | batches=4474 | indexed=8,948,000/25,558,768 (35.0%) | failed=0 | rate=376/s | ETA=12:15:24
2026-03-20 18:23:47,023 INFO Progress | batches=4478 | indexed=8,956,000/25,558,768 (35.0%) | failed=0 | rate=377/s | ETA=12:14:51
2026-03-20 18:24:02,028 INFO Progress | batches=4480 | indexed=8,960,000/25,558,768 (35.1%) | failed=0 | rate=376/s | ETA=12:14:49
2026-03-20 18:24:17,031 INFO Progress | batches=4485 | indexed=8,970,000/25,558,768 (35.1%) | failed=0 | rate=377/s | ETA=12:14:01
2026-03-20 18:24:32,036 INFO Progress | batches=4486 | indexed=8,972,000/25,558,768 (35.1%) | failed=0 | rate=377/s | ETA=12:14:13
2026-03-20 18:24:47,038 INFO Progress | batches=4489 | indexed=8,978,000/25,558,768 (35.1%) | failed=0 | rate=377/s | ETA=12:13:56
2026-03-20 18:25:02,042 INFO Progress | batches=4491 | indexed=8,982,000/25,558,768 (35.1%) | failed=0 | rate=376/s | ETA=12:13:53
2026-03-20 18:25:17,045 INFO Progress | batches=4494 | indexed=8,988,000/25,558,768 (35.2%) | failed=0 | rate=376/s | ETA=12:13:36
2026-03-20 18:25:32,056 INFO Progress | batches=4498 | indexed=8,996,000/25,558,768 (35.2%) | failed=0 | rate=377/s | ETA=12:13:03
2026-03-20 18:25:47,064 INFO Progress | batches=4501 | indexed=9,002,000/25,558,768 (35.2%) | failed=0 | rate=377/s | ETA=12:12:45
2026-03-20 18:26:02,075 INFO Progress | batches=4505 | indexed=9,010,000/25,558,768 (35.3%) | failed=0 | rate=377/s | ETA=12:12:13
2026-03-20 18:26:17,080 INFO Progress | batches=4507 | indexed=9,014,000/25,558,768 (35.3%) | failed=0 | rate=377/s | ETA=12:12:10
2026-03-20 18:26:32,082 INFO Progress | batches=4509 | indexed=9,018,000/25,558,768 (35.3%) | failed=0 | rate=377/s | ETA=12:12:07
2026-03-20 18:26:47,096 INFO Progress | batches=4511 | indexed=9,022,000/25,558,768 (35.3%) | failed=0 | rate=376/s | ETA=12:12:05
2026-03-20 18:27:02,127 INFO Progress | batches=4514 | indexed=9,028,000/25,558,768 (35.3%) | failed=0 | rate=376/s | ETA=12:11:47
2026-03-20 18:27:17,138 INFO Progress | batches=4517 | indexed=9,034,000/25,558,768 (35.3%) | failed=0 | rate=377/s | ETA=12:11:30
2026-03-20 18:27:32,151 INFO Progress | batches=4520 | indexed=9,040,000/25,558,768 (35.4%) | failed=0 | rate=377/s | ETA=12:11:12
2026-03-20 18:27:47,184 INFO Progress | batches=4523 | indexed=9,046,000/25,558,768 (35.4%) | failed=0 | rate=377/s | ETA=12:10:54
2026-03-20 18:28:02,202 INFO Progress | batches=4527 | indexed=9,054,000/25,558,768 (35.4%) | failed=0 | rate=377/s | ETA=12:10:22
2026-03-20 18:28:17,213 INFO Progress | batches=4531 | indexed=9,062,000/25,558,768 (35.5%) | failed=0 | rate=377/s | ETA=12:09:49
2026-03-20 18:28:32,214 INFO Progress | batches=4533 | indexed=9,066,000/25,558,768 (35.5%) | failed=0 | rate=377/s | ETA=12:09:47
2026-03-20 18:28:47,225 INFO Progress | batches=4537 | indexed=9,074,000/25,558,768 (35.5%) | failed=0 | rate=377/s | ETA=12:09:14
2026-03-20 18:29:02,229 INFO Progress | batches=4540 | indexed=9,080,000/25,558,768 (35.5%) | failed=0 | rate=377/s | ETA=12:08:56
2026-03-20 18:29:17,239 INFO Progress | batches=4543 | indexed=9,086,000/25,558,768 (35.5%) | failed=0 | rate=377/s | ETA=12:08:39
2026-03-20 18:29:32,243 INFO Progress | batches=4545 | indexed=9,090,000/25,558,768 (35.6%) | failed=0 | rate=377/s | ETA=12:08:36
2026-03-20 18:29:47,247 INFO Progress | batches=4549 | indexed=9,098,000/25,558,768 (35.6%) | failed=0 | rate=377/s | ETA=12:08:04
2026-03-20 18:30:02,256 INFO Progress | batches=4553 | indexed=9,106,000/25,558,768 (35.6%) | failed=0 | rate=377/s | ETA=12:07:31
2026-03-20 18:30:17,259 INFO Progress | batches=4555 | indexed=9,110,000/25,558,768 (35.6%) | failed=0 | rate=377/s | ETA=12:07:28
2026-03-20 18:30:32,271 INFO Progress | batches=4558 | indexed=9,116,000/25,558,768 (35.7%) | failed=0 | rate=377/s | ETA=12:07:11
2026-03-20 18:30:47,274 INFO Progress | batches=4562 | indexed=9,124,000/25,558,768 (35.7%) | failed=0 | rate=377/s | ETA=12:06:38
2026-03-20 18:31:02,277 INFO Progress | batches=4564 | indexed=9,128,000/25,558,768 (35.7%) | failed=0 | rate=377/s | ETA=12:06:36
2026-03-20 18:31:17,278 INFO Progress | batches=4567 | indexed=9,134,000/25,558,768 (35.7%) | failed=0 | rate=377/s | ETA=12:06:18
2026-03-20 18:31:32,289 INFO Progress | batches=4569 | indexed=9,138,000/25,558,768 (35.8%) | failed=0 | rate=377/s | ETA=12:06:16
2026-03-20 18:31:47,300 INFO Progress | batches=4574 | indexed=9,148,000/25,558,768 (35.8%) | failed=0 | rate=377/s | ETA=12:05:28
2026-03-20 18:32:02,312 INFO Progress | batches=4575 | indexed=9,150,000/25,558,768 (35.8%) | failed=0 | rate=377/s | ETA=12:05:40
2026-03-20 18:32:17,337 INFO Progress | batches=4580 | indexed=9,160,000/25,558,768 (35.8%) | failed=0 | rate=377/s | ETA=12:04:53
2026-03-20 18:32:32,357 INFO Progress | batches=4582 | indexed=9,164,000/25,558,768 (35.9%) | failed=0 | rate=377/s | ETA=12:04:51
2026-03-20 18:32:47,382 INFO Progress | batches=4584 | indexed=9,168,000/25,558,768 (35.9%) | failed=0 | rate=377/s | ETA=12:04:48
2026-03-20 18:33:02,391 INFO Progress | batches=4587 | indexed=9,174,000/25,558,768 (35.9%) | failed=0 | rate=377/s | ETA=12:04:30
2026-03-20 18:33:17,393 INFO Progress | batches=4591 | indexed=9,182,000/25,558,768 (35.9%) | failed=0 | rate=377/s | ETA=12:03:58
2026-03-20 18:33:32,406 INFO Progress | batches=4593 | indexed=9,186,000/25,558,768 (35.9%) | failed=0 | rate=377/s | ETA=12:03:55
2026-03-20 18:33:47,422 INFO Progress | batches=4595 | indexed=9,190,000/25,558,768 (36.0%) | failed=0 | rate=377/s | ETA=12:03:52
2026-03-20 18:34:02,428 INFO Progress | batches=4599 | indexed=9,198,000/25,558,768 (36.0%) | failed=0 | rate=377/s | ETA=12:03:20
2026-03-20 18:34:17,439 INFO Progress | batches=4600 | indexed=9,200,000/25,558,768 (36.0%) | failed=0 | rate=377/s | ETA=12:03:32
2026-03-20 18:34:32,443 INFO Progress | batches=4603 | indexed=9,206,000/25,558,768 (36.0%) | failed=0 | rate=377/s | ETA=12:03:15
2026-03-20 18:34:47,450 INFO Progress | batches=4606 | indexed=9,212,000/25,558,768 (36.0%) | failed=0 | rate=377/s | ETA=12:02:57
2026-03-20 18:35:02,456 INFO Progress | batches=4609 | indexed=9,218,000/25,558,768 (36.1%) | failed=0 | rate=377/s | ETA=12:02:39
2026-03-20 18:35:17,463 INFO Progress | batches=4613 | indexed=9,226,000/25,558,768 (36.1%) | failed=0 | rate=377/s | ETA=12:02:07
2026-03-20 18:35:32,470 INFO Progress | batches=4615 | indexed=9,230,000/25,558,768 (36.1%) | failed=0 | rate=377/s | ETA=12:02:04
2026-03-20 18:35:47,477 INFO Progress | batches=4618 | indexed=9,236,000/25,558,768 (36.1%) | failed=0 | rate=377/s | ETA=12:01:47
2026-03-20 18:36:02,479 INFO Progress | batches=4620 | indexed=9,240,000/25,558,768 (36.2%) | failed=0 | rate=377/s | ETA=12:01:44
2026-03-20 18:36:17,484 INFO Progress | batches=4623 | indexed=9,246,000/25,558,768 (36.2%) | failed=0 | rate=377/s | ETA=12:01:26
2026-03-20 18:36:32,487 INFO Progress | batches=4625 | indexed=9,250,000/25,558,768 (36.2%) | failed=0 | rate=377/s | ETA=12:01:24
2026-03-20 18:36:47,496 INFO Progress | batches=4628 | indexed=9,256,000/25,558,768 (36.2%) | failed=0 | rate=377/s | ETA=12:01:06
2026-03-20 18:37:02,508 INFO Progress | batches=4631 | indexed=9,262,000/25,558,768 (36.2%) | failed=0 | rate=377/s | ETA=12:00:48
2026-03-20 18:37:17,514 INFO Progress | batches=4635 | indexed=9,270,000/25,558,768 (36.3%) | failed=0 | rate=377/s | ETA=12:00:16
2026-03-20 18:37:32,520 INFO Progress | batches=4638 | indexed=9,276,000/25,558,768 (36.3%) | failed=0 | rate=377/s | ETA=11:59:59
2026-03-20 18:37:47,526 INFO Progress | batches=4641 | indexed=9,282,000/25,558,768 (36.3%) | failed=0 | rate=377/s | ETA=11:59:41
2026-03-20 18:38:02,529 INFO Progress | batches=4642 | indexed=9,284,000/25,558,768 (36.3%) | failed=0 | rate=377/s | ETA=11:59:53
2026-03-20 18:38:17,533 INFO Progress | batches=4647 | indexed=9,294,000/25,558,768 (36.4%) | failed=0 | rate=377/s | ETA=11:59:06
2026-03-20 18:38:32,538 INFO Progress | batches=4649 | indexed=9,298,000/25,558,768 (36.4%) | failed=0 | rate=377/s | ETA=11:59:03
2026-03-20 18:38:47,540 INFO Progress | batches=4651 | indexed=9,302,000/25,558,768 (36.4%) | failed=0 | rate=377/s | ETA=11:59:00
2026-03-20 18:39:02,547 INFO Progress | batches=4656 | indexed=9,312,000/25,558,768 (36.4%) | failed=0 | rate=377/s | ETA=11:58:14
2026-03-20 18:39:17,550 INFO Progress | batches=4659 | indexed=9,318,000/25,558,768 (36.5%) | failed=0 | rate=377/s | ETA=11:57:56
2026-03-20 18:39:32,555 INFO Progress | batches=4662 | indexed=9,324,000/25,558,768 (36.5%) | failed=0 | rate=377/s | ETA=11:57:39
2026-03-20 18:39:47,561 INFO Progress | batches=4664 | indexed=9,328,000/25,558,768 (36.5%) | failed=0 | rate=377/s | ETA=11:57:36
2026-03-20 18:40:02,570 INFO Progress | batches=4666 | indexed=9,332,000/25,558,768 (36.5%) | failed=0 | rate=377/s | ETA=11:57:33
2026-03-20 18:40:17,589 INFO Progress | batches=4670 | indexed=9,340,000/25,558,768 (36.5%) | failed=0 | rate=377/s | ETA=11:57:01
2026-03-20 18:40:32,781 INFO Progress | batches=4672 | indexed=9,344,000/25,558,768 (36.6%) | failed=0 | rate=377/s | ETA=11:56:58
2026-03-20 18:40:47,801 INFO Progress | batches=4675 | indexed=9,350,000/25,558,768 (36.6%) | failed=0 | rate=377/s | ETA=11:56:41
2026-03-20 18:41:02,817 INFO Progress | batches=4679 | indexed=9,358,000/25,558,768 (36.6%) | failed=0 | rate=377/s | ETA=11:56:09
2026-03-20 18:41:17,818 INFO Progress | batches=4682 | indexed=9,364,000/25,558,768 (36.6%) | failed=0 | rate=377/s | ETA=11:55:51
2026-03-20 18:41:32,822 INFO Progress | batches=4685 | indexed=9,370,000/25,558,768 (36.7%) | failed=0 | rate=377/s | ETA=11:55:34
2026-03-20 18:41:47,826 INFO Progress | batches=4688 | indexed=9,376,000/25,558,768 (36.7%) | failed=0 | rate=377/s | ETA=11:55:16
2026-03-20 18:42:02,836 INFO Progress | batches=4690 | indexed=9,380,000/25,558,768 (36.7%) | failed=0 | rate=377/s | ETA=11:55:13
2026-03-20 18:42:17,854 INFO Progress | batches=4692 | indexed=9,384,000/25,558,768 (36.7%) | failed=0 | rate=377/s | ETA=11:55:10
2026-03-20 18:42:32,855 INFO Progress | batches=4696 | indexed=9,392,000/25,558,768 (36.7%) | failed=0 | rate=377/s | ETA=11:54:38
2026-03-20 18:42:47,860 INFO Progress | batches=4699 | indexed=9,398,000/25,558,768 (36.8%) | failed=0 | rate=377/s | ETA=11:54:21
2026-03-20 18:43:02,861 INFO Progress | batches=4702 | indexed=9,404,000/25,558,768 (36.8%) | failed=0 | rate=377/s | ETA=11:54:03
2026-03-20 18:43:17,867 INFO Progress | batches=4704 | indexed=9,408,000/25,558,768 (36.8%) | failed=0 | rate=377/s | ETA=11:54:00
2026-03-20 18:43:32,879 INFO Progress | batches=4707 | indexed=9,414,000/25,558,768 (36.8%) | failed=0 | rate=377/s | ETA=11:53:43
2026-03-20 18:43:47,897 INFO Progress | batches=4710 | indexed=9,420,000/25,558,768 (36.9%) | failed=0 | rate=377/s | ETA=11:53:25
2026-03-20 18:44:02,899 INFO Progress | batches=4713 | indexed=9,426,000/25,558,768 (36.9%) | failed=0 | rate=377/s | ETA=11:53:08
2026-03-20 18:44:17,903 INFO Progress | batches=4716 | indexed=9,432,000/25,558,768 (36.9%) | failed=0 | rate=377/s | ETA=11:52:50
2026-03-20 18:44:32,909 INFO Progress | batches=4719 | indexed=9,438,000/25,558,768 (36.9%) | failed=0 | rate=377/s | ETA=11:52:33
2026-03-20 18:44:47,915 INFO Progress | batches=4722 | indexed=9,444,000/25,558,768 (37.0%) | failed=0 | rate=377/s | ETA=11:52:15
2026-03-20 18:45:02,917 INFO Progress | batches=4724 | indexed=9,448,000/25,558,768 (37.0%) | failed=0 | rate=377/s | ETA=11:52:12
2026-03-20 18:45:17,929 INFO Progress | batches=4727 | indexed=9,454,000/25,558,768 (37.0%) | failed=0 | rate=377/s | ETA=11:51:55
2026-03-20 18:45:32,950 INFO Progress | batches=4730 | indexed=9,460,000/25,558,768 (37.0%) | failed=0 | rate=377/s | ETA=11:51:37
2026-03-20 18:45:47,963 INFO Progress | batches=4734 | indexed=9,468,000/25,558,768 (37.0%) | failed=0 | rate=377/s | ETA=11:51:06
2026-03-20 18:46:02,966 INFO Progress | batches=4736 | indexed=9,472,000/25,558,768 (37.1%) | failed=0 | rate=377/s | ETA=11:51:03
2026-03-20 18:46:17,972 INFO Progress | batches=4738 | indexed=9,476,000/25,558,768 (37.1%) | failed=0 | rate=377/s | ETA=11:50:59
2026-03-20 18:46:32,993 INFO Progress | batches=4741 | indexed=9,482,000/25,558,768 (37.1%) | failed=0 | rate=377/s | ETA=11:50:42
2026-03-20 18:46:48,005 INFO Progress | batches=4744 | indexed=9,488,000/25,558,768 (37.1%) | failed=0 | rate=377/s | ETA=11:50:25
2026-03-20 18:47:03,016 INFO Progress | batches=4746 | indexed=9,492,000/25,558,768 (37.1%) | failed=0 | rate=377/s | ETA=11:50:21
2026-03-20 18:47:18,034 INFO Progress | batches=4750 | indexed=9,500,000/25,558,768 (37.2%) | failed=0 | rate=377/s | ETA=11:49:50
2026-03-20 18:47:33,037 INFO Progress | batches=4752 | indexed=9,504,000/25,558,768 (37.2%) | failed=0 | rate=377/s | ETA=11:49:46
2026-03-20 18:47:48,039 INFO Progress | batches=4756 | indexed=9,512,000/25,558,768 (37.2%) | failed=0 | rate=377/s | ETA=11:49:15
2026-03-20 18:48:03,045 INFO Progress | batches=4759 | indexed=9,518,000/25,558,768 (37.2%) | failed=0 | rate=377/s | ETA=11:48:57
2026-03-20 18:48:18,048 INFO Progress | batches=4763 | indexed=9,526,000/25,558,768 (37.3%) | failed=0 | rate=377/s | ETA=11:48:26
2026-03-20 18:48:33,052 INFO Progress | batches=4765 | indexed=9,530,000/25,558,768 (37.3%) | failed=0 | rate=377/s | ETA=11:48:22
2026-03-20 18:48:48,058 INFO Progress | batches=4768 | indexed=9,536,000/25,558,768 (37.3%) | failed=0 | rate=377/s | ETA=11:48:05
2026-03-20 18:49:03,063 INFO Progress | batches=4771 | indexed=9,542,000/25,558,768 (37.3%) | failed=0 | rate=377/s | ETA=11:47:48
2026-03-20 18:49:18,067 INFO Progress | batches=4773 | indexed=9,546,000/25,558,768 (37.3%) | failed=0 | rate=377/s | ETA=11:47:44
2026-03-20 18:49:33,069 INFO Progress | batches=4776 | indexed=9,552,000/25,558,768 (37.4%) | failed=0 | rate=377/s | ETA=11:47:27
2026-03-20 18:49:48,071 INFO Progress | batches=4779 | indexed=9,558,000/25,558,768 (37.4%) | failed=0 | rate=377/s | ETA=11:47:10
2026-03-20 18:50:03,076 INFO Progress | batches=4782 | indexed=9,564,000/25,558,768 (37.4%) | failed=0 | rate=377/s | ETA=11:46:52
2026-03-20 18:50:18,082 INFO Progress | batches=4784 | indexed=9,568,000/25,558,768 (37.4%) | failed=0 | rate=377/s | ETA=11:46:49
2026-03-20 18:50:33,084 INFO Progress | batches=4786 | indexed=9,572,000/25,558,768 (37.5%) | failed=0 | rate=377/s | ETA=11:46:46
2026-03-20 18:50:48,089 INFO Progress | batches=4790 | indexed=9,580,000/25,558,768 (37.5%) | failed=0 | rate=377/s | ETA=11:46:14
2026-03-20 18:51:03,092 INFO Progress | batches=4792 | indexed=9,584,000/25,558,768 (37.5%) | failed=0 | rate=377/s | ETA=11:46:11
2026-03-20 18:51:18,100 INFO Progress | batches=4794 | indexed=9,588,000/25,558,768 (37.5%) | failed=0 | rate=377/s | ETA=11:46:07
2026-03-20 18:51:33,130 INFO Progress | batches=4798 | indexed=9,596,000/25,558,768 (37.5%) | failed=0 | rate=377/s | ETA=11:45:36
2026-03-20 18:51:48,133 INFO Progress | batches=4801 | indexed=9,602,000/25,558,768 (37.6%) | failed=0 | rate=377/s | ETA=11:45:18
2026-03-20 18:52:03,353 INFO Progress | batches=4803 | indexed=9,606,000/25,558,768 (37.6%) | failed=0 | rate=377/s | ETA=11:45:16
2026-03-20 18:52:18,401 INFO Progress | batches=4805 | indexed=9,610,000/25,558,768 (37.6%) | failed=0 | rate=377/s | ETA=11:45:12
2026-03-20 18:52:33,406 INFO Progress | batches=4809 | indexed=9,618,000/25,558,768 (37.6%) | failed=0 | rate=377/s | ETA=11:44:41
2026-03-20 18:52:48,412 INFO Progress | batches=4811 | indexed=9,622,000/25,558,768 (37.6%) | failed=0 | rate=377/s | ETA=11:44:37
2026-03-20 18:53:03,418 INFO Progress | batches=4815 | indexed=9,630,000/25,558,768 (37.7%) | failed=0 | rate=377/s | ETA=11:44:06
2026-03-20 18:53:18,424 INFO Progress | batches=4819 | indexed=9,638,000/25,558,768 (37.7%) | failed=0 | rate=377/s | ETA=11:43:34
2026-03-20 18:53:33,429 INFO Progress | batches=4822 | indexed=9,644,000/25,558,768 (37.7%) | failed=0 | rate=377/s | ETA=11:43:17
2026-03-20 18:53:48,435 INFO Progress | batches=4825 | indexed=9,650,000/25,558,768 (37.8%) | failed=0 | rate=377/s | ETA=11:43:00
2026-03-20 18:54:03,439 INFO Progress | batches=4828 | indexed=9,656,000/25,558,768 (37.8%) | failed=0 | rate=377/s | ETA=11:42:42
2026-03-20 18:54:18,446 INFO Progress | batches=4832 | indexed=9,664,000/25,558,768 (37.8%) | failed=0 | rate=377/s | ETA=11:42:11
2026-03-20 18:54:33,450 INFO Progress | batches=4833 | indexed=9,666,000/25,558,768 (37.8%) | failed=0 | rate=377/s | ETA=11:42:21
2026-03-20 18:54:48,454 INFO Progress | batches=4837 | indexed=9,674,000/25,558,768 (37.9%) | failed=0 | rate=377/s | ETA=11:41:50
2026-03-20 18:55:03,459 INFO Progress | batches=4838 | indexed=9,676,000/25,558,768 (37.9%) | failed=0 | rate=377/s | ETA=11:42:01
2026-03-20 18:55:18,466 INFO Progress | batches=4841 | indexed=9,682,000/25,558,768 (37.9%) | failed=0 | rate=377/s | ETA=11:41:43
2026-03-20 18:55:33,471 INFO Progress | batches=4845 | indexed=9,690,000/25,558,768 (37.9%) | failed=0 | rate=377/s | ETA=11:41:12
2026-03-20 18:55:48,477 INFO Progress | batches=4848 | indexed=9,696,000/25,558,768 (37.9%) | failed=0 | rate=377/s | ETA=11:40:55
2026-03-20 18:56:03,486 INFO Progress | batches=4851 | indexed=9,702,000/25,558,768 (38.0%) | failed=0 | rate=377/s | ETA=11:40:37
2026-03-20 18:56:18,511 INFO Progress | batches=4855 | indexed=9,710,000/25,558,768 (38.0%) | failed=0 | rate=377/s | ETA=11:40:06
2026-03-20 18:56:34,103 INFO Progress | batches=4858 | indexed=9,716,000/25,558,768 (38.0%) | failed=0 | rate=377/s | ETA=11:39:49
2026-03-20 18:56:49,128 INFO Progress | batches=4862 | indexed=9,724,000/25,558,768 (38.0%) | failed=0 | rate=377/s | ETA=11:39:18
2026-03-20 18:57:04,131 INFO Progress | batches=4865 | indexed=9,730,000/25,558,768 (38.1%) | failed=0 | rate=377/s | ETA=11:39:01
2026-03-20 18:57:19,137 INFO Progress | batches=4868 | indexed=9,736,000/25,558,768 (38.1%) | failed=0 | rate=377/s | ETA=11:38:43
2026-03-20 18:57:34,143 INFO Progress | batches=4872 | indexed=9,744,000/25,558,768 (38.1%) | failed=0 | rate=378/s | ETA=11:38:12
2026-03-20 18:57:49,144 INFO Progress | batches=4876 | indexed=9,752,000/25,558,768 (38.2%) | failed=0 | rate=378/s | ETA=11:37:41
2026-03-20 18:58:04,146 INFO Progress | batches=4877 | indexed=9,754,000/25,558,768 (38.2%) | failed=0 | rate=377/s | ETA=11:37:51
2026-03-20 18:58:19,152 INFO Progress | batches=4881 | indexed=9,762,000/25,558,768 (38.2%) | failed=0 | rate=378/s | ETA=11:37:20
2026-03-20 18:58:34,156 INFO Progress | batches=4884 | indexed=9,768,000/25,558,768 (38.2%) | failed=0 | rate=378/s | ETA=11:37:03
2026-03-20 18:58:49,168 INFO Progress | batches=4887 | indexed=9,774,000/25,558,768 (38.2%) | failed=0 | rate=378/s | ETA=11:36:46
2026-03-20 18:59:04,193 INFO Progress | batches=4890 | indexed=9,780,000/25,558,768 (38.3%) | failed=0 | rate=378/s | ETA=11:36:28
2026-03-20 18:59:19,194 INFO Progress | batches=4893 | indexed=9,786,000/25,558,768 (38.3%) | failed=0 | rate=378/s | ETA=11:36:11
2026-03-20 18:59:34,197 INFO Progress | batches=4897 | indexed=9,794,000/25,558,768 (38.3%) | failed=0 | rate=378/s | ETA=11:35:40
2026-03-20 18:59:49,198 INFO Progress | batches=4901 | indexed=9,802,000/25,558,768 (38.4%) | failed=0 | rate=378/s | ETA=11:35:09
2026-03-20 19:00:04,204 INFO Progress | batches=4903 | indexed=9,806,000/25,558,768 (38.4%) | failed=0 | rate=378/s | ETA=11:35:05
2026-03-20 19:00:19,212 INFO Progress | batches=4906 | indexed=9,812,000/25,558,768 (38.4%) | failed=0 | rate=378/s | ETA=11:34:48
2026-03-20 19:00:34,221 INFO Progress | batches=4908 | indexed=9,816,000/25,558,768 (38.4%) | failed=0 | rate=378/s | ETA=11:34:44
2026-03-20 19:00:49,300 INFO Progress | batches=4913 | indexed=9,826,000/25,558,768 (38.4%) | failed=0 | rate=378/s | ETA=11:34:00
2026-03-20 19:01:04,337 INFO Progress | batches=4916 | indexed=9,832,000/25,558,768 (38.5%) | failed=0 | rate=378/s | ETA=11:33:42
2026-03-20 19:01:19,339 INFO Progress | batches=4918 | indexed=9,836,000/25,558,768 (38.5%) | failed=0 | rate=378/s | ETA=11:33:39
2026-03-20 19:01:34,345 INFO Progress | batches=4920 | indexed=9,840,000/25,558,768 (38.5%) | failed=0 | rate=378/s | ETA=11:33:35
2026-03-20 19:01:49,357 INFO Progress | batches=4923 | indexed=9,846,000/25,558,768 (38.5%) | failed=0 | rate=378/s | ETA=11:33:18
2026-03-20 19:02:04,367 INFO Progress | batches=4928 | indexed=9,856,000/25,558,768 (38.6%) | failed=0 | rate=378/s | ETA=11:32:33
2026-03-20 19:02:19,371 INFO Progress | batches=4931 | indexed=9,862,000/25,558,768 (38.6%) | failed=0 | rate=378/s | ETA=11:32:16
2026-03-20 19:02:34,374 INFO Progress | batches=4932 | indexed=9,864,000/25,558,768 (38.6%) | failed=0 | rate=378/s | ETA=11:32:26
2026-03-20 19:02:49,379 INFO Progress | batches=4932 | indexed=9,864,000/25,558,768 (38.6%) | failed=0 | rate=378/s | ETA=11:32:50
2026-03-20 19:03:04,382 INFO Progress | batches=4932 | indexed=9,864,000/25,558,768 (38.6%) | failed=0 | rate=377/s | ETA=11:33:14
2026-03-20 19:03:19,388 INFO Progress | batches=4932 | indexed=9,864,000/25,558,768 (38.6%) | failed=0 | rate=377/s | ETA=11:33:38
2026-03-20 19:03:34,393 INFO Progress | batches=4932 | indexed=9,864,000/25,558,768 (38.6%) | failed=0 | rate=377/s | ETA=11:34:02
2026-03-20 19:03:49,397 INFO Progress | batches=4932 | indexed=9,864,000/25,558,768 (38.6%) | failed=0 | rate=377/s | ETA=11:34:26
2026-03-20 19:04:04,401 INFO Progress | batches=4932 | indexed=9,864,000/25,558,768 (38.6%) | failed=0 | rate=376/s | ETA=11:34:50
2026-03-20 19:04:19,407 INFO Progress | batches=4932 | indexed=9,864,000/25,558,768 (38.6%) | failed=0 | rate=376/s | ETA=11:35:13
2026-03-20 19:04:34,409 INFO Progress | batches=4932 | indexed=9,864,000/25,558,768 (38.6%) | failed=0 | rate=376/s | ETA=11:35:37
2026-03-20 19:04:49,414 INFO Progress | batches=4932 | indexed=9,864,000/25,558,768 (38.6%) | failed=0 | rate=376/s | ETA=11:36:01
2026-03-20 19:05:04,415 INFO Progress | batches=4932 | indexed=9,864,000/25,558,768 (38.6%) | failed=0 | rate=376/s | ETA=11:36:25
2026-03-20 19:05:19,417 INFO Progress | batches=4932 | indexed=9,864,000/25,558,768 (38.6%) | failed=0 | rate=375/s | ETA=11:36:49
2026-03-20 19:05:34,422 INFO Progress | batches=4932 | indexed=9,864,000/25,558,768 (38.6%) | failed=0 | rate=375/s | ETA=11:37:13
2026-03-20 19:05:49,424 INFO Progress | batches=4932 | indexed=9,864,000/25,558,768 (38.6%) | failed=0 | rate=375/s | ETA=11:37:37
2026-03-20 19:06:04,427 INFO Progress | batches=4932 | indexed=9,864,000/25,558,768 (38.6%) | failed=0 | rate=375/s | ETA=11:38:00
2026-03-20 19:06:19,431 INFO Progress | batches=4932 | indexed=9,864,000/25,558,768 (38.6%) | failed=0 | rate=375/s | ETA=11:38:24
2026-03-20 19:06:27,046 WARNING Network error DELETE http://52.241.5.104:9200/_search/scroll (<urlopen error timed out>) — retry 1/6 in 5s
2026-03-20 19:06:27,064 WARNING Network error DELETE http://52.241.5.104:9200/_search/scroll (<urlopen error timed out>) — retry 1/6 in 5s
2026-03-20 19:06:27,082 WARNING Network error DELETE http://52.241.5.104:9200/_search/scroll (<urlopen error timed out>) — retry 1/6 in 5s
2026-03-20 19:06:27,092 WARNING Network error DELETE http://52.241.5.104:9200/_search/scroll (<urlopen error timed out>) — retry 1/6 in 5s
2026-03-20 19:06:34,437 INFO Progress | batches=4932 | indexed=9,864,000/25,558,768 (38.6%) | failed=0 | rate=374/s | ETA=11:38:48
2026-03-20 19:06:49,443 INFO Progress | batches=4932 | indexed=9,864,000/25,558,768 (38.6%) | failed=0 | rate=374/s | ETA=11:39:12
2026-03-20 19:07:04,449 INFO Progress | batches=4932 | indexed=9,864,000/25,558,768 (38.6%) | failed=0 | rate=374/s | ETA=11:39:36
2026-03-20 19:07:19,452 INFO Progress | batches=4932 | indexed=9,864,000/25,558,768 (38.6%) | failed=0 | rate=374/s | ETA=11:40:00
2026-03-20 19:07:32,057 WARNING Network error DELETE http://52.241.5.104:9200/_search/scroll (<urlopen error timed out>) — retry 2/6 in 15s
2026-03-20 19:07:32,071 WARNING Network error DELETE http://52.241.5.104:9200/_search/scroll (<urlopen error timed out>) — retry 2/6 in 15s
2026-03-20 19:07:32,091 WARNING Network error DELETE http://52.241.5.104:9200/_search/scroll (<urlopen error timed out>) — retry 2/6 in 15s
2026-03-20 19:07:32,099 WARNING Network error DELETE http://52.241.5.104:9200/_search/scroll (<urlopen error timed out>) — retry 2/6 in 15s
2026-03-20 19:07:34,456 INFO Progress | batches=4932 | indexed=9,864,000/25,558,768 (38.6%) | failed=0 | rate=373/s | ETA=11:40:24
2026-03-20 19:07:49,462 INFO Progress | batches=4932 | indexed=9,864,000/25,558,768 (38.6%) | failed=0 | rate=373/s | ETA=11:40:48
2026-03-20 19:08:04,465 INFO Progress | batches=4932 | indexed=9,864,000/25,558,768 (38.6%) | failed=0 | rate=373/s | ETA=11:41:11
2026-03-20 19:08:19,470 INFO Progress | batches=4932 | indexed=9,864,000/25,558,768 (38.6%) | failed=0 | rate=373/s | ETA=11:41:35
2026-03-20 19:08:34,473 INFO Progress | batches=4932 | indexed=9,864,000/25,558,768 (38.6%) | failed=0 | rate=373/s | ETA=11:41:59
2026-03-20 19:08:47,067 WARNING Network error DELETE http://52.241.5.104:9200/_search/scroll (<urlopen error timed out>) — retry 3/6 in 30s
2026-03-20 19:08:47,077 WARNING Network error DELETE http://52.241.5.104:9200/_search/scroll (<urlopen error timed out>) — retry 3/6 in 30s
2026-03-20 19:08:47,100 WARNING Network error DELETE http://52.241.5.104:9200/_search/scroll (<urlopen error timed out>) — retry 3/6 in 30s
2026-03-20 19:08:47,107 WARNING Network error DELETE http://52.241.5.104:9200/_search/scroll (<urlopen error timed out>) — retry 3/6 in 30s
2026-03-20 19:08:49,481 INFO Progress | batches=4932 | indexed=9,864,000/25,558,768 (38.6%) | failed=0 | rate=372/s | ETA=11:42:23
2026-03-20 19:09:04,483 INFO Progress | batches=4932 | indexed=9,864,000/25,558,768 (38.6%) | failed=0 | rate=372/s | ETA=11:42:47
2026-03-20 19:09:19,489 INFO Progress | batches=4932 | indexed=9,864,000/25,558,768 (38.6%) | failed=0 | rate=372/s | ETA=11:43:11
2026-03-20 19:09:34,494 INFO Progress | batches=4932 | indexed=9,864,000/25,558,768 (38.6%) | failed=0 | rate=372/s | ETA=11:43:35
2026-03-20 19:09:49,496 INFO Progress | batches=4932 | indexed=9,864,000/25,558,768 (38.6%) | failed=0 | rate=372/s | ETA=11:43:59
2026-03-20 19:10:04,497 INFO Progress | batches=4932 | indexed=9,864,000/25,558,768 (38.6%) | failed=0 | rate=371/s | ETA=11:44:22
2026-03-20 19:10:17,072 WARNING Network error DELETE http://52.241.5.104:9200/_search/scroll (<urlopen error timed out>) — retry 4/6 in 60s
2026-03-20 19:10:17,081 WARNING Network error DELETE http://52.241.5.104:9200/_search/scroll (<urlopen error timed out>) — retry 4/6 in 60s
2026-03-20 19:10:17,105 WARNING Network error DELETE http://52.241.5.104:9200/_search/scroll (<urlopen error timed out>) — retry 4/6 in 60s
2026-03-20 19:10:17,111 WARNING Network error DELETE http://52.241.5.104:9200/_search/scroll (<urlopen error timed out>) — retry 4/6 in 60s
2026-03-20 19:10:19,502 INFO Progress | batches=4932 | indexed=9,864,000/25,558,768 (38.6%) | failed=0 | rate=371/s | ETA=11:44:46
2026-03-20 19:10:34,507 INFO Progress | batches=4932 | indexed=9,864,000/25,558,768 (38.6%) | failed=0 | rate=371/s | ETA=11:45:10
2026-03-20 19:10:49,513 INFO Progress | batches=4932 | indexed=9,864,000/25,558,768 (38.6%) | failed=0 | rate=371/s | ETA=11:45:34
2026-03-20 19:11:04,516 INFO Progress | batches=4932 | indexed=9,864,000/25,558,768 (38.6%) | failed=0 | rate=371/s | ETA=11:45:58
2026-03-20 19:11:19,519 INFO Progress | batches=4932 | indexed=9,864,000/25,558,768 (38.6%) | failed=0 | rate=370/s | ETA=11:46:22
2026-03-20 19:11:34,522 INFO Progress | batches=4932 | indexed=9,864,000/25,558,768 (38.6%) | failed=0 | rate=370/s | ETA=11:46:46
2026-03-20 19:11:49,526 INFO Progress | batches=4932 | indexed=9,864,000/25,558,768 (38.6%) | failed=0 | rate=370/s | ETA=11:47:10
2026-03-20 19:12:04,532 INFO Progress | batches=4932 | indexed=9,864,000/25,558,768 (38.6%) | failed=0 | rate=370/s | ETA=11:47:33
2026-03-20 19:12:17,081 WARNING Network error DELETE http://52.241.5.104:9200/_search/scroll (<urlopen error timed out>) — retry 5/6 in 120s
2026-03-20 19:12:17,085 WARNING Network error DELETE http://52.241.5.104:9200/_search/scroll (<urlopen error timed out>) — retry 5/6 in 120s
2026-03-20 19:12:17,115 WARNING Network error DELETE http://52.241.5.104:9200/_search/scroll (<urlopen error timed out>) — retry 5/6 in 120s
2026-03-20 19:12:17,119 WARNING Network error DELETE http://52.241.5.104:9200/_search/scroll (<urlopen error timed out>) — retry 5/6 in 120s
2026-03-20 19:12:19,533 INFO Progress | batches=4932 | indexed=9,864,000/25,558,768 (38.6%) | failed=0 | rate=369/s | ETA=11:47:57
2026-03-20 19:12:34,538 INFO Progress | batches=4932 | indexed=9,864,000/25,558,768 (38.6%) | failed=0 | rate=369/s | ETA=11:48:21
2026-03-20 19:12:49,544 INFO Progress | batches=4932 | indexed=9,864,000/25,558,768 (38.6%) | failed=0 | rate=369/s | ETA=11:48:45
2026-03-20 19:13:04,551 INFO Progress | batches=4932 | indexed=9,864,000/25,558,768 (38.6%) | failed=0 | rate=369/s | ETA=11:49:09
2026-03-20 19:13:19,558 INFO Progress | batches=4932 | indexed=9,864,000/25,558,768 (38.6%) | failed=0 | rate=369/s | ETA=11:49:33
2026-03-20 19:13:34,563 INFO Progress | batches=4932 | indexed=9,864,000/25,558,768 (38.6%) | failed=0 | rate=368/s | ETA=11:49:57
2026-03-20 19:13:49,566 INFO Progress | batches=4932 | indexed=9,864,000/25,558,768 (38.6%) | failed=0 | rate=368/s | ETA=11:50:21
2026-03-20 19:14:04,570 INFO Progress | batches=4932 | indexed=9,864,000/25,558,768 (38.6%) | failed=0 | rate=368/s | ETA=11:50:44
2026-03-20 19:14:19,577 INFO Progress | batches=4932 | indexed=9,864,000/25,558,768 (38.6%) | failed=0 | rate=368/s | ETA=11:51:08
2026-03-20 19:14:34,581 INFO Progress | batches=4932 | indexed=9,864,000/25,558,768 (38.6%) | failed=0 | rate=368/s | ETA=11:51:32
2026-03-20 19:14:49,584 INFO Progress | batches=4932 | indexed=9,864,000/25,558,768 (38.6%) | failed=0 | rate=367/s | ETA=11:51:56
2026-03-20 19:15:04,588 INFO Progress | batches=4932 | indexed=9,864,000/25,558,768 (38.6%) | failed=0 | rate=367/s | ETA=11:52:20
2026-03-20 19:15:17,095 WARNING Network error DELETE http://52.241.5.104:9200/_search/scroll (<urlopen error timed out>) — retry 6/6 in 120s
2026-03-20 19:15:17,096 WARNING Network error DELETE http://52.241.5.104:9200/_search/scroll (<urlopen error timed out>) — retry 6/6 in 120s
2026-03-20 19:15:17,123 WARNING Network error DELETE http://52.241.5.104:9200/_search/scroll (<urlopen error timed out>) — retry 6/6 in 120s
2026-03-20 19:15:17,123 WARNING Network error DELETE http://52.241.5.104:9200/_search/scroll (<urlopen error timed out>) — retry 6/6 in 120s
2026-03-20 19:15:19,589 INFO Progress | batches=4932 | indexed=9,864,000/25,558,768 (38.6%) | failed=0 | rate=367/s | ETA=11:52:44
2026-03-20 19:15:34,594 INFO Progress | batches=4932 | indexed=9,864,000/25,558,768 (38.6%) | failed=0 | rate=367/s | ETA=11:53:08
2026-03-20 19:15:49,600 INFO Progress | batches=4932 | indexed=9,864,000/25,558,768 (38.6%) | failed=0 | rate=367/s | ETA=11:53:32
2026-03-20 19:16:04,607 INFO Progress | batches=4932 | indexed=9,864,000/25,558,768 (38.6%) | failed=0 | rate=366/s | ETA=11:53:55
2026-03-20 19:16:19,612 INFO Progress | batches=4932 | indexed=9,864,000/25,558,768 (38.6%) | failed=0 | rate=366/s | ETA=11:54:19
2026-03-20 19:16:34,618 INFO Progress | batches=4932 | indexed=9,864,000/25,558,768 (38.6%) | failed=0 | rate=366/s | ETA=11:54:43
2026-03-20 19:16:49,627 INFO Progress | batches=4932 | indexed=9,864,000/25,558,768 (38.6%) | failed=0 | rate=366/s | ETA=11:55:07
2026-03-20 19:17:04,629 INFO Progress | batches=4932 | indexed=9,864,000/25,558,768 (38.6%) | failed=0 | rate=366/s | ETA=11:55:31
2026-03-20 19:17:19,636 INFO Progress | batches=4932 | indexed=9,864,000/25,558,768 (38.6%) | failed=0 | rate=365/s | ETA=11:55:55
2026-03-20 19:17:34,642 INFO Progress | batches=4932 | indexed=9,864,000/25,558,768 (38.6%) | failed=0 | rate=365/s | ETA=11:56:19
2026-03-20 19:17:49,645 INFO Progress | batches=4932 | indexed=9,864,000/25,558,768 (38.6%) | failed=0 | rate=365/s | ETA=11:56:43
2026-03-20 19:18:04,651 INFO Progress | batches=4932 | indexed=9,864,000/25,558,768 (38.6%) | failed=0 | rate=365/s | ETA=11:57:06
2026-03-20 19:18:17,108 WARNING Worker 0 error (attempt 1/3), retrying in 5s from wikipedia_id=22813525: timed out
2026-03-20 19:18:17,108 WARNING Worker 2 error (attempt 1/3), retrying in 5s from wikipedia_id=22698879: timed out
2026-03-20 19:18:17,127 WARNING Worker 3 error (attempt 1/3), retrying in 5s from wikipedia_id=22830155: timed out
2026-03-20 19:18:17,131 WARNING Worker 1 error (attempt 1/3), retrying in 5s from wikipedia_id=22840325: timed out
2026-03-20 19:18:19,658 INFO Progress | batches=4932 | indexed=9,864,000/25,558,768 (38.6%) | failed=0 | rate=365/s | ETA=11:57:30
2026-03-20 19:18:34,664 INFO Progress | batches=4932 | indexed=9,864,000/25,558,768 (38.6%) | failed=0 | rate=364/s | ETA=11:57:54
2026-03-20 19:18:49,665 INFO Progress | batches=4932 | indexed=9,864,000/25,558,768 (38.6%) | failed=0 | rate=364/s | ETA=11:58:18
2026-03-20 19:19:04,671 INFO Progress | batches=4932 | indexed=9,864,000/25,558,768 (38.6%) | failed=0 | rate=364/s | ETA=11:58:42
2026-03-20 19:19:19,678 INFO Progress | batches=4932 | indexed=9,864,000/25,558,768 (38.6%) | failed=0 | rate=364/s | ETA=11:59:06
2026-03-20 19:19:34,685 INFO Progress | batches=4932 | indexed=9,864,000/25,558,768 (38.6%) | failed=0 | rate=364/s | ETA=11:59:30
2026-03-20 19:19:37,119 WARNING Network error POST http://52.241.5.104:9200/wiki_full_l/_search?scroll=10m&size=2000 (<urlopen error [Errno 60] Operation timed out>) — retry 1/6 in 5s
2026-03-20 19:19:37,120 WARNING Network error POST http://52.241.5.104:9200/wiki_full_l/_search?scroll=10m&size=2000 (<urlopen error [Errno 60] Operation timed out>) — retry 1/6 in 5s
2026-03-20 19:19:37,136 WARNING Network error POST http://52.241.5.104:9200/wiki_full_l/_search?scroll=10m&size=2000 (<urlopen error [Errno 60] Operation timed out>) — retry 1/6 in 5s
2026-03-20 19:19:37,136 WARNING Network error POST http://52.241.5.104:9200/wiki_full_l/_search?scroll=10m&size=2000 (<urlopen error [Errno 60] Operation timed out>) — retry 1/6 in 5s
2026-03-20 19:19:49,689 INFO Progress | batches=4932 | indexed=9,864,000/25,558,768 (38.6%) | failed=0 | rate=363/s | ETA=11:59:54
2026-03-20 19:20:04,695 INFO Progress | batches=4932 | indexed=9,864,000/25,558,768 (38.6%) | failed=0 | rate=363/s | ETA=12:00:17
2026-03-20 19:20:19,703 INFO Progress | batches=4932 | indexed=9,864,000/25,558,768 (38.6%) | failed=0 | rate=363/s | ETA=12:00:41
2026-03-20 19:20:34,708 INFO Progress | batches=4932 | indexed=9,864,000/25,558,768 (38.6%) | failed=0 | rate=363/s | ETA=12:01:05
2026-03-20 19:20:49,716 INFO Progress | batches=4932 | indexed=9,864,000/25,558,768 (38.6%) | failed=0 | rate=363/s | ETA=12:01:29
2026-03-20 19:20:57,129 WARNING Network error POST http://52.241.5.104:9200/wiki_full_l/_search?scroll=10m&size=2000 (<urlopen error [Errno 60] Operation timed out>) — retry 2/6 in 15s
2026-03-20 19:20:57,129 WARNING Network error POST http://52.241.5.104:9200/wiki_full_l/_search?scroll=10m&size=2000 (<urlopen error [Errno 60] Operation timed out>) — retry 2/6 in 15s
2026-03-20 19:20:57,141 WARNING Network error POST http://52.241.5.104:9200/wiki_full_l/_search?scroll=10m&size=2000 (<urlopen error [Errno 60] Operation timed out>) — retry 2/6 in 15s
2026-03-20 19:20:57,145 WARNING Network error POST http://52.241.5.104:9200/wiki_full_l/_search?scroll=10m&size=2000 (<urlopen error [Errno 60] Operation timed out>) — retry 2/6 in 15s
2026-03-20 19:21:04,722 INFO Progress | batches=4932 | indexed=9,864,000/25,558,768 (38.6%) | failed=0 | rate=362/s | ETA=12:01:53
2026-03-20 19:21:19,728 INFO Progress | batches=4932 | indexed=9,864,000/25,558,768 (38.6%) | failed=0 | rate=362/s | ETA=12:02:17
2026-03-20 19:21:34,730 INFO Progress | batches=4932 | indexed=9,864,000/25,558,768 (38.6%) | failed=0 | rate=362/s | ETA=12:02:41
2026-03-20 19:21:49,736 INFO Progress | batches=4932 | indexed=9,864,000/25,558,768 (38.6%) | failed=0 | rate=362/s | ETA=12:03:05
2026-03-20 19:22:04,739 INFO Progress | batches=4932 | indexed=9,864,000/25,558,768 (38.6%) | failed=0 | rate=362/s | ETA=12:03:28
2026-03-20 19:22:19,746 INFO Progress | batches=4932 | indexed=9,864,000/25,558,768 (38.6%) | failed=0 | rate=361/s | ETA=12:03:52
2026-03-20 19:22:27,141 WARNING Network error POST http://52.241.5.104:9200/wiki_full_l/_search?scroll=10m&size=2000 (<urlopen error [Errno 60] Operation timed out>) — retry 3/6 in 30s
2026-03-20 19:22:27,141 WARNING Network error POST http://52.241.5.104:9200/wiki_full_l/_search?scroll=10m&size=2000 (<urlopen error [Errno 60] Operation timed out>) — retry 3/6 in 30s
2026-03-20 19:22:27,148 WARNING Network error POST http://52.241.5.104:9200/wiki_full_l/_search?scroll=10m&size=2000 (<urlopen error [Errno 60] Operation timed out>) — retry 3/6 in 30s
2026-03-20 19:22:27,148 WARNING Network error POST http://52.241.5.104:9200/wiki_full_l/_search?scroll=10m&size=2000 (<urlopen error [Errno 60] Operation timed out>) — retry 3/6 in 30s
2026-03-20 19:22:34,749 INFO Progress | batches=4932 | indexed=9,864,000/25,558,768 (38.6%) | failed=0 | rate=361/s | ETA=12:04:16
2026-03-20 19:22:49,755 INFO Progress | batches=4932 | indexed=9,864,000/25,558,768 (38.6%) | failed=0 | rate=361/s | ETA=12:04:40
2026-03-20 19:23:04,761 INFO Progress | batches=4932 | indexed=9,864,000/25,558,768 (38.6%) | failed=0 | rate=361/s | ETA=12:05:04
2026-03-20 19:23:19,768 INFO Progress | batches=4932 | indexed=9,864,000/25,558,768 (38.6%) | failed=0 | rate=361/s | ETA=12:05:28
2026-03-20 19:23:34,773 INFO Progress | batches=4932 | indexed=9,864,000/25,558,768 (38.6%) | failed=0 | rate=360/s | ETA=12:05:52
2026-03-20 19:23:49,778 INFO Progress | batches=4932 | indexed=9,864,000/25,558,768 (38.6%) | failed=0 | rate=360/s | ETA=12:06:16
2026-03-20 19:24:04,782 INFO Progress | batches=4932 | indexed=9,864,000/25,558,768 (38.6%) | failed=0 | rate=360/s | ETA=12:06:39
2026-03-20 19:24:12,149 WARNING Network error POST http://52.241.5.104:9200/wiki_full_l/_search?scroll=10m&size=2000 (<urlopen error [Errno 60] Operation timed out>) — retry 4/6 in 60s
2026-03-20 19:24:12,150 WARNING Network error POST http://52.241.5.104:9200/wiki_full_l/_search?scroll=10m&size=2000 (<urlopen error [Errno 60] Operation timed out>) — retry 4/6 in 60s
2026-03-20 19:24:12,157 WARNING Network error POST http://52.241.5.104:9200/wiki_full_l/_search?scroll=10m&size=2000 (<urlopen error [Errno 60] Operation timed out>) — retry 4/6 in 60s
2026-03-20 19:24:12,157 WARNING Network error POST http://52.241.5.104:9200/wiki_full_l/_search?scroll=10m&size=2000 (<urlopen error [Errno 60] Operation timed out>) — retry 4/6 in 60s
2026-03-20 19:24:19,785 INFO Progress | batches=4932 | indexed=9,864,000/25,558,768 (38.6%) | failed=0 | rate=360/s | ETA=12:07:03
2026-03-20 19:24:34,788 INFO Progress | batches=4932 | indexed=9,864,000/25,558,768 (38.6%) | failed=0 | rate=360/s | ETA=12:07:27
2026-03-20 19:24:49,795 INFO Progress | batches=4932 | indexed=9,864,000/25,558,768 (38.6%) | failed=0 | rate=359/s | ETA=12:07:51
2026-03-20 19:25:04,802 INFO Progress | batches=4932 | indexed=9,864,000/25,558,768 (38.6%) | failed=0 | rate=359/s | ETA=12:08:15
2026-03-20 19:25:19,809 INFO Progress | batches=4932 | indexed=9,864,000/25,558,768 (38.6%) | failed=0 | rate=359/s | ETA=12:08:39
2026-03-20 19:25:34,816 INFO Progress | batches=4932 | indexed=9,864,000/25,558,768 (38.6%) | failed=0 | rate=359/s | ETA=12:09:03
2026-03-20 19:25:49,820 INFO Progress | batches=4932 | indexed=9,864,000/25,558,768 (38.6%) | failed=0 | rate=359/s | ETA=12:09:27
2026-03-20 19:26:04,825 INFO Progress | batches=4932 | indexed=9,864,000/25,558,768 (38.6%) | failed=0 | rate=358/s | ETA=12:09:50
2026-03-20 19:26:19,830 INFO Progress | batches=4932 | indexed=9,864,000/25,558,768 (38.6%) | failed=0 | rate=358/s | ETA=12:10:14
2026-03-20 19:26:27,164 WARNING Network error POST http://52.241.5.104:9200/wiki_full_l/_search?scroll=10m&size=2000 (<urlopen error [Errno 60] Operation timed out>) — retry 5/6 in 120s
2026-03-20 19:26:27,165 WARNING Network error POST http://52.241.5.104:9200/wiki_full_l/_search?scroll=10m&size=2000 (<urlopen error [Errno 60] Operation timed out>) — retry 5/6 in 120s
2026-03-20 19:26:27,165 WARNING Network error POST http://52.241.5.104:9200/wiki_full_l/_search?scroll=10m&size=2000 (<urlopen error [Errno 60] Operation timed out>) — retry 5/6 in 120s
2026-03-20 19:26:27,165 WARNING Network error POST http://52.241.5.104:9200/wiki_full_l/_search?scroll=10m&size=2000 (<urlopen error [Errno 60] Operation timed out>) — retry 5/6 in 120s
2026-03-20 19:26:34,834 INFO Progress | batches=4932 | indexed=9,864,000/25,558,768 (38.6%) | failed=0 | rate=358/s | ETA=12:10:38
2026-03-20 19:26:49,843 INFO Progress | batches=4932 | indexed=9,864,000/25,558,768 (38.6%) | failed=0 | rate=358/s | ETA=12:11:02
2026-03-20 19:27:04,849 INFO Progress | batches=4932 | indexed=9,864,000/25,558,768 (38.6%) | failed=0 | rate=358/s | ETA=12:11:26
2026-03-20 19:27:19,856 INFO Progress | batches=4932 | indexed=9,864,000/25,558,768 (38.6%) | failed=0 | rate=357/s | ETA=12:11:50
2026-03-20 19:27:34,859 INFO Progress | batches=4932 | indexed=9,864,000/25,558,768 (38.6%) | failed=0 | rate=357/s | ETA=12:12:14
2026-03-20 19:27:49,863 INFO Progress | batches=4932 | indexed=9,864,000/25,558,768 (38.6%) | failed=0 | rate=357/s | ETA=12:12:38
2026-03-20 19:28:04,868 INFO Progress | batches=4932 | indexed=9,864,000/25,558,768 (38.6%) | failed=0 | rate=357/s | ETA=12:13:01
2026-03-20 19:28:19,870 INFO Progress | batches=4932 | indexed=9,864,000/25,558,768 (38.6%) | failed=0 | rate=357/s | ETA=12:13:25
2026-03-20 19:28:34,876 INFO Progress | batches=4932 | indexed=9,864,000/25,558,768 (38.6%) | failed=0 | rate=356/s | ETA=12:13:49
2026-03-20 19:28:49,879 INFO Progress | batches=4932 | indexed=9,864,000/25,558,768 (38.6%) | failed=0 | rate=356/s | ETA=12:14:13
2026-03-20 19:29:04,885 INFO Progress | batches=4932 | indexed=9,864,000/25,558,768 (38.6%) | failed=0 | rate=356/s | ETA=12:14:37
2026-03-20 19:29:19,887 INFO Progress | batches=4932 | indexed=9,864,000/25,558,768 (38.6%) | failed=0 | rate=356/s | ETA=12:15:01
2026-03-20 19:29:34,888 INFO Progress | batches=4932 | indexed=9,864,000/25,558,768 (38.6%) | failed=0 | rate=356/s | ETA=12:15:25
2026-03-20 19:29:42,174 WARNING Network error POST http://52.241.5.104:9200/wiki_full_l/_search?scroll=10m&size=2000 (<urlopen error [Errno 60] Operation timed out>) — retry 6/6 in 120s
2026-03-20 19:29:42,174 WARNING Network error POST http://52.241.5.104:9200/wiki_full_l/_search?scroll=10m&size=2000 (<urlopen error [Errno 60] Operation timed out>) — retry 6/6 in 120s
2026-03-20 19:29:42,175 WARNING Network error POST http://52.241.5.104:9200/wiki_full_l/_search?scroll=10m&size=2000 (<urlopen error [Errno 60] Operation timed out>) — retry 6/6 in 120s
2026-03-20 19:29:42,175 WARNING Network error POST http://52.241.5.104:9200/wiki_full_l/_search?scroll=10m&size=2000 (<urlopen error [Errno 60] Operation timed out>) — retry 6/6 in 120s
2026-03-20 19:29:49,892 INFO Progress | batches=4932 | indexed=9,864,000/25,558,768 (38.6%) | failed=0 | rate=355/s | ETA=12:15:49
2026-03-20 19:30:04,898 INFO Progress | batches=4932 | indexed=9,864,000/25,558,768 (38.6%) | failed=0 | rate=355/s | ETA=12:16:12
2026-03-20 19:30:19,904 INFO Progress | batches=4932 | indexed=9,864,000/25,558,768 (38.6%) | failed=0 | rate=355/s | ETA=12:16:36
2026-03-20 19:30:34,912 INFO Progress | batches=4932 | indexed=9,864,000/25,558,768 (38.6%) | failed=0 | rate=355/s | ETA=12:17:00
2026-03-20 19:30:49,918 INFO Progress | batches=4932 | indexed=9,864,000/25,558,768 (38.6%) | failed=0 | rate=355/s | ETA=12:17:24
2026-03-20 19:31:04,922 INFO Progress | batches=4932 | indexed=9,864,000/25,558,768 (38.6%) | failed=0 | rate=355/s | ETA=12:17:48
2026-03-20 19:31:19,924 INFO Progress | batches=4932 | indexed=9,864,000/25,558,768 (38.6%) | failed=0 | rate=354/s | ETA=12:18:12
2026-03-20 19:31:34,927 INFO Progress | batches=4932 | indexed=9,864,000/25,558,768 (38.6%) | failed=0 | rate=354/s | ETA=12:18:36
2026-03-20 19:31:49,934 INFO Progress | batches=4932 | indexed=9,864,000/25,558,768 (38.6%) | failed=0 | rate=354/s | ETA=12:19:00
2026-03-20 19:32:04,941 INFO Progress | batches=4932 | indexed=9,864,000/25,558,768 (38.6%) | failed=0 | rate=354/s | ETA=12:19:23
2026-03-20 19:32:19,946 INFO Progress | batches=4932 | indexed=9,864,000/25,558,768 (38.6%) | failed=0 | rate=354/s | ETA=12:19:47
2026-03-20 19:32:34,951 INFO Progress | batches=4932 | indexed=9,864,000/25,558,768 (38.6%) | failed=0 | rate=353/s | ETA=12:20:11
2026-03-20 19:32:49,957 INFO Progress | batches=4932 | indexed=9,864,000/25,558,768 (38.6%) | failed=0 | rate=353/s | ETA=12:20:35
2026-03-20 19:32:57,182 WARNING Worker 1 error (attempt 2/3), retrying in 15s from wikipedia_id=22840325: Network error after 6 retries — POST http://52.241.5.104:9200/wiki_full_l/_search?scroll=10m&size=2000: <urlopen error [Errno 60] Operation timed out>
2026-03-20 19:32:57,182 WARNING Worker 2 error (attempt 2/3), retrying in 15s from wikipedia_id=22698879: Network error after 6 retries — POST http://52.241.5.104:9200/wiki_full_l/_search?scroll=10m&size=2000: <urlopen error [Errno 60] Operation timed out>
2026-03-20 19:32:57,183 WARNING Worker 3 error (attempt 2/3), retrying in 15s from wikipedia_id=22830155: Network error after 6 retries — POST http://52.241.5.104:9200/wiki_full_l/_search?scroll=10m&size=2000: <urlopen error [Errno 60] Operation timed out>
2026-03-20 19:32:57,184 WARNING Worker 0 error (attempt 2/3), retrying in 15s from wikipedia_id=22813525: Network error after 6 retries — POST http://52.241.5.104:9200/wiki_full_l/_search?scroll=10m&size=2000: <urlopen error [Errno 60] Operation timed out>
2026-03-20 19:33:04,964 INFO Progress | batches=4932 | indexed=9,864,000/25,558,768 (38.6%) | failed=0 | rate=353/s | ETA=12:20:59
2026-03-20 19:33:19,968 INFO Progress | batches=4932 | indexed=9,864,000/25,558,768 (38.6%) | failed=0 | rate=353/s | ETA=12:21:23
2026-03-20 19:33:34,977 INFO Progress | batches=4932 | indexed=9,864,000/25,558,768 (38.6%) | failed=0 | rate=353/s | ETA=12:21:47
2026-03-20 19:33:49,985 INFO Progress | batches=4932 | indexed=9,864,000/25,558,768 (38.6%) | failed=0 | rate=352/s | ETA=12:22:11
2026-03-20 19:34:04,991 INFO Progress | batches=4932 | indexed=9,864,000/25,558,768 (38.6%) | failed=0 | rate=352/s | ETA=12:22:34
2026-03-20 19:34:19,997 INFO Progress | batches=4932 | indexed=9,864,000/25,558,768 (38.6%) | failed=0 | rate=352/s | ETA=12:22:58
2026-03-20 19:34:27,199 WARNING Network error POST http://52.241.5.104:9200/wiki_full_l/_search?scroll=10m&size=2000 (<urlopen error [Errno 60] Operation timed out>) — retry 1/6 in 5s
2026-03-20 19:34:27,201 WARNING Network error POST http://52.241.5.104:9200/wiki_full_l/_search?scroll=10m&size=2000 (<urlopen error [Errno 60] Operation timed out>) — retry 1/6 in 5s
2026-03-20 19:34:27,201 WARNING Network error POST http://52.241.5.104:9200/wiki_full_l/_search?scroll=10m&size=2000 (<urlopen error [Errno 60] Operation timed out>) — retry 1/6 in 5s
2026-03-20 19:34:27,201 WARNING Network error POST http://52.241.5.104:9200/wiki_full_l/_search?scroll=10m&size=2000 (<urlopen error [Errno 60] Operation timed out>) — retry 1/6 in 5s
2026-03-20 19:34:35,003 INFO Progress | batches=4932 | indexed=9,864,000/25,558,768 (38.6%) | failed=0 | rate=352/s | ETA=12:23:22
2026-03-20 19:34:50,008 INFO Progress | batches=4932 | indexed=9,864,000/25,558,768 (38.6%) | failed=0 | rate=352/s | ETA=12:23:46
2026-03-20 19:35:05,018 INFO Progress | batches=4932 | indexed=9,864,000/25,558,768 (38.6%) | failed=0 | rate=352/s | ETA=12:24:10
2026-03-20 19:35:20,020 INFO Progress | batches=4932 | indexed=9,864,000/25,558,768 (38.6%) | failed=0 | rate=351/s | ETA=12:24:34
2026-03-20 19:35:35,026 INFO Progress | batches=4932 | indexed=9,864,000/25,558,768 (38.6%) | failed=0 | rate=351/s | ETA=12:24:58
2026-03-20 19:35:47,210 WARNING Network error POST http://52.241.5.104:9200/wiki_full_l/_search?scroll=10m&size=2000 (<urlopen error [Errno 60] Operation timed out>) — retry 2/6 in 15s
2026-03-20 19:35:47,210 WARNING Network error POST http://52.241.5.104:9200/wiki_full_l/_search?scroll=10m&size=2000 (<urlopen error [Errno 60] Operation timed out>) — retry 2/6 in 15s
2026-03-20 19:35:47,210 WARNING Network error POST http://52.241.5.104:9200/wiki_full_l/_search?scroll=10m&size=2000 (<urlopen error [Errno 60] Operation timed out>) — retry 2/6 in 15s
2026-03-20 19:35:47,211 WARNING Network error POST http://52.241.5.104:9200/wiki_full_l/_search?scroll=10m&size=2000 (<urlopen error [Errno 60] Operation timed out>) — retry 2/6 in 15s
2026-03-20 19:35:50,029 INFO Progress | batches=4932 | indexed=9,864,000/25,558,768 (38.6%) | failed=0 | rate=351/s | ETA=12:25:22
2026-03-20 19:36:05,031 INFO Progress | batches=4932 | indexed=9,864,000/25,558,768 (38.6%) | failed=0 | rate=351/s | ETA=12:25:45
2026-03-20 19:36:20,034 INFO Progress | batches=4932 | indexed=9,864,000/25,558,768 (38.6%) | failed=0 | rate=351/s | ETA=12:26:09
2026-03-20 19:36:35,040 INFO Progress | batches=4932 | indexed=9,864,000/25,558,768 (38.6%) | failed=0 | rate=350/s | ETA=12:26:33
2026-03-20 19:36:50,041 INFO Progress | batches=4932 | indexed=9,864,000/25,558,768 (38.6%) | failed=0 | rate=350/s | ETA=12:26:57
2026-03-20 19:37:05,042 INFO Progress | batches=4932 | indexed=9,864,000/25,558,768 (38.6%) | failed=0 | rate=350/s | ETA=12:27:21
2026-03-20 19:37:17,218 WARNING Network error POST http://52.241.5.104:9200/wiki_full_l/_search?scroll=10m&size=2000 (<urlopen error [Errno 60] Operation timed out>) — retry 3/6 in 30s
2026-03-20 19:37:17,218 WARNING Network error POST http://52.241.5.104:9200/wiki_full_l/_search?scroll=10m&size=2000 (<urlopen error [Errno 60] Operation timed out>) — retry 3/6 in 30s
2026-03-20 19:37:17,219 WARNING Network error POST http://52.241.5.104:9200/wiki_full_l/_search?scroll=10m&size=2000 (<urlopen error [Errno 60] Operation timed out>) — retry 3/6 in 30s
2026-03-20 19:37:17,219 WARNING Network error POST http://52.241.5.104:9200/wiki_full_l/_search?scroll=10m&size=2000 (<urlopen error [Errno 60] Operation timed out>) — retry 3/6 in 30s
2026-03-20 19:37:20,049 INFO Progress | batches=4932 | indexed=9,864,000/25,558,768 (38.6%) | failed=0 | rate=350/s | ETA=12:27:45
2026-03-20 19:37:35,056 INFO Progress | batches=4932 | indexed=9,864,000/25,558,768 (38.6%) | failed=0 | rate=350/s | ETA=12:28:09
2026-03-20 19:37:50,062 INFO Progress | batches=4932 | indexed=9,864,000/25,558,768 (38.6%) | failed=0 | rate=349/s | ETA=12:28:33
2026-03-20 19:38:05,069 INFO Progress | batches=4932 | indexed=9,864,000/25,558,768 (38.6%) | failed=0 | rate=349/s | ETA=12:28:56
2026-03-20 19:38:20,075 INFO Progress | batches=4932 | indexed=9,864,000/25,558,768 (38.6%) | failed=0 | rate=349/s | ETA=12:29:20
2026-03-20 19:38:35,080 INFO Progress | batches=4932 | indexed=9,864,000/25,558,768 (38.6%) | failed=0 | rate=349/s | ETA=12:29:44
2026-03-20 19:38:50,083 INFO Progress | batches=4932 | indexed=9,864,000/25,558,768 (38.6%) | failed=0 | rate=349/s | ETA=12:30:08
2026-03-20 19:39:02,228 WARNING Network error POST http://52.241.5.104:9200/wiki_full_l/_search?scroll=10m&size=2000 (<urlopen error [Errno 60] Operation timed out>) — retry 4/6 in 60s
2026-03-20 19:39:02,228 WARNING Network error POST http://52.241.5.104:9200/wiki_full_l/_search?scroll=10m&size=2000 (<urlopen error [Errno 60] Operation timed out>) — retry 4/6 in 60s
2026-03-20 19:39:02,228 WARNING Network error POST http://52.241.5.104:9200/wiki_full_l/_search?scroll=10m&size=2000 (<urlopen error [Errno 60] Operation timed out>) — retry 4/6 in 60s
2026-03-20 19:39:02,229 WARNING Network error POST http://52.241.5.104:9200/wiki_full_l/_search?scroll=10m&size=2000 (<urlopen error [Errno 60] Operation timed out>) — retry 4/6 in 60s
2026-03-20 19:39:05,089 INFO Progress | batches=4932 | indexed=9,864,000/25,558,768 (38.6%) | failed=0 | rate=349/s | ETA=12:30:32
2026-03-20 19:39:20,096 INFO Progress | batches=4932 | indexed=9,864,000/25,558,768 (38.6%) | failed=0 | rate=348/s | ETA=12:30:56
2026-03-20 19:39:35,103 INFO Progress | batches=4932 | indexed=9,864,000/25,558,768 (38.6%) | failed=0 | rate=348/s | ETA=12:31:20
2026-03-20 19:39:50,107 INFO Progress | batches=4932 | indexed=9,864,000/25,558,768 (38.6%) | failed=0 | rate=348/s | ETA=12:31:44
2026-03-20 19:40:05,110 INFO Progress | batches=4932 | indexed=9,864,000/25,558,768 (38.6%) | failed=0 | rate=348/s | ETA=12:32:07
2026-03-20 19:40:20,117 INFO Progress | batches=4932 | indexed=9,864,000/25,558,768 (38.6%) | failed=0 | rate=348/s | ETA=12:32:31
2026-03-20 19:40:35,124 INFO Progress | batches=4932 | indexed=9,864,000/25,558,768 (38.6%) | failed=0 | rate=347/s | ETA=12:32:55
2026-03-20 19:40:50,128 INFO Progress | batches=4932 | indexed=9,864,000/25,558,768 (38.6%) | failed=0 | rate=347/s | ETA=12:33:19
2026-03-20 19:41:05,135 INFO Progress | batches=4932 | indexed=9,864,000/25,558,768 (38.6%) | failed=0 | rate=347/s | ETA=12:33:43
2026-03-20 19:41:17,243 WARNING Network error POST http://52.241.5.104:9200/wiki_full_l/_search?scroll=10m&size=2000 (<urlopen error [Errno 60] Operation timed out>) — retry 5/6 in 120s
2026-03-20 19:41:17,244 WARNING Network error POST http://52.241.5.104:9200/wiki_full_l/_search?scroll=10m&size=2000 (<urlopen error [Errno 60] Operation timed out>) — retry 5/6 in 120s
2026-03-20 19:41:17,244 WARNING Network error POST http://52.241.5.104:9200/wiki_full_l/_search?scroll=10m&size=2000 (<urlopen error [Errno 60] Operation timed out>) — retry 5/6 in 120s
2026-03-20 19:41:17,244 WARNING Network error POST http://52.241.5.104:9200/wiki_full_l/_search?scroll=10m&size=2000 (<urlopen error [Errno 60] Operation timed out>) — retry 5/6 in 120s
2026-03-20 19:41:20,143 INFO Progress | batches=4932 | indexed=9,864,000/25,558,768 (38.6%) | failed=0 | rate=347/s | ETA=12:34:07
2026-03-20 19:41:35,149 INFO Progress | batches=4932 | indexed=9,864,000/25,558,768 (38.6%) | failed=0 | rate=347/s | ETA=12:34:31
2026-03-20 19:41:50,157 INFO Progress | batches=4932 | indexed=9,864,000/25,558,768 (38.6%) | failed=0 | rate=347/s | ETA=12:34:55
2026-03-20 19:42:05,164 INFO Progress | batches=4932 | indexed=9,864,000/25,558,768 (38.6%) | failed=0 | rate=346/s | ETA=12:35:18
2026-03-20 19:42:20,173 INFO Progress | batches=4932 | indexed=9,864,000/25,558,768 (38.6%) | failed=0 | rate=346/s | ETA=12:35:42
2026-03-20 19:42:35,181 INFO Progress | batches=4932 | indexed=9,864,000/25,558,768 (38.6%) | failed=0 | rate=346/s | ETA=12:36:06
2026-03-20 19:42:50,188 INFO Progress | batches=4932 | indexed=9,864,000/25,558,768 (38.6%) | failed=0 | rate=346/s | ETA=12:36:30
2026-03-20 19:43:05,194 INFO Progress | batches=4932 | indexed=9,864,000/25,558,768 (38.6%) | failed=0 | rate=346/s | ETA=12:36:54
2026-03-20 19:43:20,201 INFO Progress | batches=4932 | indexed=9,864,000/25,558,768 (38.6%) | failed=0 | rate=345/s | ETA=12:37:18
2026-03-20 19:43:35,208 INFO Progress | batches=4932 | indexed=9,864,000/25,558,768 (38.6%) | failed=0 | rate=345/s | ETA=12:37:42
2026-03-20 19:43:50,214 INFO Progress | batches=4932 | indexed=9,864,000/25,558,768 (38.6%) | failed=0 | rate=345/s | ETA=12:38:06
2026-03-20 19:44:05,219 INFO Progress | batches=4932 | indexed=9,864,000/25,558,768 (38.6%) | failed=0 | rate=345/s | ETA=12:38:29
2026-03-20 19:44:20,228 INFO Progress | batches=4932 | indexed=9,864,000/25,558,768 (38.6%) | failed=0 | rate=345/s | ETA=12:38:53
2026-03-20 19:44:32,256 WARNING Network error POST http://52.241.5.104:9200/wiki_full_l/_search?scroll=10m&size=2000 (<urlopen error [Errno 60] Operation timed out>) — retry 6/6 in 120s
2026-03-20 19:44:32,257 WARNING Network error POST http://52.241.5.104:9200/wiki_full_l/_search?scroll=10m&size=2000 (<urlopen error [Errno 60] Operation timed out>) — retry 6/6 in 120s
2026-03-20 19:44:32,257 WARNING Network error POST http://52.241.5.104:9200/wiki_full_l/_search?scroll=10m&size=2000 (<urlopen error [Errno 60] Operation timed out>) — retry 6/6 in 120s
2026-03-20 19:44:32,257 WARNING Network error POST http://52.241.5.104:9200/wiki_full_l/_search?scroll=10m&size=2000 (<urlopen error [Errno 60] Operation timed out>) — retry 6/6 in 120s
2026-03-20 19:44:35,237 INFO Progress | batches=4932 | indexed=9,864,000/25,558,768 (38.6%) | failed=0 | rate=345/s | ETA=12:39:17
2026-03-20 19:44:50,240 INFO Progress | batches=4932 | indexed=9,864,000/25,558,768 (38.6%) | failed=0 | rate=344/s | ETA=12:39:41
2026-03-20 19:45:05,247 INFO Progress | batches=4932 | indexed=9,864,000/25,558,768 (38.6%) | failed=0 | rate=344/s | ETA=12:40:05
2026-03-20 19:45:20,250 INFO Progress | batches=4932 | indexed=9,864,000/25,558,768 (38.6%) | failed=0 | rate=344/s | ETA=12:40:29
2026-03-20 19:45:35,255 INFO Progress | batches=4932 | indexed=9,864,000/25,558,768 (38.6%) | failed=0 | rate=344/s | ETA=12:40:53
2026-03-20 19:45:50,258 INFO Progress | batches=4932 | indexed=9,864,000/25,558,768 (38.6%) | failed=0 | rate=344/s | ETA=12:41:17
2026-03-20 19:46:05,263 INFO Progress | batches=4932 | indexed=9,864,000/25,558,768 (38.6%) | failed=0 | rate=343/s | ETA=12:41:40
2026-03-20 19:46:20,283 INFO Progress | batches=4932 | indexed=9,864,000/25,558,768 (38.6%) | failed=0 | rate=343/s | ETA=12:42:04
2026-03-20 19:46:35,286 INFO Progress | batches=4932 | indexed=9,864,000/25,558,768 (38.6%) | failed=0 | rate=343/s | ETA=12:42:28
2026-03-20 19:46:50,304 INFO Progress | batches=4932 | indexed=9,864,000/25,558,768 (38.6%) | failed=0 | rate=343/s | ETA=12:42:52
2026-03-20 19:47:05,315 INFO Progress | batches=4932 | indexed=9,864,000/25,558,768 (38.6%) | failed=0 | rate=343/s | ETA=12:43:16
2026-03-20 19:47:20,344 INFO Progress | batches=4932 | indexed=9,864,000/25,558,768 (38.6%) | failed=0 | rate=343/s | ETA=12:43:40
2026-03-20 19:47:35,350 INFO Progress | batches=4932 | indexed=9,864,000/25,558,768 (38.6%) | failed=0 | rate=342/s | ETA=12:44:04
2026-03-20 19:47:47,274 WARNING Worker 0 error (attempt 3/3), retrying in 30s from wikipedia_id=22813525: Network error after 6 retries — POST http://52.241.5.104:9200/wiki_full_l/_search?scroll=10m&size=2000: <urlopen error [Errno 60] Operation timed out>
2026-03-20 19:47:47,277 WARNING Worker 2 error (attempt 3/3), retrying in 30s from wikipedia_id=22698879: Network error after 6 retries — POST http://52.241.5.104:9200/wiki_full_l/_search?scroll=10m&size=2000: <urlopen error [Errno 60] Operation timed out>
2026-03-20 19:47:47,277 WARNING Worker 3 error (attempt 3/3), retrying in 30s from wikipedia_id=22830155: Network error after 6 retries — POST http://52.241.5.104:9200/wiki_full_l/_search?scroll=10m&size=2000: <urlopen error [Errno 60] Operation timed out>
2026-03-20 19:47:47,278 WARNING Worker 1 error (attempt 3/3), retrying in 30s from wikipedia_id=22840325: Network error after 6 retries — POST http://52.241.5.104:9200/wiki_full_l/_search?scroll=10m&size=2000: <urlopen error [Errno 60] Operation timed out>
2026-03-20 19:47:50,357 INFO Progress | batches=4932 | indexed=9,864,000/25,558,768 (38.6%) | failed=0 | rate=342/s | ETA=12:44:28
2026-03-20 19:48:05,362 INFO Progress | batches=4932 | indexed=9,864,000/25,558,768 (38.6%) | failed=0 | rate=342/s | ETA=12:44:52
2026-03-20 19:48:20,368 INFO Progress | batches=4932 | indexed=9,864,000/25,558,768 (38.6%) | failed=0 | rate=342/s | ETA=12:45:15
2026-03-20 19:48:35,374 INFO Progress | batches=4932 | indexed=9,864,000/25,558,768 (38.6%) | failed=0 | rate=342/s | ETA=12:45:39
2026-03-20 19:48:50,380 INFO Progress | batches=4932 | indexed=9,864,000/25,558,768 (38.6%) | failed=0 | rate=341/s | ETA=12:46:03
2026-03-20 19:49:05,388 INFO Progress | batches=4932 | indexed=9,864,000/25,558,768 (38.6%) | failed=0 | rate=341/s | ETA=12:46:27
2026-03-20 19:49:20,394 INFO Progress | batches=4932 | indexed=9,864,000/25,558,768 (38.6%) | failed=0 | rate=341/s | ETA=12:46:51
2026-03-20 19:49:32,291 WARNING Network error POST http://52.241.5.104:9200/wiki_full_l/_search?scroll=10m&size=2000 (<urlopen error [Errno 60] Operation timed out>) — retry 1/6 in 5s
2026-03-20 19:49:32,292 WARNING Network error POST http://52.241.5.104:9200/wiki_full_l/_search?scroll=10m&size=2000 (<urlopen error [Errno 60] Operation timed out>) — retry 1/6 in 5s
2026-03-20 19:49:32,292 WARNING Network error POST http://52.241.5.104:9200/wiki_full_l/_search?scroll=10m&size=2000 (<urlopen error [Errno 60] Operation timed out>) — retry 1/6 in 5s
2026-03-20 19:49:32,293 WARNING Network error POST http://52.241.5.104:9200/wiki_full_l/_search?scroll=10m&size=2000 (<urlopen error [Errno 60] Operation timed out>) — retry 1/6 in 5s
2026-03-20 19:49:35,400 INFO Progress | batches=4932 | indexed=9,864,000/25,558,768 (38.6%) | failed=0 | rate=341/s | ETA=12:47:15
2026-03-20 19:49:50,405 INFO Progress | batches=4932 | indexed=9,864,000/25,558,768 (38.6%) | failed=0 | rate=341/s | ETA=12:47:39
2026-03-20 19:50:05,411 INFO Progress | batches=4932 | indexed=9,864,000/25,558,768 (38.6%) | failed=0 | rate=341/s | ETA=12:48:03
2026-03-20 19:50:20,412 INFO Progress | batches=4932 | indexed=9,864,000/25,558,768 (38.6%) | failed=0 | rate=340/s | ETA=12:48:26
2026-03-20 19:50:35,415 INFO Progress | batches=4932 | indexed=9,864,000/25,558,768 (38.6%) | failed=0 | rate=340/s | ETA=12:48:50
2026-03-20 19:50:50,421 INFO Progress | batches=4932 | indexed=9,864,000/25,558,768 (38.6%) | failed=0 | rate=340/s | ETA=12:49:14
2026-03-20 19:50:52,298 WARNING Network error POST http://52.241.5.104:9200/wiki_full_l/_search?scroll=10m&size=2000 (<urlopen error [Errno 60] Operation timed out>) — retry 2/6 in 15s
2026-03-20 19:50:52,298 WARNING Network error POST http://52.241.5.104:9200/wiki_full_l/_search?scroll=10m&size=2000 (<urlopen error [Errno 60] Operation timed out>) — retry 2/6 in 15s
2026-03-20 19:50:52,298 WARNING Network error POST http://52.241.5.104:9200/wiki_full_l/_search?scroll=10m&size=2000 (<urlopen error [Errno 60] Operation timed out>) — retry 2/6 in 15s
2026-03-20 19:50:52,298 WARNING Network error POST http://52.241.5.104:9200/wiki_full_l/_search?scroll=10m&size=2000 (<urlopen error [Errno 60] Operation timed out>) — retry 2/6 in 15s
2026-03-20 19:51:05,426 INFO Progress | batches=4932 | indexed=9,864,000/25,558,768 (38.6%) | failed=0 | rate=340/s | ETA=12:49:38
2026-03-20 19:51:20,432 INFO Progress | batches=4932 | indexed=9,864,000/25,558,768 (38.6%) | failed=0 | rate=340/s | ETA=12:50:02
2026-03-20 19:51:35,435 INFO Progress | batches=4932 | indexed=9,864,000/25,558,768 (38.6%) | failed=0 | rate=340/s | ETA=12:50:26
2026-03-20 19:51:50,437 INFO Progress | batches=4932 | indexed=9,864,000/25,558,768 (38.6%) | failed=0 | rate=339/s | ETA=12:50:50
2026-03-20 19:52:05,441 INFO Progress | batches=4932 | indexed=9,864,000/25,558,768 (38.6%) | failed=0 | rate=339/s | ETA=12:51:14
2026-03-20 19:52:20,443 INFO Progress | batches=4932 | indexed=9,864,000/25,558,768 (38.6%) | failed=0 | rate=339/s | ETA=12:51:37
2026-03-20 19:52:22,302 WARNING Network error POST http://52.241.5.104:9200/wiki_full_l/_search?scroll=10m&size=2000 (<urlopen error [Errno 60] Operation timed out>) — retry 3/6 in 30s
2026-03-20 19:52:22,303 WARNING Network error POST http://52.241.5.104:9200/wiki_full_l/_search?scroll=10m&size=2000 (<urlopen error [Errno 60] Operation timed out>) — retry 3/6 in 30s
2026-03-20 19:52:22,305 WARNING Network error POST http://52.241.5.104:9200/wiki_full_l/_search?scroll=10m&size=2000 (<urlopen error [Errno 60] Operation timed out>) — retry 3/6 in 30s
2026-03-20 19:52:22,305 WARNING Network error POST http://52.241.5.104:9200/wiki_full_l/_search?scroll=10m&size=2000 (<urlopen error [Errno 60] Operation timed out>) — retry 3/6 in 30s
2026-03-20 19:52:35,450 INFO Progress | batches=4932 | indexed=9,864,000/25,558,768 (38.6%) | failed=0 | rate=339/s | ETA=12:52:01
2026-03-20 19:52:50,451 INFO Progress | batches=4932 | indexed=9,864,000/25,558,768 (38.6%) | failed=0 | rate=339/s | ETA=12:52:25
2026-03-20 19:53:05,457 INFO Progress | batches=4932 | indexed=9,864,000/25,558,768 (38.6%) | failed=0 | rate=338/s | ETA=12:52:49
2026-03-20 19:53:20,461 INFO Progress | batches=4932 | indexed=9,864,000/25,558,768 (38.6%) | failed=0 | rate=338/s | ETA=12:53:13
2026-03-20 19:53:35,468 INFO Progress | batches=4932 | indexed=9,864,000/25,558,768 (38.6%) | failed=0 | rate=338/s | ETA=12:53:37
2026-03-20 19:53:50,474 INFO Progress | batches=4932 | indexed=9,864,000/25,558,768 (38.6%) | failed=0 | rate=338/s | ETA=12:54:01
2026-03-20 19:54:05,478 INFO Progress | batches=4932 | indexed=9,864,000/25,558,768 (38.6%) | failed=0 | rate=338/s | ETA=12:54:25
2026-03-20 19:54:07,311 WARNING Network error POST http://52.241.5.104:9200/wiki_full_l/_search?scroll=10m&size=2000 (<urlopen error [Errno 60] Operation timed out>) — retry 4/6 in 60s
2026-03-20 19:54:07,312 WARNING Network error POST http://52.241.5.104:9200/wiki_full_l/_search?scroll=10m&size=2000 (<urlopen error [Errno 60] Operation timed out>) — retry 4/6 in 60s
2026-03-20 19:54:07,312 WARNING Network error POST http://52.241.5.104:9200/wiki_full_l/_search?scroll=10m&size=2000 (<urlopen error [Errno 60] Operation timed out>) — retry 4/6 in 60s
2026-03-20 19:54:07,312 WARNING Network error POST http://52.241.5.104:9200/wiki_full_l/_search?scroll=10m&size=2000 (<urlopen error [Errno 60] Operation timed out>) — retry 4/6 in 60s
2026-03-20 19:54:20,484 INFO Progress | batches=4932 | indexed=9,864,000/25,558,768 (38.6%) | failed=0 | rate=338/s | ETA=12:54:48
2026-03-20 19:54:35,491 INFO Progress | batches=4932 | indexed=9,864,000/25,558,768 (38.6%) | failed=0 | rate=337/s | ETA=12:55:12
2026-03-20 19:54:50,495 INFO Progress | batches=4932 | indexed=9,864,000/25,558,768 (38.6%) | failed=0 | rate=337/s | ETA=12:55:36
2026-03-20 19:55:05,499 INFO Progress | batches=4932 | indexed=9,864,000/25,558,768 (38.6%) | failed=0 | rate=337/s | ETA=12:56:00
2026-03-20 19:55:20,505 INFO Progress | batches=4932 | indexed=9,864,000/25,558,768 (38.6%) | failed=0 | rate=337/s | ETA=12:56:24
2026-03-20 19:55:35,510 INFO Progress | batches=4932 | indexed=9,864,000/25,558,768 (38.6%) | failed=0 | rate=337/s | ETA=12:56:48
2026-03-20 19:55:50,512 INFO Progress | batches=4932 | indexed=9,864,000/25,558,768 (38.6%) | failed=0 | rate=337/s | ETA=12:57:12
2026-03-20 19:56:05,517 INFO Progress | batches=4932 | indexed=9,864,000/25,558,768 (38.6%) | failed=0 | rate=336/s | ETA=12:57:36
2026-03-20 19:56:20,523 INFO Progress | batches=4932 | indexed=9,864,000/25,558,768 (38.6%) | failed=0 | rate=336/s | ETA=12:57:59
2026-03-20 19:56:22,324 WARNING Network error POST http://52.241.5.104:9200/wiki_full_l/_search?scroll=10m&size=2000 (<urlopen error [Errno 60] Operation timed out>) — retry 5/6 in 120s
2026-03-20 19:56:22,324 WARNING Network error POST http://52.241.5.104:9200/wiki_full_l/_search?scroll=10m&size=2000 (<urlopen error [Errno 60] Operation timed out>) — retry 5/6 in 120s
2026-03-20 19:56:22,324 WARNING Network error POST http://52.241.5.104:9200/wiki_full_l/_search?scroll=10m&size=2000 (<urlopen error [Errno 60] Operation timed out>) — retry 5/6 in 120s
2026-03-20 19:56:22,324 WARNING Network error POST http://52.241.5.104:9200/wiki_full_l/_search?scroll=10m&size=2000 (<urlopen error [Errno 60] Operation timed out>) — retry 5/6 in 120s
2026-03-20 19:56:35,530 INFO Progress | batches=4932 | indexed=9,864,000/25,558,768 (38.6%) | failed=0 | rate=336/s | ETA=12:58:23
2026-03-20 19:56:50,535 INFO Progress | batches=4932 | indexed=9,864,000/25,558,768 (38.6%) | failed=0 | rate=336/s | ETA=12:58:47
2026-03-20 19:57:05,541 INFO Progress | batches=4932 | indexed=9,864,000/25,558,768 (38.6%) | failed=0 | rate=336/s | ETA=12:59:11
2026-03-20 19:57:20,543 INFO Progress | batches=4932 | indexed=9,864,000/25,558,768 (38.6%) | failed=0 | rate=336/s | ETA=12:59:35
2026-03-20 19:57:35,549 INFO Progress | batches=4932 | indexed=9,864,000/25,558,768 (38.6%) | failed=0 | rate=335/s | ETA=12:59:59
2026-03-20 19:57:50,556 INFO Progress | batches=4932 | indexed=9,864,000/25,558,768 (38.6%) | failed=0 | rate=335/s | ETA=13:00:23
2026-03-20 19:58:05,562 INFO Progress | batches=4932 | indexed=9,864,000/25,558,768 (38.6%) | failed=0 | rate=335/s | ETA=13:00:47
2026-03-20 19:58:20,569 INFO Progress | batches=4932 | indexed=9,864,000/25,558,768 (38.6%) | failed=0 | rate=335/s | ETA=13:01:10
2026-03-20 19:58:35,576 INFO Progress | batches=4932 | indexed=9,864,000/25,558,768 (38.6%) | failed=0 | rate=335/s | ETA=13:01:34
2026-03-20 19:58:50,583 INFO Progress | batches=4932 | indexed=9,864,000/25,558,768 (38.6%) | failed=0 | rate=335/s | ETA=13:01:58
2026-03-20 19:59:05,585 INFO Progress | batches=4932 | indexed=9,864,000/25,558,768 (38.6%) | failed=0 | rate=334/s | ETA=13:02:22
2026-03-20 19:59:20,590 INFO Progress | batches=4932 | indexed=9,864,000/25,558,768 (38.6%) | failed=0 | rate=334/s | ETA=13:02:46
2026-03-20 19:59:35,596 INFO Progress | batches=4932 | indexed=9,864,000/25,558,768 (38.6%) | failed=0 | rate=334/s | ETA=13:03:10
2026-03-20 19:59:37,385 WARNING Network error POST http://52.241.5.104:9200/wiki_full_l/_search?scroll=10m&size=2000 (<urlopen error [Errno 60] Operation timed out>) — retry 6/6 in 120s
2026-03-20 19:59:37,386 WARNING Network error POST http://52.241.5.104:9200/wiki_full_l/_search?scroll=10m&size=2000 (<urlopen error [Errno 60] Operation timed out>) — retry 6/6 in 120s
2026-03-20 19:59:37,386 WARNING Network error POST http://52.241.5.104:9200/wiki_full_l/_search?scroll=10m&size=2000 (<urlopen error [Errno 60] Operation timed out>) — retry 6/6 in 120s
2026-03-20 19:59:37,386 WARNING Network error POST http://52.241.5.104:9200/wiki_full_l/_search?scroll=10m&size=2000 (<urlopen error [Errno 60] Operation timed out>) — retry 6/6 in 120s
2026-03-20 19:59:50,602 INFO Progress | batches=4932 | indexed=9,864,000/25,558,768 (38.6%) | failed=0 | rate=334/s | ETA=13:03:34
2026-03-20 20:00:05,607 INFO Progress | batches=4932 | indexed=9,864,000/25,558,768 (38.6%) | failed=0 | rate=334/s | ETA=13:03:58
2026-03-20 20:00:20,610 INFO Progress | batches=4932 | indexed=9,864,000/25,558,768 (38.6%) | failed=0 | rate=333/s | ETA=13:04:21
2026-03-20 20:00:35,616 INFO Progress | batches=4932 | indexed=9,864,000/25,558,768 (38.6%) | failed=0 | rate=333/s | ETA=13:04:45
2026-03-20 20:00:50,621 INFO Progress | batches=4932 | indexed=9,864,000/25,558,768 (38.6%) | failed=0 | rate=333/s | ETA=13:05:09
2026-03-20 20:01:05,625 INFO Progress | batches=4932 | indexed=9,864,000/25,558,768 (38.6%) | failed=0 | rate=333/s | ETA=13:05:33
2026-03-20 20:01:20,626 INFO Progress | batches=4932 | indexed=9,864,000/25,558,768 (38.6%) | failed=0 | rate=333/s | ETA=13:05:57
2026-03-20 20:01:35,631 INFO Progress | batches=4932 | indexed=9,864,000/25,558,768 (38.6%) | failed=0 | rate=333/s | ETA=13:06:21
2026-03-20 20:01:50,637 INFO Progress | batches=4932 | indexed=9,864,000/25,558,768 (38.6%) | failed=0 | rate=332/s | ETA=13:06:45
2026-03-20 20:02:05,643 INFO Progress | batches=4932 | indexed=9,864,000/25,558,768 (38.6%) | failed=0 | rate=332/s | ETA=13:07:09
2026-03-20 20:02:20,648 INFO Progress | batches=4932 | indexed=9,864,000/25,558,768 (38.6%) | failed=0 | rate=332/s | ETA=13:07:32
2026-03-20 20:02:35,651 INFO Progress | batches=4932 | indexed=9,864,000/25,558,768 (38.6%) | failed=0 | rate=332/s | ETA=13:07:56
2026-03-20 20:02:50,657 INFO Progress | batches=4932 | indexed=9,864,000/25,558,768 (38.6%) | failed=0 | rate=332/s | ETA=13:08:20
2026-03-20 20:02:52,394 ERROR Worker 1 failed after 3 retries: Network error after 6 retries — POST http://52.241.5.104:9200/wiki_full_l/_search?scroll=10m&size=2000: <urlopen error [Errno 60] Operation timed out>
2026-03-20 20:02:52,395 ERROR Worker 2 failed after 3 retries: Network error after 6 retries — POST http://52.241.5.104:9200/wiki_full_l/_search?scroll=10m&size=2000: <urlopen error [Errno 60] Operation timed out>
2026-03-20 20:02:52,395 ERROR Worker 3 failed after 3 retries: Network error after 6 retries — POST http://52.241.5.104:9200/wiki_full_l/_search?scroll=10m&size=2000: <urlopen error [Errno 60] Operation timed out>
2026-03-20 20:02:52,400 ERROR Worker 0 failed after 3 retries: Network error after 6 retries — POST http://52.241.5.104:9200/wiki_full_l/_search?scroll=10m&size=2000: <urlopen error [Errno 60] Operation timed out>
2026-03-20 20:02:52,402 ERROR Worker 1 raised: Network error after 6 retries — POST http://52.241.5.104:9200/wiki_full_l/_search?scroll=10m&size=2000: <urlopen error [Errno 60] Operation timed out>
2026-03-20 20:02:52,403 ERROR Worker 2 raised: Network error after 6 retries — POST http://52.241.5.104:9200/wiki_full_l/_search?scroll=10m&size=2000: <urlopen error [Errno 60] Operation timed out>
2026-03-20 20:02:52,403 ERROR Worker 3 raised: Network error after 6 retries — POST http://52.241.5.104:9200/wiki_full_l/_search?scroll=10m&size=2000: <urlopen error [Errno 60] Operation timed out>
2026-03-20 20:02:52,403 ERROR Worker 0 raised: Network error after 6 retries — POST http://52.241.5.104:9200/wiki_full_l/_search?scroll=10m&size=2000: <urlopen error [Errno 60] Operation timed out>
2026-03-20 20:02:52,479 INFO Transfer complete. local=15,390,258/25,558,768 | failed=0 | time=8:15:29
2026-03-20 20:02:52,479 WARNING 10168510 docs missing. Re-run to resume from checkpoint.
